Order_ID,Order_Date,Customer_ID,Product_ID,Product_Category,Quantity,Sales,Discount,Profit,Region,Customer_Type,Payment_Mode
ORD-2023-11952,2023-01-01,CUST-0186,TEC-HD-1006,Technology,1,110.0,0.0,40.0,North,Consumer,Credit Card
ORD-2023-12586,2023-01-01,CUST-0325,OFF-LA-3006,Office Supplies,1,15.0,0.0,8.0,North,Corporate,Debit Card
ORD-2023-13164,2023-01-01,CUST-0532,TEC-LP-1002,Technology,3,3600.0,0.0,900.0,West,Consumer,Debit Card
ORD-2023-14230,2023-01-01,CUST-0559,TEC-PH-1001,Technology,1,807.5,0.05,207.5,South,Corporate,UPI
ORD-2023-14734,2023-01-01,CUST-0330,OFF-AP-3004,Office Supplies,4,238.0,0.3,18.0,Central,Consumer,Debit Card
ORD-2023-15074,2023-01-01,CUST-0058,OFF-BI-3002,Office Supplies,1,11.4,0.05,6.4,East,Consumer,Credit Card
ORD-2023-15126,2023-01-01,CUST-0499,OFF-BI-3002,Office Supplies,3,34.2,0.05,19.2,East,Corporate,Credit Card
ORD-2024-10771,2023-01-01,CUST-0182,OFF-PA-3001,Office Supplies,1,14.4,0.2,5.4,Central,Corporate,Debit Card
ORD-2024-12617,2023-01-01,CUST-0485,OFF-PA-3001,Office Supplies,1,14.4,0.2,5.4,East,Small Business,UPI
ORD-2024-13139,2023-01-01,CUST-0507,TEC-HD-1006,Technology,1,99.0,0.1,29.0,Central,Consumer,Debit Card
ORD-2024-14459,2023-01-01,CUST-0400,FUR-DS-2004,Furniture,1,256.0,0.2,-4.0,Central,Small Business,UPI
ORD-2024-15081,2023-01-01,CUST-0430,OFF-EN-3005,Office Supplies,1,7.2,0.1,4.2,North,Consumer,Credit Card
ORD-2023-10130,2023-01-02,CUST-0385,OFF-LA-3006,Office Supplies,1,15.0,0.0,8.0,East,Corporate,Debit Card
ORD-2023-10472,2023-01-02,CUST-0566,TEC-AC-1004,Technology,1,38.25,0.15,16.25,North,Consumer,UPI
ORD-2023-12870,2023-01-02,CUST-0095,FUR-SF-2005,Furniture,4,2340.0,0.1,140.0,North,Consumer,Cash on Delivery
ORD-2023-12926,2023-01-02,CUST-0642,TEC-HD-1006,Technology,1,110.0,0.0,40.0,West,Consumer,Debit Card
ORD-2023-15004,2023-01-02,CUST-0574,TEC-PH-1001,Technology,4,3230.0,0.05,830.0,North,Consumer,UPI
ORD-2024-11489,2023-01-02,CUST-0347,FUR-BK-2003,Furniture,1,198.0,0.1,23.0,South,Consumer,Debit Card
ORD-2024-12241,2023-01-02,CUST-0422,OFF-EN-3005,Office Supplies,5,40.0,0.0,25.0,West,Consumer,Debit Card
ORD-2024-13297,2023-01-02,CUST-0003,TEC-PH-1001,Technology,1,850.0,0.0,250.0,West,Consumer,Credit Card
ORD-2023-13058,2023-01-03,CUST-0647,FUR-CH-2001,Furniture,1,162.0,0.1,22.0,North,Consumer,UPI
ORD-2023-13524,2023-01-03,CUST-0461,FUR-BK-2003,Furniture,2,440.0,0.0,90.0,South,Consumer,Net Banking
ORD-2023-14428,2023-01-03,CUST-0063,TEC-HD-1006,Technology,2,187.0,0.15,47.0,East,Corporate,Debit Card
ORD-2024-10117,2023-01-03,CUST-0451,FUR-TB-2002,Furniture,1,405.0,0.1,15.0,East,Small Business,UPI
ORD-2024-10605,2023-01-03,CUST-0277,OFF-PA-3001,Office Supplies,2,36.0,0.0,18.0,South,Corporate,Debit Card
ORD-2024-12375,2023-01-03,CUST-0197,OFF-PA-3001,Office Supplies,2,34.2,0.05,16.2,East,Consumer,Credit Card
ORD-2024-12945,2023-01-03,CUST-0321,FUR-TB-2002,Furniture,4,1260.0,0.3,-300.0,East,Consumer,UPI
ORD-2023-11104,2023-01-04,CUST-0292,TEC-AC-1004,Technology,4,180.0,0.0,92.0,North,Consumer,UPI
ORD-2023-12170,2023-01-04,CUST-0207,TEC-MN-1003,Technology,1,225.0,0.25,15.0,West,Corporate,Credit Card
ORD-2023-12418,2023-01-04,CUST-0508,OFF-ST-3003,Office Supplies,2,47.5,0.05,19.5,East,Small Business,Debit Card
ORD-2023-14276,2023-01-04,CUST-0183,FUR-DS-2004,Furniture,3,864.0,0.1,84.0,East,Consumer,Credit Card
ORD-2023-15168,2023-01-04,CUST-0543,TEC-PR-1005,Technology,1,237.5,0.05,47.5,East,Consumer,Credit Card
ORD-2024-10519,2023-01-04,CUST-0507,OFF-EN-3005,Office Supplies,4,30.4,0.05,18.4,Central,Consumer,Cash on Delivery
ORD-2024-11377,2023-01-04,CUST-0302,OFF-PA-3001,Office Supplies,2,36.0,0.0,18.0,South,Corporate,Debit Card
ORD-2024-12839,2023-01-04,CUST-0305,OFF-BI-3002,Office Supplies,1,12.0,0.0,7.0,Central,Corporate,Debit Card
ORD-2024-14715,2023-01-04,CUST-0111,FUR-SF-2005,Furniture,2,1170.0,0.1,70.0,West,Consumer,Net Banking
ORD-2024-14851,2023-01-04,CUST-0389,OFF-AP-3004,Office Supplies,1,76.5,0.1,21.5,West,Consumer,UPI
ORD-2024-15417,2023-01-04,CUST-0205,FUR-BK-2003,Furniture,2,396.0,0.1,46.0,North,Corporate,Net Banking
ORD-2023-13674,2023-01-05,CUST-0332,TEC-HD-1006,Technology,1,104.5,0.05,34.5,South,Corporate,Net Banking
ORD-2023-14634,2023-01-05,CUST-0605,FUR-SF-2005,Furniture,2,1300.0,0.0,200.0,West,Consumer,UPI
ORD-2023-15202,2023-01-05,CUST-0486,OFF-LA-3006,Office Supplies,3,36.0,0.2,15.0,East,Small Business,Credit Card
ORD-2024-14451,2023-01-05,CUST-0237,FUR-TB-2002,Furniture,8,2880.0,0.2,-240.0,East,Consumer,Credit Card
ORD-2024-15419,2023-01-05,CUST-0628,FUR-DS-2004,Furniture,1,288.0,0.1,28.0,East,Small Business,Debit Card
ORD-2023-10630,2023-01-06,CUST-0142,FUR-SF-2005,Furniture,1,390.0,0.4,-160.0,North,Consumer,UPI
ORD-2023-11152,2023-01-06,CUST-0501,OFF-BI-3002,Office Supplies,1,12.0,0.0,7.0,South,Corporate,Net Banking
ORD-2023-12436,2023-01-06,CUST-0493,FUR-CH-2001,Furniture,1,162.0,0.1,22.0,West,Corporate,Credit Card
ORD-2024-11119,2023-01-06,CUST-0283,TEC-PR-1005,Technology,2,475.0,0.05,95.0,East,Consumer,Debit Card
ORD-2024-11873,2023-01-06,CUST-0345,OFF-BI-3002,Office Supplies,4,48.0,0.0,28.0,North,Consumer,UPI
ORD-2024-13877,2023-01-06,CUST-0498,TEC-HD-1006,Technology,5,522.5,0.05,172.5,West,Consumer,Credit Card
ORD-2023-13182,2023-01-07,CUST-0116,OFF-PA-3001,Office Supplies,3,51.3,0.05,24.3,East,Corporate,Debit Card
ORD-2023-13576,2023-01-07,CUST-0288,TEC-AC-1004,Technology,3,135.0,0.0,69.0,East,Consumer,UPI
ORD-2023-14876,2023-01-07,CUST-0402,FUR-BK-2003,Furniture,8,1232.0,0.3,-168.0,East,Consumer,Net Banking
ORD-2024-10365,2023-01-07,CUST-0019,FUR-BK-2003,Furniture,1,198.0,0.1,23.0,Central,Corporate,UPI
ORD-2024-10389,2023-01-07,CUST-0464,FUR-SF-2005,Furniture,1,390.0,0.4,-160.0,North,Consumer,UPI
ORD-2024-11985,2023-01-07,CUST-0011,OFF-ST-3003,Office Supplies,1,22.5,0.1,8.5,North,Corporate,Credit Card
ORD-2024-14493,2023-01-07,CUST-0060,TEC-HD-1006,Technology,2,220.0,0.0,80.0,Central,Consumer,Net Banking
ORD-2024-15355,2023-01-07,CUST-0347,FUR-CH-2001,Furniture,3,378.0,0.3,-42.0,South,Consumer,Credit Card
ORD-2023-14198,2023-01-08,CUST-0300,TEC-MN-1003,Technology,2,600.0,0.0,180.0,North,Small Business,Credit Card
ORD-2023-15088,2023-01-08,CUST-0586,FUR-CH-2001,Furniture,1,144.0,0.2,4.0,Central,Corporate,Credit Card
ORD-2024-12419,2023-01-08,CUST-0077,TEC-AC-1004,Technology,5,225.0,0.0,115.0,East,Small Business,Debit Card
ORD-2024-13887,2023-01-08,CUST-0111,OFF-PA-3001,Office Supplies,1,17.1,0.05,8.1,West,Consumer,Debit Card
ORD-2024-14737,2023-01-08,CUST-0338,TEC-MN-1003,Technology,1,300.0,0.0,90.0,Central,Small Business,Debit Card
ORD-2024-14739,2023-01-08,CUST-0253,TEC-AC-1004,Technology,2,81.0,0.1,37.0,East,Corporate,Debit Card
ORD-2023-12924,2023-01-09,CUST-0270,TEC-HD-1006,Technology,1,104.5,0.05,34.5,South,Small Business,Credit Card
ORD-2023-13242,2023-01-09,CUST-0206,OFF-LA-3006,Office Supplies,4,60.0,0.0,32.0,North,Small Business,Credit Card
ORD-2023-14040,2023-01-09,CUST-0145,OFF-LA-3006,Office Supplies,1,13.5,0.1,6.5,North,Corporate,Credit Card
ORD-2023-15128,2023-01-09,CUST-0204,TEC-MN-1003,Technology,2,600.0,0.0,180.0,North,Corporate,Net Banking
ORD-2024-12957,2023-01-09,CUST-0160,TEC-PR-1005,Technology,1,250.0,0.0,60.0,Central,Corporate,Debit Card
ORD-2024-13463,2023-01-09,CUST-0329,OFF-BI-3002,Office Supplies,1,11.4,0.05,6.4,East,Corporate,UPI
ORD-2023-10746,2023-01-10,CUST-0575,TEC-PH-1001,Technology,2,1700.0,0.0,500.0,North,Consumer,Debit Card
ORD-2023-14892,2023-01-11,CUST-0125,FUR-BK-2003,Furniture,4,704.0,0.2,4.0,East,Consumer,Debit Card
ORD-2024-15309,2023-01-11,CUST-0561,OFF-BI-3002,Office Supplies,3,34.2,0.05,19.2,Central,Consumer,Credit Card
ORD-2024-15445,2023-01-11,CUST-0600,FUR-TB-2002,Furniture,1,360.0,0.2,-30.0,South,Consumer,Net Banking
ORD-2023-15026,2023-01-12,CUST-0605,TEC-AC-1004,Technology,1,38.25,0.15,16.25,North,Consumer,UPI
ORD-2024-10597,2023-01-12,CUST-0345,TEC-MN-1003,Technology,3,855.0,0.05,225.0,South,Consumer,Net Banking
ORD-2024-12281,2023-01-12,CUST-0009,FUR-BK-2003,Furniture,4,880.0,0.0,180.0,West,Consumer,Credit Card
ORD-2024-13503,2023-01-12,CUST-0028,OFF-BI-3002,Office Supplies,1,11.4,0.05,6.4,South,Corporate,Debit Card
ORD-2024-15109,2023-01-12,CUST-0310,TEC-LP-1002,Technology,1,1200.0,0.0,300.0,Central,Corporate,Debit Card
ORD-2023-10594,2023-01-13,CUST-0554,FUR-TB-2002,Furniture,2,900.0,0.0,120.0,East,Consumer,Cash on Delivery
ORD-2023-13100,2023-01-13,CUST-0126,OFF-PA-3001,Office Supplies,1,18.0,0.0,9.0,West,Consumer,Net Banking
ORD-2023-13478,2023-01-13,CUST-0247,TEC-MN-1003,Technology,2,570.0,0.05,150.0,South,Consumer,Debit Card
ORD-2024-10845,2023-01-13,CUST-0470,OFF-EN-3005,Office Supplies,2,15.2,0.05,9.2,Central,Corporate,Credit Card
ORD-2024-14817,2023-01-13,CUST-0508,OFF-EN-3005,Office Supplies,1,5.6,0.3,2.6,South,Small Business,UPI
ORD-2023-10626,2023-01-14,CUST-0623,FUR-TB-2002,Furniture,1,360.0,0.2,-30.0,West,Consumer,Debit Card
ORD-2023-11050,2023-01-14,CUST-0092,OFF-LA-3006,Office Supplies,1,14.25,0.05,7.25,East,Small Business,Credit Card
ORD-2023-13742,2023-01-14,CUST-0566,TEC-HD-1006,Technology,4,440.0,0.0,160.0,North,Consumer,UPI
ORD-2023-14318,2023-01-14,CUST-0200,OFF-AP-3004,Office Supplies,1,85.0,0.0,30.0,East,Consumer,Credit Card
ORD-2023-14796,2023-01-14,CUST-0531,FUR-BK-2003,Furniture,8,1584.0,0.1,184.0,West,Corporate,Credit Card
ORD-2024-10583,2023-01-14,CUST-0491,TEC-PR-1005,Technology,5,1187.5,0.05,237.5,West,Corporate,Cash on Delivery
ORD-2024-12239,2023-01-14,CUST-0051,FUR-DS-2004,Furniture,2,512.0,0.2,-8.0,East,Small Business,UPI
ORD-2024-12975,2023-01-14,CUST-0133,TEC-AC-1004,Technology,2,90.0,0.0,46.0,South,Small Business,Net Banking
ORD-2023-11444,2023-01-15,CUST-0622,OFF-ST-3003,Office Supplies,1,22.5,0.1,8.5,Central,Corporate,Debit Card
ORD-2023-12786,2023-01-15,CUST-0295,OFF-PA-3001,Office Supplies,3,43.2,0.2,16.2,North,Consumer,Credit Card
ORD-2023-12952,2023-01-15,CUST-0418,OFF-BI-3002,Office Supplies,5,42.0,0.3,17.0,West,Consumer,Credit Card
ORD-2023-13002,2023-01-15,CUST-0097,FUR-TB-2002,Furniture,1,270.0,0.4,-120.0,East,Consumer,Net Banking
ORD-2023-13664,2023-01-15,CUST-0293,OFF-LA-3006,Office Supplies,1,15.0,0.0,8.0,East,Corporate,UPI
ORD-2023-14694,2023-01-15,CUST-0166,OFF-LA-3006,Office Supplies,4,57.0,0.05,29.0,East,Consumer,Credit Card
ORD-2024-13703,2023-01-15,CUST-0612,FUR-BK-2003,Furniture,1,220.0,0.0,45.0,Central,Corporate,UPI
ORD-2024-14799,2023-01-15,CUST-0582,FUR-SF-2005,Furniture,1,520.0,0.2,-30.0,South,Consumer,Credit Card
ORD-2023-10754,2023-01-16,CUST-0215,OFF-EN-3005,Office Supplies,1,8.0,0.0,5.0,South,Consumer,UPI
ORD-2023-12600,2023-01-16,CUST-0401,TEC-HD-1006,Technology,1,110.0,0.0,40.0,North,Corporate,Cash on Delivery
ORD-2023-12602,2023-01-16,CUST-0425,OFF-BI-3002,Office Supplies,3,36.0,0.0,21.0,East,Corporate,Credit Card
ORD-2024-14673,2023-01-16,CUST-0629,TEC-MN-1003,Technology,2,570.0,0.05,150.0,South,Consumer,Debit Card
ORD-2024-15153,2023-01-16,CUST-0196,OFF-BI-3002,Office Supplies,1,11.4,0.05,6.4,North,Consumer,Credit Card
ORD-2024-15267,2023-01-16,CUST-0488,TEC-AC-1004,Technology,1,45.0,0.0,23.0,North,Corporate,UPI
ORD-2023-12156,2023-01-17,CUST-0161,FUR-BK-2003,Furniture,1,154.0,0.3,-21.0,East,Corporate,Debit Card
ORD-2023-14684,2023-01-17,CUST-0273,TEC-HD-1006,Technology,4,440.0,0.0,160.0,West,Corporate,Credit Card
ORD-2024-11567,2023-01-17,CUST-0111,OFF-AP-3004,Office Supplies,2,136.0,0.2,26.0,West,Consumer,Credit Card
ORD-2023-11736,2023-01-18,CUST-0337,FUR-CH-2001,Furniture,3,432.0,0.2,12.0,East,Consumer,Debit Card
ORD-2023-13048,2023-01-18,CUST-0636,TEC-HD-1006,Technology,3,330.0,0.0,120.0,Central,Consumer,Credit Card
ORD-2023-14026,2023-01-18,CUST-0538,FUR-BK-2003,Furniture,1,176.0,0.2,1.0,East,Corporate,Credit Card
ORD-2024-11643,2023-01-18,CUST-0204,TEC-HD-1006,Technology,1,110.0,0.0,40.0,North,Corporate,UPI
ORD-2024-12453,2023-01-18,CUST-0361,OFF-LA-3006,Office Supplies,1,13.5,0.1,6.5,North,Corporate,Credit Card
ORD-2024-13341,2023-01-18,CUST-0261,TEC-AC-1004,Technology,1,45.0,0.0,23.0,North,Corporate,Debit Card
ORD-2024-13693,2023-01-18,CUST-0217,TEC-MN-1003,Technology,1,300.0,0.0,90.0,North,Corporate,Credit Card
ORD-2024-14277,2023-01-18,CUST-0228,OFF-ST-3003,Office Supplies,2,40.0,0.2,12.0,North,Consumer,Net Banking
ORD-2024-14559,2023-01-18,CUST-0574,TEC-MN-1003,Technology,2,600.0,0.0,180.0,North,Consumer,UPI
ORD-2023-11334,2023-01-19,CUST-0359,FUR-TB-2002,Furniture,3,1350.0,0.0,180.0,South,Small Business,Credit Card
ORD-2023-13460,2023-01-19,CUST-0350,TEC-HD-1006,Technology,1,93.5,0.15,23.5,West,Consumer,Credit Card
ORD-2023-14716,2023-01-19,CUST-0379,OFF-ST-3003,Office Supplies,8,190.0,0.05,78.0,North,Corporate,Debit Card
ORD-2023-14732,2023-01-19,CUST-0449,TEC-PR-1005,Technology,5,1187.5,0.05,237.5,South,Corporate,Credit Card
ORD-2024-14703,2023-01-19,CUST-0029,FUR-DS-2004,Furniture,1,160.0,0.5,-100.0,South,Consumer,Debit Card
ORD-2023-10298,2023-01-20,CUST-0300,OFF-ST-3003,Office Supplies,3,60.0,0.2,18.0,North,Small Business,Cash on Delivery
ORD-2023-10812,2023-01-20,CUST-0354,OFF-BI-3002,Office Supplies,2,19.2,0.2,9.2,West,Corporate,Debit Card
ORD-2023-11348,2023-01-21,CUST-0060,FUR-DS-2004,Furniture,2,512.0,0.2,-8.0,Central,Consumer,Debit Card
ORD-2023-13504,2023-01-21,CUST-0300,OFF-ST-3003,Office Supplies,1,25.0,0.0,11.0,North,Small Business,UPI
ORD-2023-15102,2023-01-21,CUST-0607,OFF-BI-3002,Office Supplies,1,11.4,0.05,6.4,South,Corporate,UPI
ORD-2024-10729,2023-01-21,CUST-0512,TEC-HD-1006,Technology,2,220.0,0.0,80.0,South,Consumer,UPI
ORD-2024-14365,2023-01-21,CUST-0298,TEC-MN-1003,Technology,1,285.0,0.05,75.0,West,Small Business,UPI
ORD-2023-11108,2023-01-22,CUST-0555,FUR-TB-2002,Furniture,1,405.0,0.1,15.0,East,Small Business,UPI
ORD-2023-12556,2023-01-22,CUST-0490,FUR-CH-2001,Furniture,4,576.0,0.2,16.0,West,Consumer,Cash on Delivery
ORD-2023-15250,2023-01-22,CUST-0154,OFF-BI-3002,Office Supplies,3,34.2,0.05,19.2,East,Consumer,Net Banking
ORD-2023-15486,2023-01-22,CUST-0641,FUR-CH-2001,Furniture,1,108.0,0.4,-32.0,North,Corporate,Net Banking
ORD-2024-10767,2023-01-22,CUST-0116,TEC-LP-1002,Technology,2,1800.0,0.25,0.0,East,Corporate,Credit Card
ORD-2024-12067,2023-01-22,CUST-0412,FUR-CH-2001,Furniture,1,162.0,0.1,22.0,East,Consumer,Debit Card
ORD-2024-13095,2023-01-22,CUST-0119,TEC-HD-1006,Technology,1,104.5,0.05,34.5,East,Consumer,Credit Card
ORD-2024-13129,2023-01-22,CUST-0003,OFF-PA-3001,Office Supplies,1,17.1,0.05,8.1,West,Consumer,Credit Card
ORD-2023-10332,2023-01-23,CUST-0211,TEC-LP-1002,Technology,3,3240.0,0.1,540.0,West,Corporate,Credit Card
ORD-2024-12743,2023-01-23,CUST-0597,FUR-DS-2004,Furniture,3,864.0,0.1,84.0,East,Consumer,UPI
ORD-2024-12851,2023-01-23,CUST-0533,OFF-PA-3001,Office Supplies,1,18.0,0.0,9.0,North,Consumer,UPI
ORD-2024-13513,2023-01-23,CUST-0548,TEC-AC-1004,Technology,1,45.0,0.0,23.0,East,Small Business,Credit Card
ORD-2023-14086,2023-01-24,CUST-0083,FUR-SF-2005,Furniture,2,1040.0,0.2,-60.0,Central,Consumer,Net Banking
ORD-2023-14258,2023-01-24,CUST-0449,FUR-DS-2004,Furniture,1,288.0,0.1,28.0,South,Corporate,Credit Card
ORD-2024-11215,2023-01-24,CUST-0023,OFF-BI-3002,Office Supplies,1,8.4,0.3,3.4,East,Consumer,Credit Card
ORD-2024-11919,2023-01-24,CUST-0422,TEC-MN-1003,Technology,1,300.0,0.0,90.0,North,Consumer,Debit Card
ORD-2024-12685,2023-01-24,CUST-0160,OFF-PA-3001,Office Supplies,1,17.1,0.05,8.1,Central,Corporate,Debit Card
ORD-2024-13305,2023-01-24,CUST-0565,FUR-TB-2002,Furniture,3,810.0,0.4,-360.0,North,Consumer,UPI
ORD-2024-13619,2023-01-24,CUST-0531,OFF-AP-3004,Office Supplies,3,229.5,0.1,64.5,Central,Corporate,Credit Card
ORD-2024-14883,2023-01-24,CUST-0172,TEC-PR-1005,Technology,1,237.5,0.05,47.5,North,Small Business,UPI
ORD-2023-11248,2023-01-25,CUST-0312,TEC-AC-1004,Technology,1,42.75,0.05,20.75,South,Corporate,UPI
ORD-2023-13594,2023-01-25,CUST-0369,TEC-LP-1002,Technology,1,1200.0,0.0,300.0,North,Small Business,Credit Card
ORD-2024-11537,2023-01-25,CUST-0430,FUR-DS-2004,Furniture,3,480.0,0.5,-300.0,North,Consumer,Credit Card
ORD-2024-13761,2023-01-25,CUST-0279,OFF-BI-3002,Office Supplies,1,11.4,0.05,6.4,South,Consumer,UPI
ORD-2024-13937,2023-01-25,CUST-0603,FUR-SF-2005,Furniture,1,520.0,0.2,-30.0,North,Corporate,Credit Card
ORD-2024-14079,2023-01-25,CUST-0298,OFF-PA-3001,Office Supplies,2,34.2,0.05,16.2,West,Small Business,Debit Card
ORD-2023-11836,2023-01-26,CUST-0639,OFF-ST-3003,Office Supplies,10,237.5,0.05,97.5,West,Consumer,Debit Card
ORD-2023-14068,2023-01-26,CUST-0629,FUR-BK-2003,Furniture,4,792.0,0.1,92.0,South,Consumer,Credit Card
ORD-2023-14146,2023-01-26,CUST-0439,OFF-LA-3006,Office Supplies,3,40.5,0.1,19.5,East,Consumer,UPI
ORD-2023-11520,2023-01-27,CUST-0033,TEC-MN-1003,Technology,4,1020.0,0.15,180.0,South,Corporate,UPI
ORD-2023-11712,2023-01-27,CUST-0513,OFF-BI-3002,Office Supplies,2,22.8,0.05,12.8,East,Consumer,Credit Card
ORD-2024-10261,2023-01-27,CUST-0364,FUR-BK-2003,Furniture,3,528.0,0.2,3.0,North,Consumer,Credit Card
ORD-2024-13875,2023-01-27,CUST-0424,TEC-LP-1002,Technology,5,5700.0,0.05,1200.0,East,Consumer,Debit Card
ORD-2023-12770,2023-01-29,CUST-0051,OFF-EN-3005,Office Supplies,2,12.8,0.2,6.8,North,Small Business,Credit Card
ORD-2023-12890,2023-01-29,CUST-0222,TEC-MN-1003,Technology,4,1200.0,0.0,360.0,North,Consumer,Credit Card
ORD-2024-12677,2023-01-29,CUST-0088,OFF-PA-3001,Office Supplies,5,85.5,0.05,40.5,North,Small Business,Credit Card
ORD-2024-12967,2023-01-29,CUST-0348,FUR-BK-2003,Furniture,5,1100.0,0.0,225.0,West,Corporate,Debit Card
ORD-2023-15218,2023-01-30,CUST-0056,TEC-MN-1003,Technology,2,600.0,0.0,180.0,East,Small Business,Debit Card
ORD-2024-10133,2023-01-30,CUST-0226,FUR-DS-2004,Furniture,2,576.0,0.1,56.0,North,Small Business,UPI
ORD-2024-11221,2023-01-30,CUST-0019,TEC-AC-1004,Technology,1,42.75,0.05,20.75,Central,Corporate,UPI
ORD-2024-12053,2023-01-30,CUST-0238,OFF-PA-3001,Office Supplies,1,17.1,0.05,8.1,South,Corporate,UPI
ORD-2023-12414,2023-01-31,CUST-0600,OFF-LA-3006,Office Supplies,3,36.0,0.2,15.0,North,Consumer,Credit Card
ORD-2024-10461,2023-01-31,CUST-0397,TEC-MN-1003,Technology,2,540.0,0.1,120.0,West,Consumer,Credit Card
ORD-2024-10487,2023-01-31,CUST-0257,TEC-HD-1006,Technology,1,110.0,0.0,40.0,West,Consumer,Debit Card
ORD-2024-11181,2023-01-31,CUST-0495,FUR-SF-2005,Furniture,1,455.0,0.3,-95.0,North,Corporate,Debit Card
ORD-2024-11595,2023-01-31,CUST-0559,TEC-PR-1005,Technology,5,1250.0,0.0,300.0,South,Corporate,Credit Card
ORD-2024-12571,2023-01-31,CUST-0600,TEC-PH-1001,Technology,2,1700.0,0.0,500.0,North,Consumer,Credit Card
ORD-2023-10482,2023-02-01,CUST-0476,FUR-TB-2002,Furniture,1,270.0,0.4,-120.0,North,Small Business,Cash on Delivery
ORD-2023-13030,2023-02-01,CUST-0557,TEC-HD-1006,Technology,1,93.5,0.15,23.5,West,Consumer,UPI
ORD-2023-15364,2023-02-01,CUST-0043,OFF-PA-3001,Office Supplies,2,34.2,0.05,16.2,West,Corporate,Net Banking
ORD-2024-12091,2023-02-01,CUST-0105,FUR-DS-2004,Furniture,4,1280.0,0.0,240.0,East,Consumer,Credit Card
ORD-2024-12231,2023-02-01,CUST-0252,OFF-AP-3004,Office Supplies,3,242.25,0.05,77.25,East,Consumer,Credit Card
ORD-2024-13697,2023-02-01,CUST-0263,FUR-CH-2001,Furniture,2,252.0,0.3,-28.0,South,Corporate,Debit Card
ORD-2023-10334,2023-02-02,CUST-0116,OFF-ST-3003,Office Supplies,5,112.5,0.1,42.5,East,Corporate,UPI
ORD-2023-11170,2023-02-02,CUST-0104,TEC-AC-1004,Technology,1,33.75,0.25,11.75,South,Consumer,Cash on Delivery
ORD-2023-11302,2023-02-02,CUST-0024,TEC-MN-1003,Technology,4,1200.0,0.0,360.0,West,Small Business,UPI
ORD-2023-12904,2023-02-02,CUST-0367,FUR-DS-2004,Furniture,2,512.0,0.2,-8.0,South,Corporate,Credit Card
ORD-2023-13482,2023-02-02,CUST-0233,TEC-HD-1006,Technology,4,396.0,0.1,116.0,East,Consumer,Credit Card
ORD-2023-14080,2023-02-02,CUST-0373,TEC-PH-1001,Technology,5,4250.0,0.0,1250.0,West,Consumer,UPI
ORD-2023-14894,2023-02-02,CUST-0418,FUR-CH-2001,Furniture,1,180.0,0.0,40.0,North,Consumer,UPI
ORD-2023-15072,2023-02-02,CUST-0062,TEC-LP-1002,Technology,4,4080.0,0.15,480.0,North,Small Business,Cash on Delivery
ORD-2024-12899,2023-02-02,CUST-0358,OFF-AP-3004,Office Supplies,1,85.0,0.0,30.0,North,Consumer,Net Banking
ORD-2023-13352,2023-02-03,CUST-0345,TEC-AC-1004,Technology,3,128.25,0.05,62.25,South,Consumer,Net Banking
ORD-2024-10171,2023-02-03,CUST-0328,TEC-AC-1004,Technology,10,382.5,0.15,162.5,East,Corporate,UPI
ORD-2024-15295,2023-02-03,CUST-0512,FUR-CH-2001,Furniture,1,144.0,0.2,4.0,South,Consumer,Debit Card
ORD-2024-15353,2023-02-03,CUST-0440,FUR-DS-2004,Furniture,1,192.0,0.4,-68.0,North,Corporate,Debit Card
ORD-2023-10362,2023-02-04,CUST-0508,TEC-PH-1001,Technology,1,850.0,0.0,250.0,South,Small Business,Credit Card
ORD-2023-12650,2023-02-04,CUST-0403,TEC-HD-1006,Technology,2,198.0,0.1,58.0,South,Corporate,Credit Card
ORD-2023-13566,2023-02-04,CUST-0542,FUR-DS-2004,Furniture,1,320.0,0.0,60.0,North,Small Business,Credit Card
ORD-2024-11251,2023-02-04,CUST-0589,TEC-PR-1005,Technology,1,250.0,0.0,60.0,South,Consumer,Debit Card
ORD-2024-12607,2023-02-04,CUST-0220,OFF-ST-3003,Office Supplies,8,200.0,0.0,88.0,East,Consumer,UPI
ORD-2024-13505,2023-02-04,CUST-0535,FUR-BK-2003,Furniture,10,1540.0,0.3,-210.0,South,Consumer,Credit Card
ORD-2023-11322,2023-02-05,CUST-0420,OFF-LA-3006,Office Supplies,1,14.25,0.05,7.25,North,Consumer,Credit Card
ORD-2023-11880,2023-02-05,CUST-0168,OFF-LA-3006,Office Supplies,3,42.75,0.05,21.75,South,Corporate,Credit Card
ORD-2023-12006,2023-02-05,CUST-0300,OFF-BI-3002,Office Supplies,1,12.0,0.0,7.0,North,Small Business,Credit Card
ORD-2023-15204,2023-02-05,CUST-0649,FUR-CH-2001,Furniture,5,720.0,0.2,20.0,East,Corporate,UPI
ORD-2023-11126,2023-02-06,CUST-0340,OFF-EN-3005,Office Supplies,2,16.0,0.0,10.0,Central,Corporate,Credit Card
ORD-2023-14206,2023-02-06,CUST-0350,OFF-BI-3002,Office Supplies,1,8.4,0.3,3.4,West,Consumer,Net Banking
ORD-2024-10555,2023-02-06,CUST-0171,FUR-TB-2002,Furniture,1,315.0,0.3,-75.0,South,Corporate,Credit Card
ORD-2024-12815,2023-02-06,CUST-0545,OFF-LA-3006,Office Supplies,2,28.5,0.05,14.5,West,Corporate,Credit Card
ORD-2024-14871,2023-02-06,CUST-0060,TEC-HD-1006,Technology,1,99.0,0.1,29.0,Central,Consumer,UPI
ORD-2023-10950,2023-02-07,CUST-0015,TEC-LP-1002,Technology,3,3600.0,0.0,900.0,Central,Consumer,UPI
ORD-2023-11812,2023-02-07,CUST-0378,FUR-CH-2001,Furniture,2,288.0,0.2,8.0,East,Consumer,Credit Card
ORD-2023-12326,2023-02-07,CUST-0605,TEC-HD-1006,Technology,2,209.0,0.05,69.0,North,Consumer,Credit Card
ORD-2023-12538,2023-02-07,CUST-0269,OFF-ST-3003,Office Supplies,1,23.75,0.05,9.75,West,Consumer,Debit Card
ORD-2023-13194,2023-02-07,CUST-0513,FUR-CH-2001,Furniture,2,180.0,0.0,-100.0,East,Consumer,Credit Card
ORD-2023-13588,2023-02-07,CUST-0634,TEC-PH-1001,Technology,1,807.5,0.05,207.5,East,Corporate,Debit Card
ORD-2024-11161,2023-02-07,CUST-0568,OFF-EN-3005,Office Supplies,2,16.0,0.0,10.0,South,Consumer,UPI
ORD-2024-11857,2023-02-07,CUST-0142,FUR-CH-2001,Furniture,3,540.0,0.0,120.0,North,Consumer,Credit Card
ORD-2024-14039,2023-02-07,CUST-0208,FUR-TB-2002,Furniture,3,810.0,0.4,-360.0,South,Consumer,Cash on Delivery
ORD-2023-10226,2023-02-08,CUST-0536,OFF-BI-3002,Office Supplies,5,60.0,0.0,35.0,North,Corporate,UPI
ORD-2023-15414,2023-02-08,CUST-0270,TEC-MN-1003,Technology,4,1200.0,0.0,360.0,South,Small Business,UPI
ORD-2024-10793,2023-02-08,CUST-0074,FUR-SF-2005,Furniture,1,325.0,0.5,-225.0,East,Small Business,Credit Card
ORD-2024-12521,2023-02-08,CUST-0277,FUR-CH-2001,Furniture,2,288.0,0.2,8.0,South,Corporate,Credit Card
ORD-2024-12679,2023-02-08,CUST-0416,OFF-AP-3004,Office Supplies,4,323.0,0.05,103.0,North,Corporate,Credit Card
ORD-2024-13661,2023-02-08,CUST-0281,TEC-PR-1005,Technology,2,450.0,0.1,70.0,East,Consumer,Debit Card
ORD-2024-14015,2023-02-08,CUST-0051,TEC-PR-1005,Technology,1,250.0,0.0,60.0,North,Small Business,Net Banking
ORD-2024-14215,2023-02-08,CUST-0342,FUR-DS-2004,Furniture,3,768.0,0.2,-12.0,South,Small Business,Debit Card
ORD-2023-11468,2023-02-09,CUST-0119,FUR-CH-2001,Furniture,2,360.0,0.0,80.0,East,Consumer,Debit Card
ORD-2023-11554,2023-02-09,CUST-0144,FUR-SF-2005,Furniture,1,390.0,0.4,-160.0,North,Consumer,UPI
ORD-2023-11734,2023-02-09,CUST-0507,TEC-PH-1001,Technology,2,1530.0,0.1,330.0,Central,Consumer,Credit Card
ORD-2023-11816,2023-02-09,CUST-0597,TEC-PR-1005,Technology,1,250.0,0.0,60.0,West,Consumer,Net Banking
ORD-2023-14898,2023-02-09,CUST-0104,FUR-CH-2001,Furniture,1,126.0,0.3,-14.0,South,Consumer,Debit Card
ORD-2023-14956,2023-02-09,CUST-0235,TEC-HD-1006,Technology,1,110.0,0.0,40.0,North,Consumer,Credit Card
ORD-2024-10535,2023-02-09,CUST-0585,OFF-EN-3005,Office Supplies,2,15.2,0.05,9.2,North,Consumer,Credit Card
ORD-2024-11843,2023-02-09,CUST-0139,TEC-HD-1006,Technology,2,220.0,0.0,80.0,South,Corporate,Net Banking
ORD-2024-14567,2023-02-09,CUST-0363,OFF-BI-3002,Office Supplies,1,12.0,0.0,7.0,North,Corporate,Credit Card
ORD-2024-14735,2023-02-09,CUST-0255,TEC-HD-1006,Technology,2,220.0,0.0,80.0,West,Consumer,UPI
ORD-2023-10052,2023-02-10,CUST-0166,OFF-PA-3001,Office Supplies,2,32.4,0.1,14.4,East,Consumer,Credit Card
ORD-2023-10636,2023-02-10,CUST-0634,FUR-BK-2003,Furniture,1,198.0,0.1,23.0,West,Corporate,Debit Card
ORD-2023-13162,2023-02-10,CUST-0440,TEC-HD-1006,Technology,2,198.0,0.1,58.0,North,Corporate,Debit Card
ORD-2023-15392,2023-02-10,CUST-0112,OFF-EN-3005,Office Supplies,2,16.0,0.0,10.0,North,Consumer,Credit Card
ORD-2024-10677,2023-02-10,CUST-0126,TEC-HD-1006,Technology,1,110.0,0.0,40.0,West,Consumer,Net Banking
ORD-2024-11541,2023-02-10,CUST-0364,TEC-MN-1003,Technology,2,600.0,0.0,180.0,Central,Consumer,Credit Card
ORD-2024-11611,2023-02-10,CUST-0345,OFF-ST-3003,Office Supplies,1,23.75,0.05,9.75,North,Consumer,Debit Card
ORD-2024-15017,2023-02-10,CUST-0069,FUR-SF-2005,Furniture,3,1950.0,0.0,300.0,North,Corporate,UPI
ORD-2023-10978,2023-02-11,CUST-0482,OFF-LA-3006,Office Supplies,2,27.0,0.1,13.0,West,Consumer,Credit Card
ORD-2023-14768,2023-02-11,CUST-0071,FUR-DS-2004,Furniture,1,320.0,0.0,60.0,East,Corporate,Credit Card
ORD-2024-11127,2023-02-11,CUST-0483,OFF-EN-3005,Office Supplies,2,15.2,0.05,9.2,West,Corporate,Credit Card
ORD-2024-14093,2023-02-11,CUST-0597,FUR-TB-2002,Furniture,2,900.0,0.0,120.0,East,Consumer,Credit Card
ORD-2024-14985,2023-02-11,CUST-0648,FUR-DS-2004,Furniture,2,576.0,0.1,56.0,Central,Consumer,UPI
ORD-2023-15344,2023-02-12,CUST-0340,TEC-HD-1006,Technology,3,313.5,0.05,103.5,North,Corporate,Credit Card
ORD-2024-10249,2023-02-12,CUST-0274,OFF-EN-3005,Office Supplies,5,38.0,0.05,23.0,Central,Consumer,UPI
ORD-2024-10831,2023-02-12,CUST-0292,OFF-LA-3006,Office Supplies,4,54.0,0.1,26.0,North,Consumer,Credit Card
ORD-2023-12048,2023-02-13,CUST-0616,TEC-AC-1004,Technology,2,85.5,0.05,41.5,Central,Consumer,Cash on Delivery
ORD-2023-12248,2023-02-13,CUST-0539,FUR-SF-2005,Furniture,2,1170.0,0.1,70.0,East,Consumer,Credit Card
ORD-2023-15092,2023-02-13,CUST-0639,TEC-LP-1002,Technology,2,1800.0,0.25,0.0,North,Consumer,Credit Card
ORD-2024-10203,2023-02-13,CUST-0073,OFF-ST-3003,Office Supplies,2,50.0,0.0,22.0,Central,Consumer,Credit Card
ORD-2024-10529,2023-02-13,CUST-0389,TEC-PR-1005,Technology,1,250.0,0.0,60.0,West,Consumer,Credit Card
ORD-2024-10833,2023-02-13,CUST-0400,TEC-LP-1002,Technology,1,1080.0,0.1,180.0,West,Small Business,Credit Card
ORD-2024-12391,2023-02-13,CUST-0440,FUR-BK-2003,Furniture,4,704.0,0.2,4.0,North,Corporate,UPI
ORD-2024-12539,2023-02-13,CUST-0314,OFF-BI-3002,Office Supplies,1,12.0,0.0,7.0,North,Corporate,UPI
ORD-2024-12717,2023-02-13,CUST-0033,FUR-TB-2002,Furniture,1,450.0,0.0,60.0,South,Corporate,Cash on Delivery
ORD-2023-10142,2023-02-14,CUST-0359,TEC-PR-1005,Technology,2,475.0,0.05,95.0,South,Small Business,Credit Card
ORD-2023-10774,2023-02-14,CUST-0026,OFF-EN-3005,Office Supplies,5,38.0,0.05,23.0,West,Corporate,Cash on Delivery
ORD-2023-11718,2023-02-14,CUST-0230,OFF-BI-3002,Office Supplies,1,8.4,0.3,3.4,South,Consumer,UPI
ORD-2023-12590,2023-02-14,CUST-0188,TEC-LP-1002,Technology,1,1200.0,0.0,300.0,North,Consumer,UPI
ORD-2024-10245,2023-02-14,CUST-0237,OFF-PA-3001,Office Supplies,1,18.0,0.0,9.0,East,Consumer,Credit Card
ORD-2024-12767,2023-02-14,CUST-0395,FUR-SF-2005,Furniture,8,5200.0,0.0,800.0,Central,Corporate,UPI
ORD-2024-14317,2023-02-14,CUST-0634,FUR-BK-2003,Furniture,1,198.0,0.1,23.0,South,Corporate,Credit Card
ORD-2023-10804,2023-02-15,CUST-0514,TEC-MN-1003,Technology,1,300.0,0.0,90.0,West,Corporate,UPI
ORD-2023-10874,2023-02-15,CUST-0079,TEC-LP-1002,Technology,4,4560.0,0.05,960.0,West,Consumer,UPI
ORD-2023-12468,2023-02-15,CUST-0126,TEC-PH-1001,Technology,1,722.5,0.15,122.5,West,Consumer,Credit Card
ORD-2024-11327,2023-02-15,CUST-0234,FUR-CH-2001,Furniture,2,216.0,0.4,-64.0,East,Consumer,Credit Card
ORD-2024-12397,2023-02-15,CUST-0430,TEC-MN-1003,Technology,2,570.0,0.05,150.0,North,Consumer,Debit Card
ORD-2024-12933,2023-02-15,CUST-0315,FUR-CH-2001,Furniture,4,432.0,0.4,-128.0,West,Corporate,Debit Card
ORD-2023-11378,2023-02-16,CUST-0421,OFF-EN-3005,Office Supplies,5,40.0,0.0,25.0,West,Consumer,Credit Card
ORD-2023-13354,2023-02-16,CUST-0485,TEC-PR-1005,Technology,8,1500.0,0.25,-20.0,East,Small Business,Credit Card
ORD-2023-15196,2023-02-16,CUST-0439,FUR-DS-2004,Furniture,4,1280.0,0.0,240.0,East,Consumer,Net Banking
ORD-2023-15488,2023-02-16,CUST-0274,TEC-PH-1001,Technology,5,3612.5,0.15,612.5,West,Consumer,Cash on Delivery
ORD-2024-10007,2023-02-16,CUST-0074,OFF-BI-3002,Office Supplies,1,12.0,0.0,7.0,North,Small Business,Credit Card
ORD-2023-10374,2023-02-17,CUST-0264,TEC-LP-1002,Technology,2,2160.0,0.1,360.0,Central,Small Business,UPI
ORD-2023-10468,2023-02-17,CUST-0340,FUR-SF-2005,Furniture,2,780.0,0.4,-320.0,East,Corporate,Debit Card
ORD-2023-11420,2023-02-17,CUST-0278,OFF-AP-3004,Office Supplies,1,80.75,0.05,25.75,North,Consumer,Credit Card
ORD-2023-13168,2023-02-17,CUST-0375,OFF-PA-3001,Office Supplies,2,36.0,0.0,18.0,West,Small Business,Debit Card
ORD-2023-14426,2023-02-17,CUST-0313,OFF-EN-3005,Office Supplies,1,8.0,0.0,5.0,Central,Consumer,Credit Card
ORD-2024-10609,2023-02-17,CUST-0565,OFF-AP-3004,Office Supplies,2,136.0,0.2,26.0,North,Consumer,UPI
ORD-2024-14313,2023-02-17,CUST-0251,OFF-EN-3005,Office Supplies,2,16.0,0.0,10.0,Central,Consumer,Cash on Delivery
ORD-2024-15145,2023-02-17,CUST-0265,OFF-LA-3006,Office Supplies,1,14.25,0.05,7.25,East,Corporate,Credit Card
ORD-2023-10576,2023-02-19,CUST-0271,FUR-BK-2003,Furniture,1,220.0,0.0,45.0,West,Small Business,Credit Card
ORD-2023-13902,2023-02-19,CUST-0159,FUR-BK-2003,Furniture,2,352.0,0.2,2.0,Central,Corporate,Cash on Delivery
ORD-2024-10611,2023-02-19,CUST-0429,OFF-LA-3006,Office Supplies,1,15.0,0.0,8.0,East,Consumer,Credit Card
ORD-2024-13061,2023-02-19,CUST-0136,OFF-ST-3003,Office Supplies,3,75.0,0.0,33.0,South,Small Business,Credit Card
ORD-2024-14129,2023-02-19,CUST-0166,OFF-BI-3002,Office Supplies,1,8.4,0.3,3.4,East,Consumer,Debit Card
ORD-2023-10776,2023-02-20,CUST-0070,FUR-CH-2001,Furniture,2,324.0,0.1,44.0,North,Corporate,Credit Card
ORD-2023-13000,2023-02-20,CUST-0487,OFF-EN-3005,Office Supplies,5,40.0,0.0,25.0,East,Consumer,Cash on Delivery
ORD-2023-13680,2023-02-20,CUST-0559,FUR-BK-2003,Furniture,1,176.0,0.2,1.0,South,Corporate,Credit Card
ORD-2023-15326,2023-02-20,CUST-0189,OFF-LA-3006,Office Supplies,3,45.0,0.0,24.0,South,Consumer,Credit Card
ORD-2024-11633,2023-02-20,CUST-0398,FUR-CH-2001,Furniture,1,162.0,0.1,22.0,South,Corporate,UPI
ORD-2023-13974,2023-02-21,CUST-0001,FUR-SF-2005,Furniture,2,910.0,0.3,-190.0,Central,Consumer,Credit Card
ORD-2024-10073,2023-02-21,CUST-0128,OFF-AP-3004,Office Supplies,2,170.0,0.0,60.0,East,Corporate,UPI
ORD-2024-12485,2023-02-21,CUST-0071,TEC-MN-1003,Technology,2,600.0,0.0,180.0,East,Corporate,Credit Card
ORD-2024-12577,2023-02-21,CUST-0188,OFF-EN-3005,Office Supplies,2,16.0,0.0,10.0,North,Consumer,Debit Card
ORD-2024-12941,2023-02-21,CUST-0137,TEC-PR-1005,Technology,2,475.0,0.05,95.0,North,Small Business,Debit Card
ORD-2024-14137,2023-02-21,CUST-0408,FUR-TB-2002,Furniture,4,1260.0,0.3,-300.0,South,Consumer,Cash on Delivery
ORD-2024-14351,2023-02-21,CUST-0566,TEC-HD-1006,Technology,2,198.0,0.1,58.0,North,Consumer,Debit Card
ORD-2023-10296,2023-02-22,CUST-0485,OFF-BI-3002,Office Supplies,4,33.6,0.3,13.6,East,Small Business,Credit Card
ORD-2023-12366,2023-02-22,CUST-0172,TEC-PR-1005,Technology,1,250.0,0.0,60.0,North,Small Business,Debit Card
ORD-2023-14816,2023-02-22,CUST-0342,TEC-HD-1006,Technology,2,209.0,0.05,69.0,Central,Small Business,Cash on Delivery
ORD-2024-10189,2023-02-22,CUST-0329,OFF-LA-3006,Office Supplies,2,24.0,0.2,10.0,East,Corporate,Credit Card
ORD-2024-14081,2023-02-22,CUST-0605,FUR-CH-2001,Furniture,2,360.0,0.0,80.0,North,Consumer,Debit Card
ORD-2024-15289,2023-02-22,CUST-0069,FUR-SF-2005,Furniture,2,1300.0,0.0,200.0,North,Corporate,Debit Card
ORD-2023-11118,2023-02-23,CUST-0257,TEC-LP-1002,Technology,1,1080.0,0.1,180.0,Central,Consumer,Net Banking
ORD-2023-12158,2023-02-23,CUST-0249,OFF-ST-3003,Office Supplies,1,25.0,0.0,11.0,West,Consumer,Credit Card
ORD-2023-12618,2023-02-23,CUST-0567,OFF-BI-3002,Office Supplies,1,12.0,0.0,7.0,East,Small Business,UPI
ORD-2023-13628,2023-02-23,CUST-0011,OFF-ST-3003,Office Supplies,1,25.0,0.0,11.0,North,Corporate,Debit Card
ORD-2024-10439,2023-02-23,CUST-0533,OFF-ST-3003,Office Supplies,3,75.0,0.0,33.0,North,Consumer,Debit Card
ORD-2024-10761,2023-02-23,CUST-0104,OFF-ST-3003,Office Supplies,3,71.25,0.05,29.25,South,Consumer,Credit Card
ORD-2024-14637,2023-02-23,CUST-0023,TEC-MN-1003,Technology,1,285.0,0.05,75.0,West,Consumer,Credit Card
ORD-2023-11672,2023-02-24,CUST-0541,OFF-EN-3005,Office Supplies,2,16.0,0.0,10.0,North,Consumer,Credit Card
ORD-2023-12484,2023-02-24,CUST-0221,FUR-TB-2002,Furniture,1,360.0,0.2,-30.0,Central,Consumer,Credit Card
ORD-2023-14116,2023-02-24,CUST-0592,TEC-AC-1004,Technology,3,121.5,0.1,55.5,West,Small Business,Credit Card
ORD-2023-15314,2023-02-24,CUST-0062,OFF-ST-3003,Office Supplies,3,75.0,0.0,33.0,North,Small Business,UPI
ORD-2024-12859,2023-02-24,CUST-0242,OFF-PA-3001,Office Supplies,1,16.2,0.1,7.2,East,Corporate,UPI
ORD-2024-14527,2023-02-24,CUST-0186,TEC-AC-1004,Technology,2,85.5,0.05,41.5,North,Consumer,Credit Card
ORD-2024-15225,2023-02-24,CUST-0485,TEC-LP-1002,Technology,5,4500.0,0.25,0.0,East,Small Business,Debit Card
ORD-2024-15265,2023-02-24,CUST-0325,FUR-SF-2005,Furniture,2,910.0,0.3,-190.0,North,Corporate,Credit Card
ORD-2023-10966,2023-02-25,CUST-0326,OFF-AP-3004,Office Supplies,1,68.0,0.2,13.0,East,Consumer,Credit Card
ORD-2023-13526,2023-02-25,CUST-0072,TEC-AC-1004,Technology,2,90.0,0.0,46.0,West,Consumer,Credit Card
ORD-2024-10563,2023-02-25,CUST-0145,OFF-AP-3004,Office Supplies,5,425.0,0.0,150.0,North,Corporate,Credit Card
ORD-2024-14929,2023-02-25,CUST-0604,OFF-EN-3005,Office Supplies,4,25.6,0.2,13.6,North,Consumer,Debit Card
ORD-2024-15479,2023-02-25,CUST-0312,FUR-BK-2003,Furniture,1,154.0,0.3,-21.0,North,Corporate,Debit Card
ORD-2023-13474,2023-02-26,CUST-0112,FUR-CH-2001,Furniture,4,720.0,0.0,160.0,North,Consumer,Debit Card
ORD-2023-13570,2023-02-26,CUST-0157,OFF-EN-3005,Office Supplies,1,7.6,0.05,4.6,Central,Consumer,UPI
ORD-2024-12423,2023-02-26,CUST-0121,OFF-BI-3002,Office Supplies,2,19.2,0.2,9.2,East,Consumer,Net Banking
ORD-2024-12739,2023-02-26,CUST-0637,FUR-BK-2003,Furniture,4,880.0,0.0,180.0,North,Consumer,Debit Card
ORD-2024-14937,2023-02-26,CUST-0630,TEC-PH-1001,Technology,2,1615.0,0.05,415.0,West,Consumer,Credit Card
ORD-2023-10540,2023-02-27,CUST-0215,OFF-BI-3002,Office Supplies,2,21.6,0.1,11.6,South,Consumer,Net Banking
ORD-2023-10756,2023-02-27,CUST-0401,FUR-CH-2001,Furniture,3,540.0,0.0,120.0,North,Corporate,Debit Card
ORD-2023-10864,2023-02-27,CUST-0549,TEC-PH-1001,Technology,1,850.0,0.0,250.0,West,Consumer,Debit Card
ORD-2023-11068,2023-02-27,CUST-0498,TEC-MN-1003,Technology,1,255.0,0.15,45.0,North,Consumer,UPI
ORD-2024-11519,2023-02-27,CUST-0533,OFF-BI-3002,Office Supplies,1,10.8,0.1,5.8,North,Consumer,UPI
ORD-2024-14121,2023-02-27,CUST-0011,TEC-PH-1001,Technology,1,850.0,0.0,250.0,South,Corporate,UPI
ORD-2023-11304,2023-02-28,CUST-0234,OFF-BI-3002,Office Supplies,2,22.8,0.05,12.8,West,Consumer,Debit Card
ORD-2023-12334,2023-02-28,CUST-0345,TEC-PR-1005,Technology,2,500.0,0.0,120.0,North,Consumer,UPI
ORD-2023-14028,2023-02-28,CUST-0198,OFF-ST-3003,Office Supplies,3,60.0,0.2,18.0,East,Corporate,Credit Card
ORD-2023-14450,2023-02-28,CUST-0112,OFF-BI-3002,Office Supplies,1,11.4,0.05,6.4,North,Consumer,Debit Card
ORD-2024-14721,2023-02-28,CUST-0287,OFF-BI-3002,Office Supplies,1,12.0,0.0,7.0,North,Corporate,Credit Card
ORD-2024-10349,2023-03-01,CUST-0476,OFF-BI-3002,Office Supplies,1,9.6,0.2,4.6,North,Small Business,Credit Card
ORD-2024-13679,2023-03-01,CUST-0276,OFF-LA-3006,Office Supplies,1,12.0,0.2,5.0,South,Small Business,Cash on Delivery
ORD-2024-13933,2023-03-01,CUST-0621,TEC-MN-1003,Technology,10,2850.0,0.05,750.0,West,Corporate,UPI
ORD-2024-14813,2023-03-01,CUST-0416,OFF-AP-3004,Office Supplies,1,80.75,0.05,25.75,North,Corporate,Credit Card
ORD-2023-13260,2023-03-02,CUST-0289,TEC-PR-1005,Technology,3,750.0,0.0,180.0,East,Consumer,Credit Card
ORD-2023-13618,2023-03-02,CUST-0023,TEC-PR-1005,Technology,1,237.5,0.05,47.5,West,Consumer,Credit Card
ORD-2023-14102,2023-03-02,CUST-0235,TEC-PR-1005,Technology,3,675.0,0.1,105.0,North,Consumer,Net Banking
ORD-2023-15100,2023-03-02,CUST-0104,FUR-SF-2005,Furniture,3,1365.0,0.3,-285.0,South,Consumer,Cash on Delivery
ORD-2024-10429,2023-03-02,CUST-0130,TEC-PR-1005,Technology,1,250.0,0.0,60.0,West,Consumer,Credit Card
ORD-2024-11811,2023-03-02,CUST-0215,TEC-PR-1005,Technology,2,500.0,0.0,120.0,South,Consumer,Cash on Delivery
ORD-2024-12201,2023-03-02,CUST-0010,OFF-EN-3005,Office Supplies,4,32.0,0.0,20.0,East,Corporate,UPI
ORD-2024-12657,2023-03-02,CUST-0069,OFF-ST-3003,Office Supplies,1,23.75,0.05,9.75,North,Corporate,Credit Card
ORD-2023-13134,2023-03-03,CUST-0409,OFF-AP-3004,Office Supplies,4,340.0,0.0,120.0,East,Consumer,Credit Card
ORD-2024-11927,2023-03-03,CUST-0549,OFF-PA-3001,Office Supplies,5,85.5,0.05,40.5,West,Consumer,Debit Card
ORD-2024-12287,2023-03-03,CUST-0234,TEC-PH-1001,Technology,1,850.0,0.0,250.0,East,Consumer,Credit Card
ORD-2024-14267,2023-03-03,CUST-0563,OFF-ST-3003,Office Supplies,1,17.5,0.3,3.5,East,Small Business,Credit Card
ORD-2024-14995,2023-03-03,CUST-0285,FUR-DS-2004,Furniture,1,320.0,0.0,60.0,West,Consumer,Credit Card
ORD-2023-12506,2023-03-04,CUST-0111,OFF-LA-3006,Office Supplies,5,60.0,0.2,25.0,East,Consumer,Net Banking
ORD-2023-14352,2023-03-04,CUST-0141,FUR-SF-2005,Furniture,1,650.0,0.0,100.0,North,Corporate,Credit Card
ORD-2024-10031,2023-03-04,CUST-0100,FUR-CH-2001,Furniture,4,576.0,0.2,16.0,East,Consumer,Debit Card
ORD-2024-11741,2023-03-04,CUST-0239,OFF-PA-3001,Office Supplies,2,28.8,0.2,10.8,Central,Consumer,Credit Card
ORD-2024-13321,2023-03-04,CUST-0043,OFF-ST-3003,Office Supplies,5,118.75,0.05,48.75,West,Corporate,Credit Card
ORD-2023-10622,2023-03-05,CUST-0600,OFF-PA-3001,Office Supplies,2,36.0,0.0,18.0,North,Consumer,Debit Card
ORD-2023-11252,2023-03-05,CUST-0200,OFF-ST-3003,Office Supplies,1,20.0,0.2,6.0,North,Consumer,Credit Card
ORD-2023-12834,2023-03-05,CUST-0416,FUR-SF-2005,Furniture,10,4550.0,0.3,-950.0,North,Corporate,Cash on Delivery
ORD-2023-12664,2023-03-06,CUST-0328,FUR-CH-2001,Furniture,3,324.0,0.4,-96.0,North,Corporate,Credit Card
ORD-2024-10991,2023-03-06,CUST-0480,TEC-AC-1004,Technology,5,202.5,0.1,92.5,North,Corporate,UPI
ORD-2024-12023,2023-03-06,CUST-0023,TEC-AC-1004,Technology,2,85.5,0.05,41.5,South,Consumer,Debit Card
ORD-2024-15127,2023-03-06,CUST-0043,TEC-PR-1005,Technology,3,750.0,0.0,180.0,West,Corporate,UPI
ORD-2023-13978,2023-03-07,CUST-0395,FUR-CH-2001,Furniture,2,288.0,0.2,8.0,Central,Corporate,Credit Card
ORD-2024-11087,2023-03-07,CUST-0265,TEC-MN-1003,Technology,4,1200.0,0.0,360.0,East,Corporate,Cash on Delivery
ORD-2024-12971,2023-03-07,CUST-0130,FUR-SF-2005,Furniture,5,2925.0,0.1,175.0,West,Consumer,Credit Card
ORD-2024-15311,2023-03-07,CUST-0400,TEC-PR-1005,Technology,1,225.0,0.1,35.0,West,Small Business,Debit Card
ORD-2023-11240,2023-03-08,CUST-0114,FUR-TB-2002,Furniture,3,1350.0,0.0,180.0,East,Consumer,UPI
ORD-2023-11998,2023-03-08,CUST-0282,TEC-MN-1003,Technology,2,510.0,0.15,90.0,North,Small Business,Credit Card
ORD-2023-12076,2023-03-08,CUST-0172,OFF-EN-3005,Office Supplies,1,8.0,0.0,5.0,North,Small Business,UPI
ORD-2024-12379,2023-03-08,CUST-0155,OFF-LA-3006,Office Supplies,1,15.0,0.0,8.0,East,Corporate,Debit Card
ORD-2024-12771,2023-03-08,CUST-0180,TEC-LP-1002,Technology,2,2280.0,0.05,480.0,South,Consumer,UPI
ORD-2024-13649,2023-03-08,CUST-0605,OFF-LA-3006,Office Supplies,1,15.0,0.0,8.0,North,Consumer,Debit Card
ORD-2024-14033,2023-03-08,CUST-0517,TEC-LP-1002,Technology,1,1200.0,0.0,300.0,East,Consumer,Net Banking
ORD-2024-14991,2023-03-08,CUST-0415,FUR-BK-2003,Furniture,2,440.0,0.0,90.0,Central,Corporate,UPI
ORD-2023-10268,2023-03-09,CUST-0608,OFF-ST-3003,Office Supplies,2,50.0,0.0,22.0,East,Consumer,Credit Card
ORD-2023-11102,2023-03-09,CUST-0526,OFF-AP-3004,Office Supplies,1,68.0,0.2,13.0,North,Consumer,Debit Card
ORD-2023-11636,2023-03-09,CUST-0464,OFF-BI-3002,Office Supplies,1,11.4,0.05,6.4,North,Consumer,Credit Card
ORD-2023-14072,2023-03-09,CUST-0527,OFF-PA-3001,Office Supplies,1,17.1,0.05,8.1,West,Corporate,Debit Card
ORD-2024-12699,2023-03-09,CUST-0002,OFF-PA-3001,Office Supplies,3,51.3,0.05,24.3,South,Corporate,Credit Card
ORD-2024-14031,2023-03-09,CUST-0003,TEC-LP-1002,Technology,1,1200.0,0.0,300.0,East,Consumer,UPI
ORD-2023-11700,2023-03-10,CUST-0070,TEC-PR-1005,Technology,1,250.0,0.0,60.0,North,Corporate,Debit Card
ORD-2023-12354,2023-03-10,CUST-0271,OFF-AP-3004,Office Supplies,2,170.0,0.0,60.0,West,Small Business,Credit Card
ORD-2023-12934,2023-03-10,CUST-0124,OFF-EN-3005,Office Supplies,1,7.6,0.05,4.6,North,Consumer,UPI
ORD-2024-11023,2023-03-10,CUST-0350,FUR-BK-2003,Furniture,1,198.0,0.1,23.0,West,Consumer,Debit Card
ORD-2024-12337,2023-03-10,CUST-0196,OFF-EN-3005,Office Supplies,2,12.8,0.2,6.8,North,Consumer,Credit Card
ORD-2024-12817,2023-03-10,CUST-0127,FUR-BK-2003,Furniture,2,352.0,0.2,2.0,South,Corporate,Credit Card
ORD-2023-10246,2023-03-11,CUST-0598,FUR-SF-2005,Furniture,1,650.0,0.0,100.0,East,Corporate,Debit Card
ORD-2023-12726,2023-03-11,CUST-0430,OFF-AP-3004,Office Supplies,3,242.25,0.05,77.25,North,Consumer,Net Banking
ORD-2023-14860,2023-03-11,CUST-0151,OFF-AP-3004,Office Supplies,2,170.0,0.0,60.0,East,Corporate,Cash on Delivery
ORD-2024-14727,2023-03-11,CUST-0289,TEC-HD-1006,Technology,4,440.0,0.0,160.0,South,Consumer,UPI
ORD-2024-15095,2023-03-11,CUST-0169,TEC-LP-1002,Technology,3,3240.0,0.1,540.0,South,Corporate,UPI
ORD-2023-10444,2023-03-12,CUST-0501,OFF-PA-3001,Office Supplies,3,51.3,0.05,24.3,South,Corporate,Credit Card
ORD-2023-10770,2023-03-12,CUST-0180,OFF-AP-3004,Office Supplies,2,170.0,0.0,60.0,South,Consumer,Debit Card
ORD-2023-12816,2023-03-12,CUST-0345,OFF-LA-3006,Office Supplies,3,42.75,0.05,21.75,North,Consumer,UPI
ORD-2023-13936,2023-03-12,CUST-0485,OFF-AP-3004,Office Supplies,2,170.0,0.0,60.0,East,Small Business,UPI
ORD-2023-14556,2023-03-12,CUST-0102,OFF-EN-3005,Office Supplies,1,7.6,0.05,4.6,West,Corporate,UPI
ORD-2024-13059,2023-03-12,CUST-0200,FUR-SF-2005,Furniture,1,455.0,0.3,-95.0,North,Consumer,Net Banking
ORD-2023-11342,2023-03-13,CUST-0119,TEC-MN-1003,Technology,4,1200.0,0.0,360.0,South,Consumer,Cash on Delivery
ORD-2023-11364,2023-03-13,CUST-0313,OFF-ST-3003,Office Supplies,4,95.0,0.05,39.0,Central,Consumer,Credit Card
ORD-2023-12088,2023-03-13,CUST-0464,FUR-CH-2001,Furniture,3,540.0,0.0,120.0,North,Consumer,Debit Card
ORD-2023-13268,2023-03-13,CUST-0401,TEC-PH-1001,Technology,4,3060.0,0.1,660.0,North,Corporate,Credit Card
ORD-2024-14473,2023-03-13,CUST-0328,OFF-PA-3001,Office Supplies,4,68.4,0.05,32.4,North,Corporate,Credit Card
ORD-2023-13666,2023-03-14,CUST-0217,FUR-CH-2001,Furniture,1,144.0,0.2,4.0,East,Corporate,Credit Card
ORD-2024-11709,2023-03-14,CUST-0587,OFF-EN-3005,Office Supplies,2,16.0,0.0,10.0,Central,Consumer,Debit Card
ORD-2024-12113,2023-03-14,CUST-0634,TEC-HD-1006,Technology,2,220.0,0.0,80.0,East,Corporate,Credit Card
ORD-2023-11288,2023-03-15,CUST-0310,FUR-SF-2005,Furniture,8,3640.0,0.3,-760.0,East,Corporate,Credit Card
ORD-2023-14668,2023-03-15,CUST-0120,OFF-ST-3003,Office Supplies,1,25.0,0.0,11.0,North,Corporate,Credit Card
ORD-2024-11401,2023-03-15,CUST-0533,OFF-BI-3002,Office Supplies,2,22.8,0.05,12.8,Central,Consumer,Credit Card
ORD-2024-14349,2023-03-15,CUST-0411,TEC-AC-1004,Technology,3,128.25,0.05,62.25,North,Small Business,Credit Card
ORD-2023-10632,2023-03-16,CUST-0153,TEC-MN-1003,Technology,1,300.0,0.0,90.0,Central,Consumer,UPI
ORD-2023-11982,2023-03-16,CUST-0188,TEC-PR-1005,Technology,2,475.0,0.05,95.0,North,Consumer,Net Banking
ORD-2023-12854,2023-03-16,CUST-0395,TEC-AC-1004,Technology,1,45.0,0.0,23.0,Central,Corporate,Debit Card
ORD-2023-14992,2023-03-16,CUST-0435,TEC-AC-1004,Technology,3,135.0,0.0,69.0,East,Consumer,Net Banking
ORD-2023-14786,2023-03-17,CUST-0159,FUR-TB-2002,Furniture,2,810.0,0.1,30.0,Central,Corporate,Credit Card
ORD-2024-10397,2023-03-17,CUST-0561,OFF-LA-3006,Office Supplies,2,30.0,0.0,16.0,Central,Consumer,Credit Card
ORD-2024-11801,2023-03-17,CUST-0390,TEC-PR-1005,Technology,1,250.0,0.0,60.0,North,Corporate,Debit Card
ORD-2023-15190,2023-03-18,CUST-0009,OFF-LA-3006,Office Supplies,2,24.0,0.2,10.0,West,Consumer,Debit Card
ORD-2024-13145,2023-03-18,CUST-0421,OFF-AP-3004,Office Supplies,2,161.5,0.05,51.5,North,Consumer,Credit Card
ORD-2024-14487,2023-03-18,CUST-0069,FUR-SF-2005,Furniture,1,585.0,0.1,35.0,North,Corporate,UPI
ORD-2024-14805,2023-03-18,CUST-0374,OFF-EN-3005,Office Supplies,4,32.0,0.0,20.0,West,Consumer,Credit Card
ORD-2024-15091,2023-03-18,CUST-0257,TEC-PR-1005,Technology,1,237.5,0.05,47.5,West,Consumer,Net Banking
ORD-2023-14204,2023-03-19,CUST-0070,FUR-CH-2001,Furniture,1,126.0,0.3,-14.0,North,Corporate,Credit Card
ORD-2024-13111,2023-03-19,CUST-0395,FUR-SF-2005,Furniture,1,585.0,0.1,35.0,Central,Corporate,Cash on Delivery
ORD-2024-14867,2023-03-19,CUST-0456,OFF-BI-3002,Office Supplies,2,24.0,0.0,14.0,West,Consumer,Credit Card
ORD-2023-10214,2023-03-20,CUST-0082,OFF-LA-3006,Office Supplies,3,40.5,0.1,19.5,North,Consumer,UPI
ORD-2023-10376,2023-03-20,CUST-0546,FUR-SF-2005,Furniture,4,1560.0,0.4,-640.0,West,Consumer,Credit Card
ORD-2023-12070,2023-03-20,CUST-0533,TEC-PR-1005,Technology,1,250.0,0.0,60.0,North,Consumer,UPI
ORD-2024-14167,2023-03-20,CUST-0292,FUR-TB-2002,Furniture,2,450.0,0.5,-330.0,North,Consumer,Net Banking
ORD-2023-11878,2023-03-21,CUST-0141,FUR-DS-2004,Furniture,1,320.0,0.0,60.0,West,Corporate,Credit Card
ORD-2024-11429,2023-03-21,CUST-0526,FUR-SF-2005,Furniture,1,455.0,0.3,-95.0,North,Consumer,UPI
ORD-2024-12613,2023-03-21,CUST-0485,OFF-AP-3004,Office Supplies,1,85.0,0.0,30.0,East,Small Business,Debit Card
ORD-2024-12925,2023-03-21,CUST-0025,TEC-PR-1005,Technology,2,425.0,0.15,45.0,West,Consumer,UPI
ORD-2023-10306,2023-03-22,CUST-0172,FUR-CH-2001,Furniture,2,288.0,0.2,8.0,North,Small Business,UPI
ORD-2023-12206,2023-03-22,CUST-0135,OFF-BI-3002,Office Supplies,2,19.2,0.2,9.2,West,Corporate,Net Banking
ORD-2023-12724,2023-03-22,CUST-0159,TEC-PH-1001,Technology,3,2550.0,0.0,750.0,West,Corporate,Credit Card
ORD-2023-12780,2023-03-22,CUST-0219,OFF-BI-3002,Office Supplies,1,11.4,0.05,6.4,Central,Consumer,Credit Card
ORD-2023-12966,2023-03-22,CUST-0508,OFF-BI-3002,Office Supplies,4,45.6,0.05,25.6,South,Small Business,Net Banking
ORD-2024-10731,2023-03-22,CUST-0485,FUR-SF-2005,Furniture,1,650.0,0.0,100.0,South,Small Business,Credit Card
ORD-2024-11151,2023-03-22,CUST-0649,TEC-PH-1001,Technology,1,637.5,0.25,37.5,East,Corporate,Cash on Delivery
ORD-2024-15113,2023-03-22,CUST-0636,OFF-PA-3001,Office Supplies,2,36.0,0.0,18.0,Central,Consumer,UPI
ORD-2024-15459,2023-03-22,CUST-0557,TEC-MN-1003,Technology,1,300.0,0.0,90.0,West,Consumer,UPI
ORD-2023-12178,2023-03-23,CUST-0402,TEC-MN-1003,Technology,1,255.0,0.15,45.0,East,Consumer,Cash on Delivery
ORD-2023-12888,2023-03-23,CUST-0147,TEC-PH-1001,Technology,3,2550.0,0.0,750.0,North,Corporate,Credit Card
ORD-2024-11145,2023-03-23,CUST-0137,FUR-TB-2002,Furniture,1,450.0,0.0,60.0,East,Small Business,UPI
ORD-2024-12981,2023-03-23,CUST-0085,FUR-BK-2003,Furniture,4,880.0,0.0,180.0,Central,Small Business,Net Banking
ORD-2023-13932,2023-03-24,CUST-0387,FUR-SF-2005,Furniture,2,1300.0,0.0,200.0,West,Small Business,Credit Card
ORD-2023-15474,2023-03-24,CUST-0457,FUR-TB-2002,Furniture,3,1080.0,0.2,-90.0,Central,Consumer,UPI
ORD-2024-10039,2023-03-24,CUST-0051,FUR-TB-2002,Furniture,1,315.0,0.3,-75.0,North,Small Business,Credit Card
ORD-2024-14845,2023-03-24,CUST-0136,TEC-LP-1002,Technology,1,1200.0,0.0,300.0,South,Small Business,Debit Card
ORD-2023-11278,2023-03-25,CUST-0588,OFF-LA-3006,Office Supplies,1,14.25,0.05,7.25,North,Small Business,Credit Card
ORD-2023-14160,2023-03-25,CUST-0395,OFF-EN-3005,Office Supplies,1,7.6,0.05,4.6,Central,Corporate,Credit Card
ORD-2023-14446,2023-03-25,CUST-0632,FUR-TB-2002,Furniture,3,1080.0,0.2,-90.0,East,Consumer,Net Banking
ORD-2024-11133,2023-03-25,CUST-0460,FUR-BK-2003,Furniture,1,198.0,0.1,23.0,South,Corporate,Debit Card
ORD-2023-13498,2023-03-26,CUST-0626,OFF-ST-3003,Office Supplies,2,40.0,0.2,12.0,East,Corporate,Credit Card
ORD-2023-13876,2023-03-26,CUST-0252,FUR-TB-2002,Furniture,3,1215.0,0.1,45.0,North,Consumer,Debit Card
ORD-2023-14534,2023-03-26,CUST-0437,TEC-HD-1006,Technology,3,313.5,0.05,103.5,West,Consumer,Credit Card
ORD-2024-10639,2023-03-26,CUST-0609,TEC-PH-1001,Technology,1,850.0,0.0,250.0,East,Corporate,Debit Card
ORD-2024-11319,2023-03-26,CUST-0328,FUR-BK-2003,Furniture,1,176.0,0.2,1.0,North,Corporate,Debit Card
ORD-2024-12377,2023-03-26,CUST-0191,OFF-BI-3002,Office Supplies,3,36.0,0.0,21.0,West,Corporate,Credit Card
ORD-2024-13865,2023-03-26,CUST-0033,OFF-ST-3003,Office Supplies,1,20.0,0.2,6.0,South,Corporate,Credit Card
ORD-2024-15397,2023-03-26,CUST-0406,TEC-PH-1001,Technology,1,722.5,0.15,122.5,North,Consumer,Credit Card
ORD-2023-10980,2023-03-27,CUST-0559,FUR-CH-2001,Furniture,2,360.0,0.0,80.0,South,Corporate,UPI
ORD-2023-13330,2023-03-27,CUST-0126,FUR-SF-2005,Furniture,1,650.0,0.0,100.0,West,Consumer,Debit Card
ORD-2024-12527,2023-03-27,CUST-0482,FUR-SF-2005,Furniture,8,3120.0,0.4,-1280.0,West,Consumer,Credit Card
ORD-2024-14809,2023-03-27,CUST-0078,TEC-MN-1003,Technology,1,300.0,0.0,90.0,East,Corporate,Credit Card
ORD-2024-15345,2023-03-27,CUST-0273,FUR-CH-2001,Furniture,3,540.0,0.0,120.0,South,Corporate,UPI
ORD-2023-11214,2023-03-28,CUST-0373,OFF-EN-3005,Office Supplies,2,16.0,0.0,10.0,West,Consumer,Debit Card
ORD-2024-10385,2023-03-28,CUST-0229,TEC-HD-1006,Technology,4,440.0,0.0,160.0,East,Small Business,Credit Card
ORD-2023-11368,2023-03-29,CUST-0241,FUR-TB-2002,Furniture,5,1800.0,0.2,-150.0,North,Small Business,Debit Card
ORD-2023-12154,2023-03-29,CUST-0116,OFF-BI-3002,Office Supplies,1,11.4,0.05,6.4,East,Corporate,Cash on Delivery
ORD-2023-13574,2023-03-29,CUST-0485,OFF-ST-3003,Office Supplies,1,25.0,0.0,11.0,West,Small Business,Credit Card
ORD-2024-10113,2023-03-29,CUST-0605,FUR-TB-2002,Furniture,8,3240.0,0.1,120.0,North,Consumer,Debit Card
ORD-2024-11733,2023-03-29,CUST-0280,OFF-BI-3002,Office Supplies,3,36.0,0.0,21.0,East,Consumer,Debit Card
ORD-2024-15431,2023-03-29,CUST-0552,FUR-DS-2004,Furniture,2,576.0,0.1,56.0,North,Consumer,Credit Card
ORD-2023-12278,2023-03-30,CUST-0423,OFF-PA-3001,Office Supplies,4,72.0,0.0,36.0,South,Consumer,UPI
ORD-2024-10469,2023-03-30,CUST-0145,FUR-DS-2004,Furniture,1,320.0,0.0,60.0,North,Corporate,UPI
ORD-2024-10931,2023-03-30,CUST-0507,TEC-HD-1006,Technology,3,330.0,0.0,120.0,Central,Consumer,Credit Card
ORD-2024-10975,2023-03-30,CUST-0210,OFF-AP-3004,Office Supplies,1,85.0,0.0,30.0,North,Corporate,Credit Card
ORD-2023-11382,2023-03-31,CUST-0526,TEC-HD-1006,Technology,2,220.0,0.0,80.0,West,Consumer,UPI
ORD-2023-11476,2023-03-31,CUST-0574,TEC-LP-1002,Technology,1,1080.0,0.1,180.0,North,Consumer,UPI
ORD-2023-14046,2023-03-31,CUST-0623,TEC-HD-1006,Technology,2,198.0,0.1,58.0,North,Consumer,Credit Card
ORD-2023-14628,2023-03-31,CUST-0023,OFF-BI-3002,Office Supplies,1,11.4,0.05,6.4,Central,Consumer,Credit Card
ORD-2024-13521,2023-03-31,CUST-0234,TEC-PH-1001,Technology,1,637.5,0.25,37.5,East,Consumer,Credit Card
ORD-2024-14345,2023-03-31,CUST-0494,OFF-LA-3006,Office Supplies,10,150.0,0.0,80.0,West,Consumer,UPI
ORD-2023-12938,2023-04-01,CUST-0263,TEC-PR-1005,Technology,1,225.0,0.1,35.0,South,Corporate,Credit Card
ORD-2023-13642,2023-04-01,CUST-0010,TEC-HD-1006,Technology,1,82.5,0.25,12.5,North,Corporate,Debit Card
ORD-2024-10129,2023-04-01,CUST-0609,OFF-LA-3006,Office Supplies,1,15.0,0.0,8.0,East,Corporate,Debit Card
ORD-2024-11667,2023-04-01,CUST-0283,OFF-LA-3006,Office Supplies,4,60.0,0.0,32.0,Central,Consumer,UPI
ORD-2024-13841,2023-04-01,CUST-0649,FUR-TB-2002,Furniture,1,360.0,0.2,-30.0,East,Corporate,Credit Card
ORD-2024-14279,2023-04-01,CUST-0215,OFF-AP-3004,Office Supplies,2,153.0,0.1,43.0,South,Consumer,UPI
ORD-2024-14315,2023-04-01,CUST-0543,OFF-LA-3006,Office Supplies,1,13.5,0.1,6.5,East,Consumer,Credit Card
ORD-2024-14569,2023-04-01,CUST-0394,OFF-PA-3001,Office Supplies,3,54.0,0.0,27.0,North,Corporate,Debit Card
ORD-2024-14915,2023-04-01,CUST-0333,TEC-HD-1006,Technology,3,330.0,0.0,120.0,North,Small Business,UPI
ORD-2023-12554,2023-04-02,CUST-0400,OFF-BI-3002,Office Supplies,3,34.2,0.05,19.2,West,Small Business,Credit Card
ORD-2024-11109,2023-04-02,CUST-0533,OFF-BI-3002,Office Supplies,2,24.0,0.0,14.0,North,Consumer,Credit Card
ORD-2024-13371,2023-04-02,CUST-0378,OFF-BI-3002,Office Supplies,5,54.0,0.1,29.0,South,Consumer,Debit Card
ORD-2023-10584,2023-04-03,CUST-0549,FUR-BK-2003,Furniture,1,176.0,0.2,1.0,West,Consumer,UPI
ORD-2023-11098,2023-04-03,CUST-0281,TEC-HD-1006,Technology,2,209.0,0.05,69.0,East,Consumer,Net Banking
ORD-2023-11870,2023-04-03,CUST-0322,TEC-HD-1006,Technology,2,209.0,0.05,69.0,South,Consumer,UPI
ORD-2024-10665,2023-04-03,CUST-0640,TEC-HD-1006,Technology,1,110.0,0.0,40.0,South,Corporate,Credit Card
ORD-2024-10837,2023-04-03,CUST-0623,TEC-PR-1005,Technology,1,237.5,0.05,47.5,North,Consumer,Debit Card
ORD-2023-10696,2023-04-04,CUST-0578,TEC-MN-1003,Technology,8,1800.0,0.25,120.0,East,Corporate,UPI
ORD-2023-15058,2023-04-04,CUST-0043,TEC-PH-1001,Technology,2,1700.0,0.0,500.0,West,Corporate,UPI
ORD-2024-10195,2023-04-04,CUST-0313,TEC-HD-1006,Technology,1,110.0,0.0,40.0,Central,Consumer,UPI
ORD-2024-11469,2023-04-04,CUST-0397,FUR-TB-2002,Furniture,5,1125.0,0.5,-825.0,West,Consumer,Debit Card
ORD-2024-11947,2023-04-04,CUST-0062,OFF-LA-3006,Office Supplies,1,14.25,0.05,7.25,South,Small Business,Debit Card
ORD-2024-12611,2023-04-04,CUST-0401,OFF-BI-3002,Office Supplies,1,12.0,0.0,7.0,North,Corporate,UPI
ORD-2023-10870,2023-04-05,CUST-0350,FUR-CH-2001,Furniture,2,216.0,0.4,-64.0,South,Consumer,Cash on Delivery
ORD-2023-12008,2023-04-05,CUST-0345,OFF-ST-3003,Office Supplies,2,50.0,0.0,22.0,North,Consumer,Net Banking
ORD-2024-11137,2023-04-05,CUST-0609,TEC-PH-1001,Technology,4,3230.0,0.05,830.0,North,Corporate,UPI
ORD-2024-12327,2023-04-05,CUST-0233,FUR-BK-2003,Furniture,1,110.0,0.5,-65.0,East,Consumer,Debit Card
ORD-2024-13717,2023-04-05,CUST-0084,OFF-LA-3006,Office Supplies,1,14.25,0.05,7.25,South,Small Business,Credit Card
ORD-2024-14611,2023-04-05,CUST-0110,TEC-PR-1005,Technology,1,237.5,0.05,47.5,Central,Corporate,Credit Card
ORD-2023-10034,2023-04-06,CUST-0160,OFF-EN-3005,Office Supplies,1,7.6,0.05,4.6,Central,Corporate,Debit Card
ORD-2023-10438,2023-04-06,CUST-0270,TEC-HD-1006,Technology,2,220.0,0.0,80.0,South,Small Business,Credit Card
ORD-2023-10588,2023-04-06,CUST-0104,OFF-AP-3004,Office Supplies,3,229.5,0.1,64.5,South,Consumer,UPI
ORD-2023-10684,2023-04-06,CUST-0440,TEC-PH-1001,Technology,1,807.5,0.05,207.5,North,Corporate,UPI
ORD-2023-12944,2023-04-06,CUST-0379,FUR-CH-2001,Furniture,1,90.0,0.5,-50.0,North,Corporate,Debit Card
ORD-2023-13278,2023-04-06,CUST-0241,FUR-BK-2003,Furniture,2,308.0,0.3,-42.0,North,Small Business,UPI
ORD-2024-10433,2023-04-06,CUST-0641,TEC-MN-1003,Technology,2,600.0,0.0,180.0,North,Corporate,Net Banking
ORD-2024-11993,2023-04-06,CUST-0557,TEC-AC-1004,Technology,4,153.0,0.15,65.0,West,Consumer,UPI
ORD-2024-12431,2023-04-06,CUST-0033,TEC-AC-1004,Technology,1,42.75,0.05,20.75,South,Corporate,UPI
ORD-2024-14203,2023-04-06,CUST-0486,OFF-BI-3002,Office Supplies,2,22.8,0.05,12.8,South,Small Business,UPI
ORD-2024-14209,2023-04-06,CUST-0523,FUR-CH-2001,Furniture,1,162.0,0.1,22.0,North,Corporate,Cash on Delivery
ORD-2024-14825,2023-04-06,CUST-0224,FUR-TB-2002,Furniture,1,315.0,0.3,-75.0,North,Consumer,Debit Card
ORD-2023-11028,2023-04-07,CUST-0234,FUR-BK-2003,Furniture,2,352.0,0.2,2.0,East,Consumer,UPI
ORD-2023-13114,2023-04-07,CUST-0055,FUR-DS-2004,Furniture,3,768.0,0.2,-12.0,East,Corporate,Credit Card
ORD-2023-14168,2023-04-07,CUST-0097,OFF-AP-3004,Office Supplies,1,80.75,0.05,25.75,East,Consumer,Cash on Delivery
ORD-2023-14758,2023-04-07,CUST-0191,TEC-PH-1001,Technology,1,850.0,0.0,250.0,West,Corporate,Debit Card
ORD-2024-10483,2023-04-07,CUST-0122,TEC-LP-1002,Technology,3,3240.0,0.1,540.0,Central,Corporate,Credit Card
ORD-2024-13777,2023-04-07,CUST-0070,FUR-DS-2004,Furniture,2,384.0,0.4,-136.0,North,Corporate,UPI
ORD-2024-14185,2023-04-07,CUST-0033,TEC-PH-1001,Technology,1,807.5,0.05,207.5,South,Corporate,Credit Card
ORD-2024-14429,2023-04-07,CUST-0401,OFF-LA-3006,Office Supplies,1,14.25,0.05,7.25,North,Corporate,Credit Card
ORD-2023-11802,2023-04-08,CUST-0193,FUR-SF-2005,Furniture,2,1300.0,0.0,200.0,East,Consumer,UPI
ORD-2023-12740,2023-04-08,CUST-0470,FUR-TB-2002,Furniture,1,360.0,0.2,-30.0,North,Corporate,Debit Card
ORD-2023-13208,2023-04-08,CUST-0380,FUR-DS-2004,Furniture,2,640.0,0.0,120.0,East,Consumer,Credit Card
ORD-2023-13562,2023-04-08,CUST-0190,TEC-MN-1003,Technology,2,540.0,0.1,120.0,Central,Consumer,Credit Card
ORD-2023-14166,2023-04-08,CUST-0090,OFF-ST-3003,Office Supplies,1,20.0,0.2,6.0,North,Corporate,Debit Card
ORD-2024-13411,2023-04-08,CUST-0170,FUR-BK-2003,Furniture,1,132.0,0.4,-43.0,Central,Small Business,Debit Card
ORD-2024-13807,2023-04-08,CUST-0049,FUR-CH-2001,Furniture,3,432.0,0.2,12.0,North,Consumer,Net Banking
ORD-2023-12380,2023-04-09,CUST-0196,FUR-SF-2005,Furniture,8,4680.0,0.1,280.0,North,Consumer,UPI
ORD-2023-13802,2023-04-09,CUST-0293,TEC-LP-1002,Technology,2,2400.0,0.0,600.0,East,Corporate,UPI
ORD-2023-15136,2023-04-09,CUST-0397,TEC-MN-1003,Technology,1,300.0,0.0,90.0,West,Consumer,Credit Card
ORD-2023-15358,2023-04-09,CUST-0574,TEC-LP-1002,Technology,1,1080.0,0.1,180.0,North,Consumer,Cash on Delivery
ORD-2024-12071,2023-04-09,CUST-0484,FUR-SF-2005,Furniture,5,3250.0,0.0,500.0,East,Corporate,Debit Card
ORD-2024-13307,2023-04-09,CUST-0069,OFF-PA-3001,Office Supplies,2,34.2,0.05,16.2,North,Corporate,Cash on Delivery
ORD-2024-15033,2023-04-09,CUST-0522,OFF-AP-3004,Office Supplies,2,136.0,0.2,26.0,West,Consumer,Debit Card
ORD-2023-10952,2023-04-10,CUST-0430,TEC-AC-1004,Technology,1,40.5,0.1,18.5,North,Consumer,Debit Card
ORD-2023-14834,2023-04-10,CUST-0043,OFF-PA-3001,Office Supplies,1,16.2,0.1,7.2,Central,Corporate,Credit Card
ORD-2024-11845,2023-04-10,CUST-0141,TEC-PH-1001,Technology,2,1615.0,0.05,415.0,West,Corporate,Debit Card
ORD-2024-12151,2023-04-10,CUST-0271,OFF-EN-3005,Office Supplies,2,12.8,0.2,6.8,West,Small Business,UPI
ORD-2024-12773,2023-04-10,CUST-0300,TEC-AC-1004,Technology,2,90.0,0.0,46.0,North,Small Business,Credit Card
ORD-2023-10148,2023-04-11,CUST-0089,FUR-DS-2004,Furniture,1,288.0,0.1,28.0,West,Small Business,Credit Card
ORD-2023-10926,2023-04-11,CUST-0443,FUR-TB-2002,Furniture,1,270.0,0.4,-120.0,West,Consumer,Net Banking
ORD-2023-13356,2023-04-11,CUST-0494,OFF-LA-3006,Office Supplies,2,30.0,0.0,16.0,West,Consumer,Net Banking
ORD-2023-14326,2023-04-11,CUST-0476,FUR-BK-2003,Furniture,1,132.0,0.4,-43.0,North,Small Business,Debit Card
ORD-2024-11431,2023-04-11,CUST-0346,TEC-HD-1006,Technology,4,440.0,0.0,160.0,North,Corporate,Debit Card
ORD-2024-14387,2023-04-11,CUST-0124,OFF-LA-3006,Office Supplies,2,30.0,0.0,16.0,North,Consumer,UPI
ORD-2024-14499,2023-04-11,CUST-0514,FUR-BK-2003,Furniture,2,396.0,0.1,46.0,West,Corporate,Debit Card
ORD-2023-11218,2023-04-12,CUST-0234,TEC-AC-1004,Technology,1,45.0,0.0,23.0,East,Consumer,Credit Card
ORD-2023-12928,2023-04-12,CUST-0638,OFF-PA-3001,Office Supplies,4,64.8,0.1,28.8,Central,Small Business,UPI
ORD-2023-13856,2023-04-12,CUST-0438,TEC-PR-1005,Technology,2,475.0,0.05,95.0,East,Small Business,Net Banking
ORD-2024-11043,2023-04-12,CUST-0602,TEC-HD-1006,Technology,2,220.0,0.0,80.0,South,Consumer,Debit Card
ORD-2024-14717,2023-04-12,CUST-0109,TEC-HD-1006,Technology,2,187.0,0.15,47.0,West,Small Business,UPI
ORD-2023-10310,2023-04-13,CUST-0416,OFF-ST-3003,Office Supplies,1,23.75,0.05,9.75,South,Corporate,Credit Card
ORD-2023-11072,2023-04-13,CUST-0358,FUR-SF-2005,Furniture,2,1300.0,0.0,200.0,North,Consumer,Cash on Delivery
ORD-2023-12430,2023-04-13,CUST-0042,OFF-ST-3003,Office Supplies,1,23.75,0.05,9.75,North,Consumer,UPI
ORD-2024-10655,2023-04-13,CUST-0141,OFF-AP-3004,Office Supplies,1,59.5,0.3,4.5,West,Corporate,Cash on Delivery
ORD-2024-12029,2023-04-13,CUST-0592,TEC-PR-1005,Technology,3,750.0,0.0,180.0,West,Small Business,Credit Card
ORD-2024-12891,2023-04-13,CUST-0364,TEC-PH-1001,Technology,1,850.0,0.0,250.0,Central,Consumer,UPI
ORD-2024-13259,2023-04-13,CUST-0270,TEC-MN-1003,Technology,2,600.0,0.0,180.0,South,Small Business,Credit Card
ORD-2023-10512,2023-04-14,CUST-0554,FUR-TB-2002,Furniture,5,1800.0,0.2,-150.0,East,Consumer,UPI
ORD-2023-12058,2023-04-14,CUST-0293,OFF-EN-3005,Office Supplies,2,16.0,0.0,10.0,East,Corporate,UPI
ORD-2023-13188,2023-04-14,CUST-0306,TEC-MN-1003,Technology,2,510.0,0.15,90.0,South,Consumer,Debit Card
ORD-2023-13342,2023-04-14,CUST-0195,TEC-MN-1003,Technology,2,600.0,0.0,180.0,South,Consumer,Net Banking
ORD-2024-10341,2023-04-14,CUST-0512,TEC-LP-1002,Technology,1,1200.0,0.0,300.0,South,Consumer,UPI
ORD-2024-13331,2023-04-14,CUST-0338,TEC-HD-1006,Technology,1,110.0,0.0,40.0,Central,Small Business,Credit Card
ORD-2023-12594,2023-04-15,CUST-0313,FUR-SF-2005,Furniture,1,650.0,0.0,100.0,Central,Consumer,UPI
ORD-2023-12760,2023-04-15,CUST-0257,FUR-TB-2002,Furniture,3,1350.0,0.0,180.0,West,Consumer,Credit Card
ORD-2024-10093,2023-04-15,CUST-0514,TEC-AC-1004,Technology,1,42.75,0.05,20.75,West,Corporate,Credit Card
ORD-2024-12733,2023-04-15,CUST-0097,OFF-EN-3005,Office Supplies,3,22.8,0.05,13.8,East,Consumer,Net Banking
ORD-2024-13243,2023-04-15,CUST-0186,OFF-LA-3006,Office Supplies,1,14.25,0.05,7.25,North,Consumer,Debit Card
ORD-2024-15107,2023-04-15,CUST-0528,OFF-ST-3003,Office Supplies,1,23.75,0.05,9.75,East,Consumer,Debit Card
ORD-2023-10110,2023-04-16,CUST-0451,FUR-SF-2005,Furniture,2,1040.0,0.2,-60.0,East,Small Business,Credit Card
ORD-2023-14170,2023-04-16,CUST-0300,OFF-LA-3006,Office Supplies,1,13.5,0.1,6.5,North,Small Business,UPI
ORD-2023-14576,2023-04-16,CUST-0196,FUR-CH-2001,Furniture,3,486.0,0.1,66.0,North,Consumer,UPI
ORD-2024-10875,2023-04-16,CUST-0291,FUR-DS-2004,Furniture,1,224.0,0.3,-36.0,North,Consumer,UPI
ORD-2024-11503,2023-04-16,CUST-0313,FUR-TB-2002,Furniture,2,810.0,0.1,30.0,Central,Consumer,Credit Card
ORD-2024-13629,2023-04-16,CUST-0289,TEC-PH-1001,Technology,1,807.5,0.05,207.5,East,Consumer,Net Banking
ORD-2024-13803,2023-04-16,CUST-0566,TEC-PR-1005,Technology,1,187.5,0.25,-2.5,North,Consumer,Net Banking
ORD-2024-13945,2023-04-16,CUST-0478,TEC-MN-1003,Technology,1,300.0,0.0,90.0,East,Corporate,Credit Card
ORD-2024-13981,2023-04-16,CUST-0296,OFF-AP-3004,Office Supplies,3,229.5,0.1,64.5,East,Consumer,Credit Card
ORD-2024-15105,2023-04-16,CUST-0635,FUR-BK-2003,Furniture,3,594.0,0.1,69.0,North,Corporate,Net Banking
ORD-2023-14844,2023-04-17,CUST-0238,TEC-HD-1006,Technology,2,220.0,0.0,80.0,South,Corporate,UPI
ORD-2024-13117,2023-04-17,CUST-0234,TEC-LP-1002,Technology,2,2400.0,0.0,600.0,East,Consumer,Debit Card
ORD-2024-13667,2023-04-17,CUST-0430,OFF-EN-3005,Office Supplies,4,32.0,0.0,20.0,North,Consumer,Debit Card
ORD-2024-13849,2023-04-17,CUST-0500,TEC-MN-1003,Technology,3,900.0,0.0,270.0,South,Consumer,Net Banking
ORD-2023-12072,2023-04-18,CUST-0323,FUR-TB-2002,Furniture,2,810.0,0.1,30.0,South,Corporate,Credit Card
ORD-2023-15378,2023-04-18,CUST-0501,OFF-BI-3002,Office Supplies,2,22.8,0.05,12.8,South,Corporate,Net Banking
ORD-2024-13221,2023-04-18,CUST-0348,OFF-ST-3003,Office Supplies,4,100.0,0.0,44.0,South,Corporate,Credit Card
ORD-2024-14249,2023-04-18,CUST-0138,OFF-PA-3001,Office Supplies,1,18.0,0.0,9.0,Central,Small Business,Credit Card
ORD-2023-10020,2023-04-19,CUST-0494,FUR-CH-2001,Furniture,3,540.0,0.0,120.0,West,Consumer,Debit Card
ORD-2023-11626,2023-04-19,CUST-0265,OFF-AP-3004,Office Supplies,3,255.0,0.0,90.0,East,Corporate,Credit Card
ORD-2023-12628,2023-04-19,CUST-0265,OFF-EN-3005,Office Supplies,4,32.0,0.0,20.0,East,Corporate,Cash on Delivery
ORD-2023-14180,2023-04-19,CUST-0437,TEC-HD-1006,Technology,3,330.0,0.0,120.0,West,Consumer,Credit Card
ORD-2024-11881,2023-04-19,CUST-0514,OFF-BI-3002,Office Supplies,1,10.8,0.1,5.8,West,Corporate,UPI
ORD-2024-13361,2023-04-19,CUST-0488,OFF-EN-3005,Office Supplies,2,16.0,0.0,10.0,North,Corporate,UPI
ORD-2024-13871,2023-04-19,CUST-0317,OFF-PA-3001,Office Supplies,1,18.0,0.0,9.0,East,Small Business,UPI
ORD-2024-14593,2023-04-19,CUST-0616,FUR-BK-2003,Furniture,2,308.0,0.3,-42.0,North,Consumer,Debit Card
ORD-2023-10072,2023-04-20,CUST-0642,OFF-AP-3004,Office Supplies,4,323.0,0.05,103.0,Central,Consumer,Cash on Delivery
ORD-2023-11394,2023-04-20,CUST-0442,FUR-DS-2004,Furniture,1,288.0,0.1,28.0,Central,Consumer,UPI
ORD-2023-13328,2023-04-20,CUST-0010,FUR-CH-2001,Furniture,2,360.0,0.0,80.0,East,Corporate,Credit Card
ORD-2023-14362,2023-04-20,CUST-0397,OFF-ST-3003,Office Supplies,4,95.0,0.05,39.0,East,Consumer,UPI
ORD-2023-15410,2023-04-20,CUST-0482,OFF-ST-3003,Office Supplies,1,23.75,0.05,9.75,West,Consumer,Credit Card
ORD-2024-10367,2023-04-20,CUST-0228,OFF-LA-3006,Office Supplies,1,15.0,0.0,8.0,North,Consumer,Credit Card
ORD-2024-10607,2023-04-20,CUST-0111,FUR-CH-2001,Furniture,1,180.0,0.0,40.0,West,Consumer,Debit Card
ORD-2024-10705,2023-04-20,CUST-0317,FUR-BK-2003,Furniture,3,594.0,0.1,69.0,Central,Small Business,Net Banking
ORD-2024-10945,2023-04-20,CUST-0060,FUR-CH-2001,Furniture,2,324.0,0.1,44.0,West,Consumer,Debit Card
ORD-2024-13375,2023-04-20,CUST-0072,FUR-TB-2002,Furniture,1,225.0,0.5,-165.0,East,Consumer,Debit Card
ORD-2024-14731,2023-04-20,CUST-0569,FUR-TB-2002,Furniture,2,900.0,0.0,120.0,North,Consumer,Net Banking
ORD-2023-10166,2023-04-21,CUST-0593,FUR-SF-2005,Furniture,1,585.0,0.1,35.0,Central,Corporate,Credit Card
ORD-2023-11552,2023-04-21,CUST-0635,OFF-BI-3002,Office Supplies,3,34.2,0.05,19.2,North,Corporate,Credit Card
ORD-2023-12092,2023-04-21,CUST-0396,TEC-AC-1004,Technology,4,180.0,0.0,92.0,East,Small Business,Debit Card
ORD-2023-12716,2023-04-21,CUST-0446,OFF-LA-3006,Office Supplies,1,14.25,0.05,7.25,North,Corporate,UPI
ORD-2024-11867,2023-04-21,CUST-0554,TEC-PH-1001,Technology,3,2295.0,0.1,495.0,East,Consumer,Cash on Delivery
ORD-2024-12255,2023-04-21,CUST-0589,OFF-BI-3002,Office Supplies,2,22.8,0.05,12.8,South,Consumer,Net Banking
ORD-2024-12797,2023-04-21,CUST-0370,OFF-EN-3005,Office Supplies,1,6.4,0.2,3.4,East,Corporate,Credit Card
ORD-2024-15423,2023-04-21,CUST-0055,TEC-MN-1003,Technology,2,600.0,0.0,180.0,East,Corporate,Credit Card
ORD-2023-10308,2023-04-22,CUST-0229,OFF-LA-3006,Office Supplies,5,60.0,0.2,25.0,East,Small Business,Debit Card
ORD-2023-15336,2023-04-22,CUST-0275,FUR-CH-2001,Furniture,3,486.0,0.1,66.0,South,Consumer,Cash on Delivery
ORD-2024-10399,2023-04-22,CUST-0331,TEC-LP-1002,Technology,1,1200.0,0.0,300.0,East,Corporate,Net Banking
ORD-2023-10900,2023-04-23,CUST-0218,OFF-BI-3002,Office Supplies,1,9.6,0.2,4.6,East,Corporate,Credit Card
ORD-2023-12004,2023-04-23,CUST-0147,OFF-PA-3001,Office Supplies,1,14.4,0.2,5.4,North,Corporate,Credit Card
ORD-2023-12270,2023-04-23,CUST-0066,OFF-EN-3005,Office Supplies,1,8.0,0.0,5.0,West,Consumer,Debit Card
ORD-2023-12684,2023-04-23,CUST-0125,TEC-MN-1003,Technology,1,300.0,0.0,90.0,Central,Consumer,Credit Card
ORD-2023-13982,2023-04-23,CUST-0527,TEC-MN-1003,Technology,5,1425.0,0.05,375.0,East,Corporate,UPI
ORD-2023-14608,2023-04-23,CUST-0124,OFF-BI-3002,Office Supplies,1,12.0,0.0,7.0,North,Consumer,Net Banking
ORD-2024-14085,2023-04-23,CUST-0610,FUR-SF-2005,Furniture,3,1365.0,0.3,-285.0,West,Small Business,UPI
ORD-2024-14109,2023-04-23,CUST-0023,FUR-BK-2003,Furniture,1,198.0,0.1,23.0,West,Consumer,Credit Card
ORD-2024-15433,2023-04-23,CUST-0210,OFF-BI-3002,Office Supplies,1,11.4,0.05,6.4,East,Corporate,Credit Card
ORD-2023-10932,2023-04-24,CUST-0340,TEC-MN-1003,Technology,10,3000.0,0.0,900.0,Central,Corporate,Credit Card
ORD-2023-13128,2023-04-24,CUST-0153,OFF-ST-3003,Office Supplies,1,20.0,0.2,6.0,West,Consumer,UPI
ORD-2023-14660,2023-04-24,CUST-0076,TEC-MN-1003,Technology,4,1200.0,0.0,360.0,West,Consumer,Credit Card
ORD-2024-10987,2023-04-24,CUST-0042,TEC-HD-1006,Technology,3,313.5,0.05,103.5,North,Consumer,Net Banking
ORD-2024-11911,2023-04-24,CUST-0125,OFF-BI-3002,Office Supplies,5,57.0,0.05,32.0,East,Consumer,UPI
ORD-2024-13213,2023-04-24,CUST-0119,OFF-AP-3004,Office Supplies,1,85.0,0.0,30.0,East,Consumer,UPI
ORD-2024-14165,2023-04-24,CUST-0308,OFF-LA-3006,Office Supplies,1,13.5,0.1,6.5,East,Consumer,Credit Card
ORD-2024-15359,2023-04-24,CUST-0533,FUR-TB-2002,Furniture,2,540.0,0.4,-240.0,South,Consumer,Debit Card
ORD-2023-13192,2023-04-25,CUST-0107,FUR-DS-2004,Furniture,1,256.0,0.2,-4.0,North,Consumer,UPI
ORD-2023-13284,2023-04-25,CUST-0100,TEC-AC-1004,Technology,1,45.0,0.0,23.0,East,Consumer,Credit Card
ORD-2023-15390,2023-04-25,CUST-0563,FUR-CH-2001,Furniture,4,504.0,0.3,-56.0,East,Small Business,UPI
ORD-2024-10995,2023-04-25,CUST-0202,TEC-PH-1001,Technology,5,4250.0,0.0,1250.0,North,Consumer,Debit Card
ORD-2024-11951,2023-04-25,CUST-0498,OFF-AP-3004,Office Supplies,1,85.0,0.0,30.0,North,Consumer,Cash on Delivery
ORD-2024-12309,2023-04-25,CUST-0261,FUR-TB-2002,Furniture,5,2250.0,0.0,300.0,East,Corporate,Credit Card
ORD-2023-11128,2023-04-26,CUST-0128,FUR-CH-2001,Furniture,1,180.0,0.0,40.0,East,Corporate,Credit Card
ORD-2023-12632,2023-04-26,CUST-0154,OFF-LA-3006,Office Supplies,3,45.0,0.0,24.0,North,Consumer,Debit Card
ORD-2023-12754,2023-04-26,CUST-0416,TEC-HD-1006,Technology,2,165.0,0.25,25.0,North,Corporate,Credit Card
ORD-2023-12984,2023-04-26,CUST-0152,OFF-LA-3006,Office Supplies,1,14.25,0.05,7.25,North,Small Business,UPI
ORD-2023-13522,2023-04-26,CUST-0586,TEC-PH-1001,Technology,2,1530.0,0.1,330.0,West,Corporate,Debit Card
ORD-2024-10593,2023-04-26,CUST-0051,FUR-SF-2005,Furniture,1,650.0,0.0,100.0,North,Small Business,Credit Card
ORD-2024-10805,2023-04-26,CUST-0464,TEC-PH-1001,Technology,3,2422.5,0.05,622.5,East,Consumer,Credit Card
ORD-2024-11787,2023-04-26,CUST-0632,OFF-AP-3004,Office Supplies,3,255.0,0.0,90.0,East,Consumer,Cash on Delivery
ORD-2024-12041,2023-04-26,CUST-0126,FUR-DS-2004,Furniture,2,576.0,0.1,56.0,West,Consumer,UPI
ORD-2024-13157,2023-04-26,CUST-0338,FUR-SF-2005,Furniture,3,1560.0,0.2,-90.0,Central,Small Business,UPI
ORD-2024-15385,2023-04-26,CUST-0486,FUR-DS-2004,Furniture,1,320.0,0.0,60.0,East,Small Business,Credit Card
ORD-2023-10580,2023-04-27,CUST-0584,FUR-BK-2003,Furniture,1,220.0,0.0,45.0,East,Consumer,Credit Card
ORD-2024-10861,2023-04-27,CUST-0549,TEC-PH-1001,Technology,1,850.0,0.0,250.0,West,Consumer,Credit Card
ORD-2024-10953,2023-04-27,CUST-0212,FUR-CH-2001,Furniture,1,90.0,0.5,-50.0,North,Corporate,Credit Card
ORD-2024-11569,2023-04-27,CUST-0352,TEC-HD-1006,Technology,1,110.0,0.0,40.0,Central,Corporate,Credit Card
ORD-2024-13749,2023-04-27,CUST-0513,TEC-LP-1002,Technology,2,2160.0,0.1,360.0,East,Consumer,Cash on Delivery
ORD-2024-15441,2023-04-27,CUST-0097,TEC-LP-1002,Technology,1,1200.0,0.0,300.0,East,Consumer,UPI
ORD-2023-10120,2023-04-28,CUST-0251,TEC-LP-1002,Technology,2,2400.0,0.0,600.0,North,Consumer,Credit Card
ORD-2023-11220,2023-04-28,CUST-0416,OFF-EN-3005,Office Supplies,4,30.4,0.05,18.4,North,Corporate,Debit Card
ORD-2023-13052,2023-04-28,CUST-0460,OFF-LA-3006,Office Supplies,1,13.5,0.1,6.5,South,Corporate,Credit Card
ORD-2023-14142,2023-04-28,CUST-0479,OFF-AP-3004,Office Supplies,2,136.0,0.2,26.0,North,Consumer,UPI
ORD-2023-14492,2023-04-28,CUST-0605,OFF-LA-3006,Office Supplies,3,36.0,0.2,15.0,North,Consumer,Debit Card
ORD-2024-10635,2023-04-28,CUST-0498,FUR-TB-2002,Furniture,2,540.0,0.4,-240.0,North,Consumer,UPI
ORD-2024-11465,2023-04-28,CUST-0236,OFF-ST-3003,Office Supplies,2,45.0,0.1,17.0,South,Small Business,Debit Card
ORD-2023-10404,2023-04-29,CUST-0323,OFF-AP-3004,Office Supplies,1,80.75,0.05,25.75,South,Corporate,Credit Card
ORD-2023-11390,2023-04-29,CUST-0241,FUR-CH-2001,Furniture,8,1296.0,0.1,176.0,North,Small Business,UPI
ORD-2023-12280,2023-04-29,CUST-0119,OFF-BI-3002,Office Supplies,3,36.0,0.0,21.0,East,Consumer,UPI
ORD-2023-12404,2023-04-29,CUST-0360,FUR-SF-2005,Furniture,1,390.0,0.4,-160.0,North,Corporate,UPI
ORD-2024-11391,2023-04-29,CUST-0217,TEC-PH-1001,Technology,1,850.0,0.0,250.0,Central,Corporate,Credit Card
ORD-2024-11753,2023-04-29,CUST-0300,OFF-PA-3001,Office Supplies,1,17.1,0.05,8.1,North,Small Business,Debit Card
ORD-2024-13029,2023-04-29,CUST-0359,FUR-CH-2001,Furniture,3,324.0,0.4,-96.0,South,Small Business,UPI
ORD-2024-14993,2023-04-29,CUST-0200,FUR-BK-2003,Furniture,1,198.0,0.1,23.0,East,Consumer,Credit Card
ORD-2023-14740,2023-04-30,CUST-0548,OFF-EN-3005,Office Supplies,8,60.8,0.05,36.8,East,Small Business,UPI
ORD-2024-11033,2023-04-30,CUST-0426,OFF-PA-3001,Office Supplies,2,34.2,0.05,16.2,North,Consumer,Credit Card
ORD-2024-12541,2023-04-30,CUST-0019,TEC-LP-1002,Technology,1,1200.0,0.0,300.0,South,Corporate,Credit Card
ORD-2024-13961,2023-04-30,CUST-0501,TEC-PH-1001,Technology,1,850.0,0.0,250.0,South,Corporate,UPI
ORD-2024-14685,2023-04-30,CUST-0368,TEC-PH-1001,Technology,2,1700.0,0.0,500.0,West,Small Business,Cash on Delivery
ORD-2023-11850,2023-05-01,CUST-0079,OFF-AP-3004,Office Supplies,4,340.0,0.0,120.0,West,Consumer,UPI
ORD-2024-10561,2023-05-01,CUST-0504,TEC-MN-1003,Technology,3,900.0,0.0,270.0,West,Corporate,Debit Card
ORD-2024-11203,2023-05-01,CUST-0284,TEC-PH-1001,Technology,1,765.0,0.1,165.0,North,Corporate,Credit Card
ORD-2024-12049,2023-05-01,CUST-0429,OFF-ST-3003,Office Supplies,2,40.0,0.2,12.0,East,Consumer,Credit Card
ORD-2024-12475,2023-05-01,CUST-0344,FUR-DS-2004,Furniture,1,192.0,0.4,-68.0,North,Small Business,Credit Card
ORD-2024-14199,2023-05-01,CUST-0636,FUR-SF-2005,Furniture,1,585.0,0.1,35.0,Central,Consumer,Debit Card
ORD-2023-11506,2023-05-02,CUST-0077,TEC-PR-1005,Technology,1,237.5,0.05,47.5,Central,Small Business,Credit Card
ORD-2023-12258,2023-05-02,CUST-0293,FUR-DS-2004,Furniture,3,864.0,0.1,84.0,East,Corporate,Debit Card
ORD-2023-14652,2023-05-02,CUST-0116,OFF-BI-3002,Office Supplies,1,12.0,0.0,7.0,East,Corporate,Credit Card
ORD-2023-15238,2023-05-02,CUST-0251,TEC-LP-1002,Technology,2,1800.0,0.25,0.0,Central,Consumer,Cash on Delivery
ORD-2024-11631,2023-05-02,CUST-0326,OFF-BI-3002,Office Supplies,4,48.0,0.0,28.0,East,Consumer,Credit Card
ORD-2024-12371,2023-05-02,CUST-0473,FUR-CH-2001,Furniture,5,540.0,0.4,-160.0,West,Consumer,UPI
ORD-2024-13161,2023-05-02,CUST-0156,OFF-AP-3004,Office Supplies,1,80.75,0.05,25.75,South,Consumer,Cash on Delivery
ORD-2024-13551,2023-05-02,CUST-0431,OFF-LA-3006,Office Supplies,1,14.25,0.05,7.25,South,Consumer,Debit Card
ORD-2024-13931,2023-05-02,CUST-0324,TEC-AC-1004,Technology,1,45.0,0.0,23.0,East,Consumer,UPI
ORD-2024-14065,2023-05-02,CUST-0126,OFF-EN-3005,Office Supplies,2,15.2,0.05,9.2,North,Consumer,Debit Card
ORD-2023-10714,2023-05-03,CUST-0640,TEC-PH-1001,Technology,1,765.0,0.1,165.0,South,Corporate,Credit Card
ORD-2023-12082,2023-05-03,CUST-0293,OFF-BI-3002,Office Supplies,1,12.0,0.0,7.0,East,Corporate,Credit Card
ORD-2024-13089,2023-05-03,CUST-0035,OFF-PA-3001,Office Supplies,3,54.0,0.0,27.0,East,Consumer,Debit Card
ORD-2023-10528,2023-05-04,CUST-0126,TEC-PR-1005,Technology,3,750.0,0.0,180.0,South,Consumer,Credit Card
ORD-2023-12466,2023-05-04,CUST-0427,FUR-SF-2005,Furniture,10,4550.0,0.3,-950.0,North,Consumer,Net Banking
ORD-2023-14006,2023-05-04,CUST-0458,OFF-PA-3001,Office Supplies,3,37.8,0.3,10.8,West,Consumer,Cash on Delivery
ORD-2023-14174,2023-05-04,CUST-0345,OFF-LA-3006,Office Supplies,1,12.0,0.2,5.0,North,Consumer,Cash on Delivery
ORD-2023-15170,2023-05-04,CUST-0444,TEC-HD-1006,Technology,1,110.0,0.0,40.0,East,Consumer,Debit Card
ORD-2024-11089,2023-05-04,CUST-0502,TEC-MN-1003,Technology,1,285.0,0.05,75.0,South,Consumer,Debit Card
ORD-2024-12569,2023-05-04,CUST-0186,TEC-PR-1005,Technology,2,475.0,0.05,95.0,North,Consumer,Cash on Delivery
ORD-2024-13001,2023-05-04,CUST-0199,TEC-AC-1004,Technology,1,40.5,0.1,18.5,South,Small Business,Credit Card
ORD-2024-14347,2023-05-04,CUST-0590,OFF-ST-3003,Office Supplies,2,40.0,0.2,12.0,South,Consumer,Cash on Delivery
ORD-2024-15169,2023-05-04,CUST-0514,TEC-PR-1005,Technology,1,237.5,0.05,47.5,West,Corporate,Cash on Delivery
ORD-2023-11676,2023-05-05,CUST-0182,FUR-BK-2003,Furniture,2,308.0,0.3,-42.0,Central,Corporate,UPI
ORD-2023-13300,2023-05-05,CUST-0010,TEC-MN-1003,Technology,3,900.0,0.0,270.0,East,Corporate,Cash on Delivery
ORD-2024-11411,2023-05-05,CUST-0486,OFF-EN-3005,Office Supplies,2,16.0,0.0,10.0,East,Small Business,Credit Card
ORD-2024-12409,2023-05-05,CUST-0159,FUR-BK-2003,Furniture,1,220.0,0.0,45.0,Central,Corporate,Credit Card
ORD-2024-13225,2023-05-05,CUST-0074,TEC-PR-1005,Technology,1,250.0,0.0,60.0,East,Small Business,Credit Card
ORD-2023-10574,2023-05-07,CUST-0041,FUR-BK-2003,Furniture,2,396.0,0.1,46.0,West,Corporate,Credit Card
ORD-2023-11546,2023-05-07,CUST-0343,OFF-ST-3003,Office Supplies,1,23.75,0.05,9.75,West,Small Business,Credit Card
ORD-2023-12534,2023-05-07,CUST-0553,FUR-DS-2004,Furniture,5,1600.0,0.0,300.0,South,Corporate,Cash on Delivery
ORD-2024-11039,2023-05-07,CUST-0145,OFF-PA-3001,Office Supplies,3,54.0,0.0,27.0,North,Corporate,Debit Card
ORD-2023-11192,2023-05-08,CUST-0005,FUR-TB-2002,Furniture,2,720.0,0.2,-60.0,North,Small Business,Credit Card
ORD-2023-11354,2023-05-08,CUST-0193,FUR-BK-2003,Furniture,1,154.0,0.3,-21.0,Central,Consumer,UPI
ORD-2023-15248,2023-05-08,CUST-0501,TEC-PR-1005,Technology,1,212.5,0.15,22.5,South,Corporate,Credit Card
ORD-2024-10233,2023-05-08,CUST-0259,OFF-LA-3006,Office Supplies,5,71.25,0.05,36.25,North,Corporate,Debit Card
ORD-2024-11735,2023-05-08,CUST-0250,OFF-AP-3004,Office Supplies,5,340.0,0.2,65.0,West,Corporate,Credit Card
ORD-2024-12507,2023-05-08,CUST-0620,FUR-BK-2003,Furniture,2,396.0,0.1,46.0,West,Consumer,Debit Card
ORD-2024-12727,2023-05-08,CUST-0574,FUR-TB-2002,Furniture,2,720.0,0.2,-60.0,North,Consumer,Cash on Delivery
ORD-2024-13195,2023-05-08,CUST-0629,FUR-CH-2001,Furniture,4,720.0,0.0,160.0,South,Consumer,Debit Card
ORD-2024-14161,2023-05-08,CUST-0400,OFF-BI-3002,Office Supplies,10,96.0,0.2,46.0,West,Small Business,Credit Card
ORD-2024-14379,2023-05-08,CUST-0096,FUR-SF-2005,Furniture,1,650.0,0.0,100.0,South,Consumer,UPI
ORD-2023-14526,2023-05-09,CUST-0034,FUR-TB-2002,Furniture,1,315.0,0.3,-75.0,North,Consumer,UPI
ORD-2024-11669,2023-05-09,CUST-0647,OFF-LA-3006,Office Supplies,3,45.0,0.0,24.0,North,Consumer,Debit Card
ORD-2024-14103,2023-05-09,CUST-0392,TEC-AC-1004,Technology,1,38.25,0.15,16.25,East,Consumer,Credit Card
ORD-2024-14621,2023-05-09,CUST-0234,OFF-EN-3005,Office Supplies,1,8.0,0.0,5.0,East,Consumer,UPI
ORD-2024-15401,2023-05-09,CUST-0498,OFF-PA-3001,Office Supplies,3,43.2,0.2,16.2,North,Consumer,Debit Card
ORD-2023-10178,2023-05-10,CUST-0062,OFF-PA-3001,Office Supplies,4,57.6,0.2,21.6,North,Small Business,Credit Card
ORD-2023-11774,2023-05-10,CUST-0104,TEC-AC-1004,Technology,1,45.0,0.0,23.0,South,Consumer,Cash on Delivery
ORD-2023-11892,2023-05-10,CUST-0406,OFF-AP-3004,Office Supplies,2,161.5,0.05,51.5,East,Consumer,UPI
ORD-2023-14776,2023-05-10,CUST-0235,OFF-EN-3005,Office Supplies,1,8.0,0.0,5.0,North,Consumer,Debit Card
ORD-2024-12025,2023-05-10,CUST-0326,TEC-MN-1003,Technology,3,900.0,0.0,270.0,East,Consumer,Credit Card
ORD-2024-14211,2023-05-10,CUST-0137,OFF-BI-3002,Office Supplies,2,24.0,0.0,14.0,North,Small Business,Debit Card
ORD-2023-11122,2023-05-11,CUST-0253,OFF-ST-3003,Office Supplies,5,118.75,0.05,48.75,East,Corporate,Debit Card
ORD-2024-10223,2023-05-11,CUST-0503,OFF-ST-3003,Office Supplies,1,25.0,0.0,11.0,East,Corporate,Net Banking
ORD-2024-11989,2023-05-11,CUST-0306,FUR-CH-2001,Furniture,1,162.0,0.1,22.0,South,Consumer,UPI
ORD-2024-12289,2023-05-11,CUST-0448,FUR-TB-2002,Furniture,2,630.0,0.3,-150.0,South,Consumer,UPI
ORD-2024-13823,2023-05-11,CUST-0493,FUR-SF-2005,Furniture,1,325.0,0.5,-225.0,West,Corporate,Net Banking
ORD-2024-15121,2023-05-11,CUST-0472,OFF-ST-3003,Office Supplies,2,47.5,0.05,19.5,East,Consumer,UPI
ORD-2023-10024,2023-05-12,CUST-0158,OFF-ST-3003,Office Supplies,2,35.0,0.3,7.0,North,Small Business,Debit Card
ORD-2023-10558,2023-05-12,CUST-0538,TEC-HD-1006,Technology,1,110.0,0.0,40.0,East,Corporate,Net Banking
ORD-2023-12700,2023-05-12,CUST-0014,FUR-TB-2002,Furniture,1,315.0,0.3,-75.0,North,Consumer,Cash on Delivery
ORD-2023-14314,2023-05-12,CUST-0340,OFF-PA-3001,Office Supplies,5,85.5,0.05,40.5,South,Corporate,Debit Card
ORD-2023-14332,2023-05-12,CUST-0085,OFF-EN-3005,Office Supplies,1,8.0,0.0,5.0,West,Small Business,Cash on Delivery
ORD-2024-10289,2023-05-12,CUST-0634,OFF-PA-3001,Office Supplies,2,32.4,0.1,14.4,Central,Corporate,Debit Card
ORD-2024-12001,2023-05-12,CUST-0345,TEC-LP-1002,Technology,5,6000.0,0.0,1500.0,North,Consumer,UPI
ORD-2024-15495,2023-05-12,CUST-0078,FUR-TB-2002,Furniture,1,315.0,0.3,-75.0,East,Corporate,UPI
ORD-2023-10222,2023-05-13,CUST-0290,FUR-SF-2005,Furniture,3,1755.0,0.1,105.0,West,Consumer,Credit Card
ORD-2023-10856,2023-05-13,CUST-0603,TEC-HD-1006,Technology,1,104.5,0.05,34.5,North,Corporate,Net Banking
ORD-2023-11200,2023-05-13,CUST-0505,FUR-CH-2001,Furniture,1,162.0,0.1,22.0,North,Small Business,Credit Card
ORD-2023-11710,2023-05-13,CUST-0026,FUR-TB-2002,Furniture,2,720.0,0.2,-60.0,West,Corporate,UPI
ORD-2024-10271,2023-05-13,CUST-0045,TEC-PR-1005,Technology,1,250.0,0.0,60.0,Central,Consumer,UPI
ORD-2024-13613,2023-05-13,CUST-0425,OFF-BI-3002,Office Supplies,1,8.4,0.3,3.4,North,Corporate,Debit Card
ORD-2023-10176,2023-05-14,CUST-0096,TEC-PH-1001,Technology,4,3400.0,0.0,1000.0,South,Consumer,UPI
ORD-2023-10500,2023-05-14,CUST-0642,TEC-LP-1002,Technology,3,3420.0,0.05,720.0,East,Consumer,Credit Card
ORD-2023-12160,2023-05-14,CUST-0012,TEC-PH-1001,Technology,8,6800.0,0.0,2000.0,Central,Small Business,Credit Card
ORD-2023-12914,2023-05-14,CUST-0100,FUR-BK-2003,Furniture,1,154.0,0.3,-21.0,East,Consumer,Credit Card
ORD-2023-12942,2023-05-14,CUST-0114,TEC-AC-1004,Technology,1,45.0,0.0,23.0,East,Consumer,Credit Card
ORD-2023-14738,2023-05-14,CUST-0495,FUR-TB-2002,Furniture,2,720.0,0.2,-60.0,North,Corporate,Debit Card
ORD-2023-15492,2023-05-14,CUST-0073,OFF-EN-3005,Office Supplies,2,16.0,0.0,10.0,West,Consumer,Debit Card
ORD-2024-11585,2023-05-14,CUST-0337,FUR-TB-2002,Furniture,1,405.0,0.1,15.0,East,Consumer,Debit Card
ORD-2024-14515,2023-05-14,CUST-0401,TEC-MN-1003,Technology,2,600.0,0.0,180.0,North,Corporate,Debit Card
ORD-2023-11166,2023-05-15,CUST-0365,OFF-EN-3005,Office Supplies,1,8.0,0.0,5.0,East,Corporate,UPI
ORD-2023-14122,2023-05-15,CUST-0647,OFF-EN-3005,Office Supplies,2,14.4,0.1,8.4,North,Consumer,UPI
ORD-2023-15262,2023-05-15,CUST-0091,TEC-HD-1006,Technology,2,209.0,0.05,69.0,West,Corporate,Debit Card
ORD-2024-15319,2023-05-15,CUST-0460,FUR-BK-2003,Furniture,2,264.0,0.4,-86.0,South,Corporate,Debit Card
ORD-2023-12442,2023-05-16,CUST-0166,TEC-MN-1003,Technology,1,270.0,0.1,60.0,East,Consumer,Credit Card
ORD-2023-15014,2023-05-16,CUST-0326,FUR-TB-2002,Furniture,5,2250.0,0.0,300.0,West,Consumer,Debit Card
ORD-2024-10981,2023-05-16,CUST-0069,FUR-DS-2004,Furniture,1,320.0,0.0,60.0,North,Corporate,UPI
ORD-2024-12947,2023-05-16,CUST-0626,TEC-MN-1003,Technology,3,900.0,0.0,270.0,East,Corporate,UPI
ORD-2023-11116,2023-05-17,CUST-0368,OFF-BI-3002,Office Supplies,1,11.4,0.05,6.4,West,Small Business,UPI
ORD-2023-11458,2023-05-17,CUST-0034,FUR-CH-2001,Furniture,2,288.0,0.2,8.0,North,Consumer,Credit Card
ORD-2023-11490,2023-05-17,CUST-0303,OFF-PA-3001,Office Supplies,4,64.8,0.1,28.8,North,Corporate,Debit Card
ORD-2023-12136,2023-05-17,CUST-0150,FUR-CH-2001,Furniture,1,162.0,0.1,22.0,South,Corporate,Debit Card
ORD-2023-13720,2023-05-17,CUST-0501,OFF-AP-3004,Office Supplies,4,238.0,0.3,18.0,South,Corporate,Credit Card
ORD-2023-14402,2023-05-17,CUST-0623,FUR-CH-2001,Furniture,1,144.0,0.2,4.0,North,Consumer,UPI
ORD-2023-14808,2023-05-17,CUST-0270,FUR-BK-2003,Furniture,3,594.0,0.1,69.0,South,Small Business,Debit Card
ORD-2023-12520,2023-05-18,CUST-0059,FUR-SF-2005,Furniture,2,1170.0,0.1,70.0,North,Corporate,Credit Card
ORD-2023-12794,2023-05-18,CUST-0365,TEC-MN-1003,Technology,4,1080.0,0.1,240.0,East,Corporate,Debit Card
ORD-2023-13072,2023-05-18,CUST-0095,TEC-PH-1001,Technology,3,2550.0,0.0,750.0,North,Consumer,Debit Card
ORD-2023-13774,2023-05-18,CUST-0118,FUR-TB-2002,Furniture,4,1800.0,0.0,240.0,East,Small Business,Credit Card
ORD-2024-11971,2023-05-18,CUST-0623,TEC-PR-1005,Technology,1,250.0,0.0,60.0,North,Consumer,Credit Card
ORD-2024-14583,2023-05-18,CUST-0322,FUR-CH-2001,Furniture,4,504.0,0.3,-56.0,South,Consumer,UPI
ORD-2023-10822,2023-05-19,CUST-0639,TEC-HD-1006,Technology,2,220.0,0.0,80.0,West,Consumer,Debit Card
ORD-2023-13880,2023-05-19,CUST-0300,OFF-LA-3006,Office Supplies,1,15.0,0.0,8.0,North,Small Business,Credit Card
ORD-2023-14052,2023-05-19,CUST-0460,OFF-ST-3003,Office Supplies,1,22.5,0.1,8.5,South,Corporate,Credit Card
ORD-2023-14188,2023-05-19,CUST-0029,TEC-HD-1006,Technology,3,330.0,0.0,120.0,South,Consumer,Credit Card
ORD-2023-15300,2023-05-19,CUST-0282,TEC-MN-1003,Technology,1,300.0,0.0,90.0,North,Small Business,Net Banking
ORD-2024-10541,2023-05-19,CUST-0547,FUR-CH-2001,Furniture,1,144.0,0.2,4.0,Central,Small Business,Net Banking
ORD-2023-12032,2023-05-20,CUST-0055,FUR-DS-2004,Furniture,3,768.0,0.2,-12.0,East,Corporate,Credit Card
ORD-2023-13152,2023-05-20,CUST-0421,OFF-EN-3005,Office Supplies,2,14.4,0.1,8.4,West,Consumer,UPI
ORD-2024-10503,2023-05-20,CUST-0411,OFF-EN-3005,Office Supplies,2,15.2,0.05,9.2,North,Small Business,UPI
ORD-2024-11351,2023-05-20,CUST-0141,OFF-LA-3006,Office Supplies,2,30.0,0.0,16.0,West,Corporate,Net Banking
ORD-2024-11443,2023-05-20,CUST-0510,OFF-BI-3002,Office Supplies,1,12.0,0.0,7.0,West,Consumer,Net Banking
ORD-2023-11498,2023-05-21,CUST-0579,OFF-BI-3002,Office Supplies,1,10.8,0.1,5.8,West,Consumer,Credit Card
ORD-2023-11780,2023-05-21,CUST-0192,FUR-BK-2003,Furniture,1,132.0,0.4,-43.0,West,Corporate,Net Banking
ORD-2024-10201,2023-05-21,CUST-0111,OFF-ST-3003,Office Supplies,1,25.0,0.0,11.0,West,Consumer,UPI
ORD-2024-10443,2023-05-21,CUST-0118,TEC-PR-1005,Technology,4,950.0,0.05,190.0,East,Small Business,Credit Card
ORD-2024-11259,2023-05-21,CUST-0215,OFF-LA-3006,Office Supplies,1,14.25,0.05,7.25,South,Consumer,Credit Card
ORD-2024-12247,2023-05-21,CUST-0340,TEC-HD-1006,Technology,1,110.0,0.0,40.0,Central,Corporate,Debit Card
ORD-2024-13675,2023-05-21,CUST-0509,FUR-DS-2004,Furniture,3,864.0,0.1,84.0,North,Consumer,Cash on Delivery
ORD-2024-14941,2023-05-21,CUST-0531,TEC-PH-1001,Technology,4,2890.0,0.15,490.0,Central,Corporate,UPI
ORD-2023-12886,2023-05-22,CUST-0033,OFF-AP-3004,Office Supplies,1,80.75,0.05,25.75,South,Corporate,Net Banking
ORD-2023-14700,2023-05-22,CUST-0512,TEC-HD-1006,Technology,1,104.5,0.05,34.5,South,Consumer,UPI
ORD-2024-10587,2023-05-22,CUST-0257,FUR-BK-2003,Furniture,1,110.0,0.5,-65.0,Central,Consumer,Credit Card
ORD-2024-11207,2023-05-22,CUST-0427,TEC-PR-1005,Technology,3,562.5,0.25,-7.5,East,Consumer,Cash on Delivery
ORD-2024-12563,2023-05-22,CUST-0014,TEC-PH-1001,Technology,5,4250.0,0.0,1250.0,East,Consumer,Debit Card
ORD-2024-13939,2023-05-22,CUST-0268,OFF-PA-3001,Office Supplies,3,51.3,0.05,24.3,East,Consumer,Credit Card
ORD-2023-11034,2023-05-23,CUST-0515,FUR-SF-2005,Furniture,2,1300.0,0.0,200.0,North,Corporate,UPI
ORD-2023-15476,2023-05-23,CUST-0125,FUR-SF-2005,Furniture,8,3640.0,0.3,-760.0,East,Consumer,UPI
ORD-2024-11683,2023-05-23,CUST-0261,TEC-HD-1006,Technology,2,187.0,0.15,47.0,East,Corporate,Credit Card
ORD-2023-13780,2023-05-24,CUST-0033,OFF-BI-3002,Office Supplies,1,12.0,0.0,7.0,South,Corporate,Credit Card
ORD-2024-10343,2023-05-24,CUST-0559,FUR-SF-2005,Furniture,3,1950.0,0.0,300.0,South,Corporate,UPI
ORD-2024-11421,2023-05-24,CUST-0499,OFF-LA-3006,Office Supplies,2,30.0,0.0,16.0,East,Corporate,Debit Card
ORD-2024-11523,2023-05-24,CUST-0282,FUR-SF-2005,Furniture,4,1820.0,0.3,-380.0,North,Small Business,Cash on Delivery
ORD-2024-11861,2023-05-24,CUST-0422,TEC-LP-1002,Technology,1,1200.0,0.0,300.0,North,Consumer,Credit Card
ORD-2024-12579,2023-05-24,CUST-0381,TEC-PR-1005,Technology,2,475.0,0.05,95.0,South,Small Business,Credit Card
ORD-2024-13231,2023-05-24,CUST-0531,OFF-BI-3002,Office Supplies,8,86.4,0.1,46.4,Central,Corporate,Debit Card
ORD-2024-13905,2023-05-24,CUST-0488,OFF-EN-3005,Office Supplies,2,15.2,0.05,9.2,North,Corporate,Debit Card
ORD-2024-14663,2023-05-24,CUST-0200,OFF-BI-3002,Office Supplies,1,12.0,0.0,7.0,North,Consumer,Credit Card
ORD-2024-14765,2023-05-24,CUST-0350,FUR-DS-2004,Furniture,1,288.0,0.1,28.0,West,Consumer,Debit Card
ORD-2023-12510,2023-05-25,CUST-0280,OFF-LA-3006,Office Supplies,4,60.0,0.0,32.0,East,Consumer,Credit Card
ORD-2023-12558,2023-05-25,CUST-0422,TEC-LP-1002,Technology,1,1200.0,0.0,300.0,North,Consumer,UPI
ORD-2023-12858,2023-05-25,CUST-0488,OFF-AP-3004,Office Supplies,2,136.0,0.2,26.0,North,Corporate,Debit Card
ORD-2023-12878,2023-05-25,CUST-0215,FUR-CH-2001,Furniture,10,1440.0,0.2,40.0,North,Consumer,Debit Card
ORD-2023-13678,2023-05-25,CUST-0332,OFF-EN-3005,Office Supplies,2,16.0,0.0,10.0,South,Corporate,Net Banking
ORD-2023-14144,2023-05-25,CUST-0257,TEC-PR-1005,Technology,1,212.5,0.15,22.5,West,Consumer,UPI
ORD-2024-10163,2023-05-25,CUST-0512,OFF-BI-3002,Office Supplies,1,12.0,0.0,7.0,South,Consumer,Debit Card
ORD-2023-12592,2023-05-26,CUST-0479,TEC-HD-1006,Technology,3,330.0,0.0,120.0,North,Consumer,Cash on Delivery
ORD-2023-12892,2023-05-26,CUST-0328,TEC-LP-1002,Technology,4,3600.0,0.25,0.0,North,Corporate,UPI
ORD-2023-13106,2023-05-26,CUST-0501,TEC-HD-1006,Technology,4,418.0,0.05,138.0,South,Corporate,Credit Card
ORD-2024-10909,2023-05-26,CUST-0264,TEC-MN-1003,Technology,1,255.0,0.15,45.0,North,Small Business,Credit Card
ORD-2024-11423,2023-05-26,CUST-0118,FUR-CH-2001,Furniture,1,162.0,0.1,22.0,East,Small Business,Credit Card
ORD-2024-12037,2023-05-26,CUST-0008,OFF-LA-3006,Office Supplies,2,28.5,0.05,14.5,South,Consumer,UPI
ORD-2024-14947,2023-05-26,CUST-0469,OFF-PA-3001,Office Supplies,4,50.4,0.3,14.4,South,Corporate,UPI
ORD-2024-15025,2023-05-26,CUST-0026,OFF-AP-3004,Office Supplies,2,170.0,0.0,60.0,West,Corporate,UPI
ORD-2023-10564,2023-05-27,CUST-0075,TEC-HD-1006,Technology,1,110.0,0.0,40.0,South,Consumer,Net Banking
ORD-2023-10872,2023-05-27,CUST-0396,TEC-PR-1005,Technology,1,250.0,0.0,60.0,East,Small Business,Net Banking
ORD-2023-10960,2023-05-27,CUST-0381,TEC-HD-1006,Technology,1,110.0,0.0,40.0,South,Small Business,Debit Card
ORD-2023-13798,2023-05-27,CUST-0636,TEC-MN-1003,Technology,1,300.0,0.0,90.0,Central,Consumer,UPI
ORD-2023-14906,2023-05-27,CUST-0338,OFF-LA-3006,Office Supplies,1,14.25,0.05,7.25,Central,Small Business,Net Banking
ORD-2024-13153,2023-05-27,CUST-0430,TEC-MN-1003,Technology,1,285.0,0.05,75.0,East,Consumer,Debit Card
ORD-2024-13943,2023-05-27,CUST-0507,OFF-BI-3002,Office Supplies,1,11.4,0.05,6.4,Central,Consumer,UPI
ORD-2023-10242,2023-05-28,CUST-0257,OFF-ST-3003,Office Supplies,1,20.0,0.2,6.0,West,Consumer,Credit Card
ORD-2023-12652,2023-05-28,CUST-0192,OFF-AP-3004,Office Supplies,2,136.0,0.2,26.0,West,Corporate,Debit Card
ORD-2023-14472,2023-05-28,CUST-0565,OFF-AP-3004,Office Supplies,1,76.5,0.1,21.5,North,Consumer,Credit Card
ORD-2024-10885,2023-05-28,CUST-0343,FUR-SF-2005,Furniture,4,2340.0,0.1,140.0,West,Small Business,UPI
ORD-2024-13261,2023-05-28,CUST-0447,OFF-EN-3005,Office Supplies,3,24.0,0.0,15.0,North,Consumer,Credit Card
ORD-2024-13949,2023-05-28,CUST-0295,FUR-TB-2002,Furniture,4,1080.0,0.4,-480.0,South,Consumer,Cash on Delivery
ORD-2023-12814,2023-05-29,CUST-0307,TEC-PH-1001,Technology,4,2890.0,0.15,490.0,East,Corporate,Debit Card
ORD-2023-15452,2023-05-29,CUST-0121,TEC-HD-1006,Technology,4,440.0,0.0,160.0,East,Consumer,UPI
ORD-2023-12350,2023-05-30,CUST-0058,FUR-CH-2001,Furniture,8,1440.0,0.0,320.0,East,Consumer,Cash on Delivery
ORD-2024-10209,2023-05-30,CUST-0124,TEC-MN-1003,Technology,1,285.0,0.05,75.0,North,Consumer,Cash on Delivery
ORD-2024-12303,2023-05-30,CUST-0111,OFF-BI-3002,Office Supplies,1,12.0,0.0,7.0,Central,Consumer,Debit Card
ORD-2024-13873,2023-05-30,CUST-0494,OFF-AP-3004,Office Supplies,1,80.75,0.05,25.75,West,Consumer,Cash on Delivery
ORD-2024-13973,2023-05-30,CUST-0069,OFF-PA-3001,Office Supplies,3,54.0,0.0,27.0,South,Corporate,UPI
ORD-2023-10234,2023-05-31,CUST-0153,TEC-PH-1001,Technology,2,1700.0,0.0,500.0,East,Consumer,Credit Card
ORD-2023-11644,2023-05-31,CUST-0642,OFF-AP-3004,Office Supplies,1,76.5,0.1,21.5,West,Consumer,Credit Card
ORD-2023-11936,2023-05-31,CUST-0239,TEC-PH-1001,Technology,3,2550.0,0.0,750.0,Central,Consumer,Net Banking
ORD-2023-13580,2023-05-31,CUST-0561,TEC-MN-1003,Technology,1,285.0,0.05,75.0,Central,Consumer,Debit Card
ORD-2023-15018,2023-05-31,CUST-0293,OFF-PA-3001,Office Supplies,2,28.8,0.2,10.8,East,Corporate,Debit Card
ORD-2024-11055,2023-05-31,CUST-0172,FUR-TB-2002,Furniture,2,630.0,0.3,-150.0,North,Small Business,Credit Card
ORD-2024-11739,2023-05-31,CUST-0222,TEC-LP-1002,Technology,3,3600.0,0.0,900.0,North,Consumer,Net Banking
ORD-2024-13565,2023-05-31,CUST-0065,FUR-TB-2002,Furniture,3,675.0,0.5,-495.0,East,Small Business,Credit Card
ORD-2024-14495,2023-05-31,CUST-0633,TEC-MN-1003,Technology,2,540.0,0.1,120.0,North,Corporate,Debit Card
ORD-2023-14692,2023-06-01,CUST-0501,OFF-ST-3003,Office Supplies,2,45.0,0.1,17.0,South,Corporate,Debit Card
ORD-2024-10297,2023-06-01,CUST-0428,FUR-CH-2001,Furniture,3,486.0,0.1,66.0,North,Corporate,Debit Card
ORD-2024-11013,2023-06-01,CUST-0273,FUR-DS-2004,Furniture,3,768.0,0.2,-12.0,South,Corporate,UPI
ORD-2024-11563,2023-06-01,CUST-0634,FUR-BK-2003,Furniture,4,704.0,0.2,4.0,West,Corporate,Credit Card
ORD-2024-13055,2023-06-01,CUST-0033,OFF-PA-3001,Office Supplies,1,17.1,0.05,8.1,South,Corporate,Debit Card
ORD-2024-13295,2023-06-01,CUST-0051,OFF-EN-3005,Office Supplies,3,19.2,0.2,10.2,South,Small Business,Debit Card
ORD-2024-14839,2023-06-01,CUST-0124,OFF-EN-3005,Office Supplies,1,8.0,0.0,5.0,North,Consumer,Debit Card
ORD-2023-11292,2023-06-02,CUST-0549,OFF-EN-3005,Office Supplies,3,24.0,0.0,15.0,West,Consumer,Credit Card
ORD-2023-11510,2023-06-02,CUST-0119,OFF-EN-3005,Office Supplies,1,7.6,0.05,4.6,East,Consumer,Credit Card
ORD-2023-13502,2023-06-02,CUST-0158,TEC-AC-1004,Technology,3,135.0,0.0,69.0,North,Small Business,Credit Card
ORD-2023-14064,2023-06-02,CUST-0141,FUR-CH-2001,Furniture,2,324.0,0.1,44.0,West,Corporate,UPI
ORD-2024-11407,2023-06-02,CUST-0026,OFF-BI-3002,Office Supplies,1,12.0,0.0,7.0,West,Corporate,Credit Card
ORD-2024-12501,2023-06-02,CUST-0299,TEC-LP-1002,Technology,2,2280.0,0.05,480.0,North,Corporate,Credit Card
ORD-2023-12374,2023-06-03,CUST-0085,TEC-LP-1002,Technology,1,1020.0,0.15,120.0,South,Small Business,UPI
ORD-2023-13534,2023-06-03,CUST-0390,FUR-DS-2004,Furniture,4,1024.0,0.2,-16.0,North,Corporate,Credit Card
ORD-2023-13718,2023-06-03,CUST-0271,FUR-DS-2004,Furniture,1,288.0,0.1,28.0,East,Small Business,UPI
ORD-2023-10212,2023-06-04,CUST-0603,FUR-BK-2003,Furniture,2,352.0,0.2,2.0,North,Corporate,UPI
ORD-2023-11172,2023-06-04,CUST-0518,TEC-LP-1002,Technology,1,1200.0,0.0,300.0,West,Corporate,Debit Card
ORD-2023-11972,2023-06-04,CUST-0541,FUR-TB-2002,Furniture,2,810.0,0.1,30.0,North,Consumer,Cash on Delivery
ORD-2023-11986,2023-06-04,CUST-0512,OFF-AP-3004,Office Supplies,10,850.0,0.0,300.0,South,Consumer,UPI
ORD-2023-13148,2023-06-04,CUST-0533,OFF-BI-3002,Office Supplies,1,11.4,0.05,6.4,West,Consumer,UPI
ORD-2023-13262,2023-06-04,CUST-0493,TEC-HD-1006,Technology,2,220.0,0.0,80.0,West,Corporate,UPI
ORD-2024-12143,2023-06-04,CUST-0115,OFF-EN-3005,Office Supplies,1,8.0,0.0,5.0,South,Consumer,Debit Card
ORD-2024-12951,2023-06-04,CUST-0201,OFF-EN-3005,Office Supplies,1,7.2,0.1,4.2,West,Consumer,Credit Card
ORD-2024-13107,2023-06-04,CUST-0234,FUR-CH-2001,Furniture,5,810.0,0.1,110.0,West,Consumer,Credit Card
ORD-2023-10818,2023-06-05,CUST-0116,OFF-BI-3002,Office Supplies,2,24.0,0.0,14.0,East,Corporate,Credit Card
ORD-2023-13770,2023-06-05,CUST-0320,OFF-BI-3002,Office Supplies,1,12.0,0.0,7.0,North,Consumer,Credit Card
ORD-2024-13597,2023-06-05,CUST-0533,OFF-BI-3002,Office Supplies,5,54.0,0.1,29.0,North,Consumer,UPI
ORD-2023-11058,2023-06-06,CUST-0073,OFF-LA-3006,Office Supplies,5,75.0,0.0,40.0,West,Consumer,Debit Card
ORD-2023-11398,2023-06-06,CUST-0559,TEC-LP-1002,Technology,1,1200.0,0.0,300.0,South,Corporate,Net Banking
ORD-2023-11542,2023-06-06,CUST-0083,FUR-DS-2004,Furniture,4,1280.0,0.0,240.0,South,Consumer,UPI
ORD-2023-12122,2023-06-06,CUST-0216,FUR-CH-2001,Furniture,2,324.0,0.1,44.0,East,Small Business,Credit Card
ORD-2023-12424,2023-06-06,CUST-0072,TEC-MN-1003,Technology,1,300.0,0.0,90.0,East,Consumer,UPI
ORD-2024-10021,2023-06-06,CUST-0623,FUR-SF-2005,Furniture,1,650.0,0.0,100.0,North,Consumer,Net Banking
ORD-2024-13901,2023-06-06,CUST-0405,TEC-MN-1003,Technology,2,600.0,0.0,180.0,West,Consumer,Credit Card
ORD-2023-12478,2023-06-07,CUST-0533,OFF-LA-3006,Office Supplies,1,14.25,0.05,7.25,East,Consumer,Credit Card
ORD-2023-13126,2023-06-07,CUST-0450,FUR-BK-2003,Furniture,1,198.0,0.1,23.0,Central,Consumer,Credit Card
ORD-2023-14918,2023-06-07,CUST-0069,TEC-MN-1003,Technology,1,300.0,0.0,90.0,North,Corporate,Debit Card
ORD-2024-13695,2023-06-07,CUST-0381,TEC-LP-1002,Technology,2,2400.0,0.0,600.0,South,Small Business,Credit Card
ORD-2023-10690,2023-06-08,CUST-0248,OFF-PA-3001,Office Supplies,4,72.0,0.0,36.0,West,Consumer,Credit Card
ORD-2023-12666,2023-06-08,CUST-0588,OFF-ST-3003,Office Supplies,1,25.0,0.0,11.0,North,Small Business,Credit Card
ORD-2023-13734,2023-06-08,CUST-0522,OFF-BI-3002,Office Supplies,3,36.0,0.0,21.0,West,Consumer,Credit Card
ORD-2024-13563,2023-06-08,CUST-0023,TEC-MN-1003,Technology,3,810.0,0.1,180.0,West,Consumer,Debit Card
ORD-2024-15281,2023-06-08,CUST-0436,OFF-EN-3005,Office Supplies,4,30.4,0.05,18.4,West,Small Business,Debit Card
ORD-2023-12254,2023-06-09,CUST-0171,OFF-LA-3006,Office Supplies,3,40.5,0.1,19.5,South,Corporate,Credit Card
ORD-2023-13874,2023-06-09,CUST-0501,OFF-PA-3001,Office Supplies,4,72.0,0.0,36.0,South,Corporate,Credit Card
ORD-2024-13545,2023-06-09,CUST-0232,FUR-BK-2003,Furniture,3,462.0,0.3,-63.0,North,Consumer,Credit Card
ORD-2024-13731,2023-06-09,CUST-0372,FUR-TB-2002,Furniture,5,2025.0,0.1,75.0,East,Corporate,Debit Card
ORD-2024-11305,2023-06-10,CUST-0313,TEC-MN-1003,Technology,1,300.0,0.0,90.0,Central,Consumer,UPI
ORD-2024-11777,2023-06-10,CUST-0485,TEC-MN-1003,Technology,3,855.0,0.05,225.0,East,Small Business,Debit Card
ORD-2024-13373,2023-06-10,CUST-0574,FUR-TB-2002,Furniture,1,225.0,0.5,-165.0,North,Consumer,Net Banking
ORD-2024-13917,2023-06-10,CUST-0024,OFF-ST-3003,Office Supplies,1,25.0,0.0,11.0,West,Small Business,Cash on Delivery
ORD-2023-12750,2023-06-11,CUST-0568,TEC-HD-1006,Technology,3,330.0,0.0,120.0,South,Consumer,Credit Card
ORD-2023-13062,2023-06-11,CUST-0037,FUR-DS-2004,Furniture,2,512.0,0.2,-8.0,South,Consumer,Credit Card
ORD-2023-15068,2023-06-11,CUST-0159,OFF-BI-3002,Office Supplies,2,16.8,0.3,6.8,Central,Corporate,UPI
ORD-2024-10463,2023-06-11,CUST-0428,TEC-AC-1004,Technology,4,162.0,0.1,74.0,East,Corporate,UPI
ORD-2024-11703,2023-06-11,CUST-0428,OFF-LA-3006,Office Supplies,3,45.0,0.0,24.0,East,Corporate,Net Banking
ORD-2024-12003,2023-06-11,CUST-0396,OFF-PA-3001,Office Supplies,2,32.4,0.1,14.4,South,Small Business,Credit Card
ORD-2023-11550,2023-06-12,CUST-0194,OFF-AP-3004,Office Supplies,1,68.0,0.2,13.0,South,Consumer,UPI
ORD-2023-14366,2023-06-12,CUST-0150,OFF-BI-3002,Office Supplies,2,24.0,0.0,14.0,East,Corporate,Debit Card
ORD-2023-15198,2023-06-12,CUST-0536,OFF-PA-3001,Office Supplies,3,51.3,0.05,24.3,North,Corporate,Cash on Delivery
ORD-2024-12187,2023-06-12,CUST-0472,FUR-CH-2001,Furniture,4,648.0,0.1,88.0,East,Consumer,Credit Card
ORD-2024-12707,2023-06-12,CUST-0614,FUR-DS-2004,Furniture,2,384.0,0.4,-136.0,South,Consumer,Cash on Delivery
ORD-2024-14077,2023-06-12,CUST-0586,FUR-BK-2003,Furniture,1,198.0,0.1,23.0,Central,Corporate,Credit Card
ORD-2024-14337,2023-06-12,CUST-0400,OFF-LA-3006,Office Supplies,2,30.0,0.0,16.0,North,Small Business,Debit Card
ORD-2024-14763,2023-06-12,CUST-0508,TEC-AC-1004,Technology,1,38.25,0.15,16.25,South,Small Business,Debit Card
ORD-2023-10004,2023-06-13,CUST-0124,FUR-SF-2005,Furniture,3,1950.0,0.0,300.0,North,Consumer,Debit Card
ORD-2023-10324,2023-06-13,CUST-0291,FUR-DS-2004,Furniture,1,288.0,0.1,28.0,North,Consumer,UPI
ORD-2023-12846,2023-06-13,CUST-0013,OFF-ST-3003,Office Supplies,4,100.0,0.0,44.0,North,Consumer,Cash on Delivery
ORD-2023-15432,2023-06-13,CUST-0246,FUR-DS-2004,Furniture,1,288.0,0.1,28.0,South,Small Business,UPI
ORD-2024-13421,2023-06-13,CUST-0273,TEC-LP-1002,Technology,2,2280.0,0.05,480.0,South,Corporate,Cash on Delivery
ORD-2024-13821,2023-06-13,CUST-0186,OFF-ST-3003,Office Supplies,1,25.0,0.0,11.0,West,Consumer,Credit Card
ORD-2024-14307,2023-06-13,CUST-0566,TEC-PR-1005,Technology,1,250.0,0.0,60.0,North,Consumer,Credit Card
ORD-2023-12792,2023-06-14,CUST-0124,OFF-AP-3004,Office Supplies,1,85.0,0.0,30.0,North,Consumer,Credit Card
ORD-2023-15012,2023-06-14,CUST-0430,OFF-EN-3005,Office Supplies,4,32.0,0.0,20.0,North,Consumer,Credit Card
ORD-2024-11385,2023-06-14,CUST-0273,FUR-TB-2002,Furniture,1,270.0,0.4,-120.0,South,Corporate,Credit Card
ORD-2023-10982,2023-06-15,CUST-0625,OFF-AP-3004,Office Supplies,1,85.0,0.0,30.0,West,Corporate,Credit Card
ORD-2023-12018,2023-06-15,CUST-0350,OFF-PA-3001,Office Supplies,2,36.0,0.0,18.0,West,Consumer,Net Banking
ORD-2024-11167,2023-06-15,CUST-0574,OFF-EN-3005,Office Supplies,2,16.0,0.0,10.0,North,Consumer,Credit Card
ORD-2024-11921,2023-06-15,CUST-0226,FUR-CH-2001,Furniture,1,162.0,0.1,22.0,North,Small Business,Credit Card
ORD-2023-10054,2023-06-16,CUST-0385,FUR-SF-2005,Furniture,8,5200.0,0.0,800.0,East,Corporate,Credit Card
ORD-2023-10292,2023-06-16,CUST-0282,OFF-LA-3006,Office Supplies,1,15.0,0.0,8.0,North,Small Business,Net Banking
ORD-2023-11994,2023-06-16,CUST-0356,OFF-PA-3001,Office Supplies,1,16.2,0.1,7.2,North,Corporate,UPI
ORD-2023-13204,2023-06-16,CUST-0051,FUR-CH-2001,Furniture,4,648.0,0.1,88.0,South,Small Business,Credit Card
ORD-2024-10513,2023-06-16,CUST-0037,FUR-SF-2005,Furniture,1,650.0,0.0,100.0,North,Consumer,Credit Card
ORD-2024-12827,2023-06-16,CUST-0634,TEC-AC-1004,Technology,1,40.5,0.1,18.5,East,Corporate,Credit Card
ORD-2024-15139,2023-06-16,CUST-0340,OFF-ST-3003,Office Supplies,3,52.5,0.3,10.5,Central,Corporate,UPI
ORD-2023-10748,2023-06-17,CUST-0355,TEC-MN-1003,Technology,4,1140.0,0.05,300.0,South,Corporate,UPI
ORD-2023-11868,2023-06-17,CUST-0515,FUR-CH-2001,Furniture,1,144.0,0.2,4.0,Central,Corporate,Debit Card
ORD-2023-13080,2023-06-17,CUST-0033,OFF-AP-3004,Office Supplies,2,170.0,0.0,60.0,North,Corporate,UPI
ORD-2023-14218,2023-06-17,CUST-0545,OFF-PA-3001,Office Supplies,1,18.0,0.0,9.0,Central,Corporate,Credit Card
ORD-2023-14818,2023-06-17,CUST-0204,TEC-HD-1006,Technology,3,330.0,0.0,120.0,North,Corporate,Debit Card
ORD-2024-10091,2023-06-17,CUST-0023,OFF-BI-3002,Office Supplies,3,34.2,0.05,19.2,Central,Consumer,Credit Card
ORD-2024-12359,2023-06-17,CUST-0350,FUR-TB-2002,Furniture,2,810.0,0.1,30.0,West,Consumer,Debit Card
ORD-2024-14907,2023-06-17,CUST-0501,TEC-MN-1003,Technology,3,900.0,0.0,270.0,South,Corporate,UPI
ORD-2023-11628,2023-06-18,CUST-0493,TEC-PR-1005,Technology,1,237.5,0.05,47.5,West,Corporate,Net Banking
ORD-2023-12390,2023-06-18,CUST-0356,TEC-PR-1005,Technology,8,1700.0,0.15,180.0,East,Corporate,Net Banking
ORD-2024-12491,2023-06-18,CUST-0563,FUR-CH-2001,Furniture,5,720.0,0.2,20.0,East,Small Business,UPI
ORD-2024-12625,2023-06-18,CUST-0304,FUR-SF-2005,Furniture,2,1300.0,0.0,200.0,East,Consumer,Debit Card
ORD-2023-10084,2023-06-19,CUST-0537,OFF-BI-3002,Office Supplies,1,8.4,0.3,3.4,East,Consumer,Credit Card
ORD-2023-10426,2023-06-19,CUST-0203,OFF-PA-3001,Office Supplies,4,72.0,0.0,36.0,Central,Consumer,Credit Card
ORD-2023-14866,2023-06-19,CUST-0499,TEC-PR-1005,Technology,2,375.0,0.25,-5.0,East,Corporate,Credit Card
ORD-2024-10121,2023-06-19,CUST-0547,TEC-AC-1004,Technology,2,76.5,0.15,32.5,West,Small Business,Debit Card
ORD-2024-11599,2023-06-19,CUST-0435,OFF-AP-3004,Office Supplies,2,119.0,0.3,9.0,East,Consumer,UPI
ORD-2023-10460,2023-06-20,CUST-0254,TEC-AC-1004,Technology,2,90.0,0.0,46.0,North,Corporate,UPI
ORD-2023-14466,2023-06-20,CUST-0280,FUR-BK-2003,Furniture,3,594.0,0.1,69.0,East,Consumer,Debit Card
ORD-2024-11073,2023-06-20,CUST-0326,TEC-MN-1003,Technology,1,300.0,0.0,90.0,East,Consumer,Credit Card
ORD-2024-12329,2023-06-20,CUST-0069,TEC-HD-1006,Technology,2,209.0,0.05,69.0,North,Corporate,Credit Card
ORD-2024-14483,2023-06-20,CUST-0140,TEC-PH-1001,Technology,1,765.0,0.1,165.0,East,Consumer,Debit Card
ORD-2024-14535,2023-06-20,CUST-0620,FUR-TB-2002,Furniture,1,450.0,0.0,60.0,West,Consumer,Credit Card
ORD-2023-14626,2023-06-21,CUST-0327,TEC-MN-1003,Technology,1,300.0,0.0,90.0,East,Consumer,Debit Card
ORD-2023-14822,2023-06-21,CUST-0512,FUR-BK-2003,Furniture,3,528.0,0.2,3.0,South,Consumer,Debit Card
ORD-2024-14281,2023-06-21,CUST-0200,FUR-CH-2001,Furniture,2,324.0,0.1,44.0,North,Consumer,UPI
ORD-2023-12958,2023-06-22,CUST-0111,TEC-PR-1005,Technology,1,187.5,0.25,-2.5,West,Consumer,Credit Card
ORD-2023-13464,2023-06-22,CUST-0402,OFF-ST-3003,Office Supplies,1,23.75,0.05,9.75,East,Consumer,Credit Card
ORD-2023-11852,2023-06-23,CUST-0270,FUR-TB-2002,Furniture,1,360.0,0.2,-30.0,South,Small Business,Cash on Delivery
ORD-2023-13466,2023-06-23,CUST-0188,TEC-HD-1006,Technology,3,330.0,0.0,120.0,North,Consumer,UPI
ORD-2023-13660,2023-06-23,CUST-0120,TEC-MN-1003,Technology,2,570.0,0.05,150.0,Central,Corporate,UPI
ORD-2023-14424,2023-06-23,CUST-0012,OFF-LA-3006,Office Supplies,1,12.0,0.2,5.0,Central,Small Business,Cash on Delivery
ORD-2023-11384,2023-06-24,CUST-0080,TEC-PH-1001,Technology,4,3400.0,0.0,1000.0,East,Consumer,UPI
ORD-2023-11448,2023-06-24,CUST-0512,TEC-AC-1004,Technology,1,33.75,0.25,11.75,South,Consumer,Credit Card
ORD-2023-12152,2023-06-24,CUST-0342,TEC-HD-1006,Technology,2,209.0,0.05,69.0,Central,Small Business,Credit Card
ORD-2023-14124,2023-06-24,CUST-0431,TEC-LP-1002,Technology,1,1200.0,0.0,300.0,North,Consumer,Credit Card
ORD-2023-14364,2023-06-24,CUST-0330,FUR-TB-2002,Furniture,1,360.0,0.2,-30.0,South,Consumer,Credit Card
ORD-2024-10557,2023-06-24,CUST-0169,OFF-EN-3005,Office Supplies,3,24.0,0.0,15.0,North,Corporate,UPI
ORD-2024-11239,2023-06-24,CUST-0544,TEC-HD-1006,Technology,2,198.0,0.1,58.0,West,Consumer,UPI
ORD-2024-13149,2023-06-24,CUST-0097,OFF-AP-3004,Office Supplies,3,255.0,0.0,90.0,East,Consumer,UPI
ORD-2024-15053,2023-06-24,CUST-0367,FUR-CH-2001,Furniture,3,324.0,0.4,-96.0,South,Corporate,UPI
ORD-2023-11638,2023-06-25,CUST-0196,FUR-DS-2004,Furniture,4,640.0,0.5,-400.0,North,Consumer,Credit Card
ORD-2023-13520,2023-06-25,CUST-0023,FUR-TB-2002,Furniture,5,2025.0,0.1,75.0,West,Consumer,Net Banking
ORD-2024-10205,2023-06-25,CUST-0342,TEC-AC-1004,Technology,1,45.0,0.0,23.0,Central,Small Business,Debit Card
ORD-2024-12667,2023-06-25,CUST-0304,TEC-MN-1003,Technology,2,600.0,0.0,180.0,East,Consumer,Debit Card
ORD-2023-13688,2023-06-26,CUST-0010,OFF-BI-3002,Office Supplies,2,21.6,0.1,11.6,East,Corporate,Credit Card
ORD-2024-11035,2023-06-26,CUST-0111,TEC-PR-1005,Technology,1,250.0,0.0,60.0,West,Consumer,Debit Card
ORD-2024-12829,2023-06-26,CUST-0052,FUR-CH-2001,Furniture,4,648.0,0.1,88.0,Central,Consumer,Credit Card
ORD-2024-12935,2023-06-26,CUST-0215,OFF-LA-3006,Office Supplies,2,28.5,0.05,14.5,North,Consumer,Credit Card
ORD-2024-13485,2023-06-26,CUST-0126,FUR-TB-2002,Furniture,1,405.0,0.1,15.0,West,Consumer,Cash on Delivery
ORD-2024-14999,2023-06-26,CUST-0069,TEC-PH-1001,Technology,1,850.0,0.0,250.0,North,Corporate,Net Banking
ORD-2023-11662,2023-06-27,CUST-0301,FUR-CH-2001,Furniture,1,108.0,0.4,-32.0,South,Consumer,Debit Card
ORD-2023-11842,2023-06-27,CUST-0628,TEC-AC-1004,Technology,2,90.0,0.0,46.0,East,Small Business,Debit Card
ORD-2023-13076,2023-06-27,CUST-0043,TEC-HD-1006,Technology,2,209.0,0.05,69.0,West,Corporate,Cash on Delivery
ORD-2023-14032,2023-06-27,CUST-0205,FUR-BK-2003,Furniture,1,220.0,0.0,45.0,North,Corporate,Credit Card
ORD-2023-14104,2023-06-27,CUST-0629,OFF-LA-3006,Office Supplies,1,14.25,0.05,7.25,South,Consumer,UPI
ORD-2023-14558,2023-06-27,CUST-0117,FUR-TB-2002,Furniture,4,1260.0,0.3,-300.0,West,Consumer,UPI
ORD-2024-11343,2023-06-27,CUST-0202,TEC-MN-1003,Technology,1,300.0,0.0,90.0,North,Consumer,Debit Card
ORD-2023-11692,2023-06-28,CUST-0313,FUR-BK-2003,Furniture,3,528.0,0.2,3.0,North,Consumer,Debit Card
ORD-2023-11694,2023-06-28,CUST-0355,FUR-CH-2001,Furniture,1,144.0,0.2,4.0,South,Corporate,Credit Card
ORD-2023-13014,2023-06-28,CUST-0629,OFF-BI-3002,Office Supplies,2,22.8,0.05,12.8,South,Consumer,UPI
ORD-2023-14278,2023-06-28,CUST-0043,FUR-CH-2001,Furniture,5,540.0,0.4,-160.0,West,Corporate,UPI
ORD-2023-14722,2023-06-28,CUST-0198,TEC-LP-1002,Technology,10,10800.0,0.1,1800.0,North,Corporate,Net Banking
ORD-2024-12735,2023-06-28,CUST-0147,OFF-LA-3006,Office Supplies,1,15.0,0.0,8.0,North,Corporate,UPI
ORD-2023-10660,2023-06-29,CUST-0188,FUR-CH-2001,Furniture,2,288.0,0.2,8.0,South,Consumer,Credit Card
ORD-2024-12121,2023-06-29,CUST-0498,OFF-BI-3002,Office Supplies,2,24.0,0.0,14.0,North,Consumer,Credit Card
ORD-2024-12557,2023-06-29,CUST-0623,FUR-DS-2004,Furniture,3,960.0,0.0,180.0,South,Consumer,Debit Card
ORD-2024-13867,2023-06-29,CUST-0291,TEC-PR-1005,Technology,4,1000.0,0.0,240.0,North,Consumer,Credit Card
ORD-2023-10314,2023-06-30,CUST-0274,TEC-HD-1006,Technology,3,330.0,0.0,120.0,West,Consumer,UPI
ORD-2023-12994,2023-06-30,CUST-0498,OFF-EN-3005,Office Supplies,4,25.6,0.2,13.6,North,Consumer,Credit Card
ORD-2024-11345,2023-06-30,CUST-0428,FUR-CH-2001,Furniture,5,900.0,0.0,200.0,East,Corporate,Credit Card
ORD-2023-10210,2023-07-01,CUST-0446,OFF-AP-3004,Office Supplies,2,170.0,0.0,60.0,North,Corporate,UPI
ORD-2023-10612,2023-07-01,CUST-0112,FUR-SF-2005,Furniture,3,1365.0,0.3,-285.0,North,Consumer,Credit Card
ORD-2023-12450,2023-07-01,CUST-0629,TEC-MN-1003,Technology,3,765.0,0.15,135.0,South,Consumer,Credit Card
ORD-2023-12576,2023-07-01,CUST-0561,TEC-PR-1005,Technology,2,425.0,0.15,45.0,West,Consumer,Credit Card
ORD-2023-13138,2023-07-01,CUST-0326,TEC-AC-1004,Technology,2,81.0,0.1,37.0,East,Consumer,Credit Card
ORD-2024-12405,2023-07-01,CUST-0514,FUR-SF-2005,Furniture,3,1755.0,0.1,105.0,West,Corporate,Cash on Delivery
ORD-2024-13263,2023-07-01,CUST-0279,TEC-HD-1006,Technology,2,209.0,0.05,69.0,South,Consumer,UPI
ORD-2024-15071,2023-07-01,CUST-0100,OFF-BI-3002,Office Supplies,2,22.8,0.05,12.8,East,Consumer,UPI
ORD-2024-15183,2023-07-01,CUST-0497,OFF-EN-3005,Office Supplies,2,15.2,0.05,9.2,South,Consumer,Debit Card
ORD-2023-10060,2023-07-02,CUST-0031,OFF-ST-3003,Office Supplies,1,20.0,0.2,6.0,West,Consumer,Debit Card
ORD-2023-12104,2023-07-02,CUST-0048,OFF-AP-3004,Office Supplies,3,255.0,0.0,90.0,North,Consumer,Credit Card
ORD-2023-14236,2023-07-02,CUST-0345,TEC-HD-1006,Technology,3,313.5,0.05,103.5,Central,Consumer,UPI
ORD-2023-14516,2023-07-02,CUST-0451,FUR-TB-2002,Furniture,3,1215.0,0.1,45.0,East,Small Business,Credit Card
ORD-2024-11507,2023-07-02,CUST-0136,TEC-PR-1005,Technology,5,1125.0,0.1,175.0,South,Small Business,UPI
ORD-2024-13009,2023-07-02,CUST-0043,FUR-SF-2005,Furniture,3,1755.0,0.1,105.0,West,Corporate,Cash on Delivery
ORD-2023-10692,2023-07-03,CUST-0238,OFF-PA-3001,Office Supplies,3,51.3,0.05,24.3,Central,Corporate,UPI
ORD-2023-11406,2023-07-03,CUST-0395,OFF-ST-3003,Office Supplies,2,47.5,0.05,19.5,Central,Corporate,Cash on Delivery
ORD-2024-10375,2023-07-03,CUST-0147,OFF-BI-3002,Office Supplies,1,12.0,0.0,7.0,North,Corporate,UPI
ORD-2024-10843,2023-07-03,CUST-0215,OFF-AP-3004,Office Supplies,1,85.0,0.0,30.0,South,Consumer,UPI
ORD-2024-11399,2023-07-03,CUST-0282,TEC-PH-1001,Technology,3,2550.0,0.0,750.0,South,Small Business,Debit Card
ORD-2024-11545,2023-07-03,CUST-0454,TEC-PR-1005,Technology,3,750.0,0.0,180.0,Central,Corporate,UPI
ORD-2023-11758,2023-07-04,CUST-0111,OFF-EN-3005,Office Supplies,1,8.0,0.0,5.0,West,Consumer,Credit Card
ORD-2023-15346,2023-07-04,CUST-0634,FUR-TB-2002,Furniture,2,720.0,0.2,-60.0,East,Corporate,Net Banking
ORD-2023-15458,2023-07-04,CUST-0338,FUR-TB-2002,Furniture,2,630.0,0.3,-150.0,Central,Small Business,Credit Card
ORD-2024-10723,2023-07-04,CUST-0583,TEC-AC-1004,Technology,4,180.0,0.0,92.0,North,Consumer,Credit Card
ORD-2024-12673,2023-07-04,CUST-0561,TEC-HD-1006,Technology,3,330.0,0.0,120.0,Central,Consumer,UPI
ORD-2023-12228,2023-07-05,CUST-0549,FUR-SF-2005,Furniture,1,650.0,0.0,100.0,West,Consumer,Debit Card
ORD-2023-14410,2023-07-05,CUST-0225,FUR-BK-2003,Furniture,1,176.0,0.2,1.0,West,Consumer,Credit Card
ORD-2023-14724,2023-07-05,CUST-0528,OFF-BI-3002,Office Supplies,1,10.8,0.1,5.8,East,Consumer,UPI
ORD-2024-13443,2023-07-05,CUST-0157,OFF-PA-3001,Office Supplies,3,51.3,0.05,24.3,Central,Consumer,UPI
ORD-2023-10100,2023-07-06,CUST-0180,FUR-BK-2003,Furniture,3,528.0,0.2,3.0,South,Consumer,Credit Card
ORD-2023-11002,2023-07-06,CUST-0643,TEC-HD-1006,Technology,2,209.0,0.05,69.0,East,Corporate,UPI
ORD-2023-11512,2023-07-06,CUST-0358,OFF-ST-3003,Office Supplies,1,25.0,0.0,11.0,North,Consumer,Debit Card
ORD-2024-10507,2023-07-06,CUST-0521,TEC-AC-1004,Technology,3,135.0,0.0,69.0,North,Consumer,Credit Card
ORD-2024-11955,2023-07-06,CUST-0395,TEC-HD-1006,Technology,1,110.0,0.0,40.0,Central,Corporate,Credit Card
ORD-2024-12757,2023-07-06,CUST-0440,OFF-BI-3002,Office Supplies,2,24.0,0.0,14.0,East,Corporate,UPI
ORD-2024-13237,2023-07-06,CUST-0470,OFF-BI-3002,Office Supplies,1,12.0,0.0,7.0,East,Corporate,Net Banking
ORD-2023-13508,2023-07-07,CUST-0345,TEC-MN-1003,Technology,2,600.0,0.0,180.0,East,Consumer,Credit Card
ORD-2024-12457,2023-07-07,CUST-0001,TEC-PH-1001,Technology,2,1530.0,0.1,330.0,Central,Consumer,Credit Card
ORD-2023-11740,2023-07-08,CUST-0500,FUR-TB-2002,Furniture,2,810.0,0.1,30.0,South,Consumer,Credit Card
ORD-2023-13806,2023-07-08,CUST-0271,TEC-PH-1001,Technology,2,1700.0,0.0,500.0,West,Small Business,Net Banking
ORD-2023-15062,2023-07-08,CUST-0469,TEC-LP-1002,Technology,1,900.0,0.25,0.0,South,Corporate,Cash on Delivery
ORD-2024-10111,2023-07-08,CUST-0350,TEC-MN-1003,Technology,1,300.0,0.0,90.0,West,Consumer,Debit Card
ORD-2024-12915,2023-07-08,CUST-0638,FUR-TB-2002,Furniture,5,2250.0,0.0,300.0,South,Small Business,Net Banking
ORD-2024-14529,2023-07-08,CUST-0051,FUR-SF-2005,Furniture,1,390.0,0.4,-160.0,North,Small Business,Credit Card
ORD-2024-14781,2023-07-08,CUST-0043,OFF-PA-3001,Office Supplies,1,18.0,0.0,9.0,West,Corporate,UPI
ORD-2023-10522,2023-07-09,CUST-0136,FUR-BK-2003,Furniture,3,396.0,0.4,-129.0,South,Small Business,Cash on Delivery
ORD-2024-11495,2023-07-09,CUST-0422,TEC-HD-1006,Technology,4,418.0,0.05,138.0,North,Consumer,UPI
ORD-2024-15045,2023-07-09,CUST-0351,TEC-AC-1004,Technology,1,38.25,0.15,16.25,East,Small Business,Debit Card
ORD-2023-10906,2023-07-10,CUST-0358,OFF-LA-3006,Office Supplies,3,45.0,0.0,24.0,South,Consumer,Net Banking
ORD-2023-14096,2023-07-10,CUST-0338,OFF-AP-3004,Office Supplies,8,544.0,0.2,104.0,Central,Small Business,Credit Card
ORD-2024-12105,2023-07-10,CUST-0071,OFF-EN-3005,Office Supplies,3,24.0,0.0,15.0,East,Corporate,UPI
ORD-2024-12871,2023-07-10,CUST-0048,FUR-TB-2002,Furniture,1,225.0,0.5,-165.0,East,Consumer,Credit Card
ORD-2024-13429,2023-07-10,CUST-0646,FUR-TB-2002,Furniture,2,450.0,0.5,-330.0,East,Corporate,UPI
ORD-2024-14677,2023-07-10,CUST-0383,FUR-BK-2003,Furniture,1,220.0,0.0,45.0,East,Corporate,UPI
ORD-2024-14875,2023-07-10,CUST-0355,TEC-PR-1005,Technology,4,900.0,0.1,140.0,South,Corporate,Credit Card
ORD-2024-15301,2023-07-10,CUST-0376,OFF-EN-3005,Office Supplies,3,16.8,0.3,7.8,North,Corporate,UPI
ORD-2023-10252,2023-07-11,CUST-0496,TEC-MN-1003,Technology,1,270.0,0.1,60.0,South,Consumer,UPI
ORD-2023-11630,2023-07-11,CUST-0509,FUR-BK-2003,Furniture,2,440.0,0.0,90.0,North,Consumer,Cash on Delivery
ORD-2023-14050,2023-07-11,CUST-0519,OFF-AP-3004,Office Supplies,8,646.0,0.05,206.0,North,Consumer,Net Banking
ORD-2023-15146,2023-07-11,CUST-0006,OFF-BI-3002,Office Supplies,3,34.2,0.05,19.2,West,Consumer,Debit Card
ORD-2024-10243,2023-07-11,CUST-0265,OFF-LA-3006,Office Supplies,1,15.0,0.0,8.0,East,Corporate,Credit Card
ORD-2024-11079,2023-07-11,CUST-0574,OFF-ST-3003,Office Supplies,3,60.0,0.2,18.0,East,Consumer,UPI
ORD-2023-10752,2023-07-12,CUST-0400,TEC-AC-1004,Technology,5,225.0,0.0,115.0,West,Small Business,Debit Card
ORD-2023-11624,2023-07-12,CUST-0430,OFF-LA-3006,Office Supplies,3,42.75,0.05,21.75,North,Consumer,Debit Card
ORD-2023-13862,2023-07-12,CUST-0629,OFF-EN-3005,Office Supplies,1,7.6,0.05,4.6,North,Consumer,Credit Card
ORD-2023-14938,2023-07-12,CUST-0357,TEC-LP-1002,Technology,5,6000.0,0.0,1500.0,South,Consumer,Debit Card
ORD-2023-15234,2023-07-12,CUST-0437,OFF-LA-3006,Office Supplies,10,150.0,0.0,80.0,West,Consumer,Credit Card
ORD-2024-11855,2023-07-12,CUST-0197,OFF-AP-3004,Office Supplies,1,85.0,0.0,30.0,North,Consumer,UPI
ORD-2024-12019,2023-07-12,CUST-0554,FUR-CH-2001,Furniture,2,324.0,0.1,44.0,East,Consumer,UPI
ORD-2024-12509,2023-07-12,CUST-0186,TEC-MN-1003,Technology,4,1080.0,0.1,240.0,North,Consumer,Cash on Delivery
ORD-2024-15129,2023-07-12,CUST-0349,FUR-SF-2005,Furniture,1,325.0,0.5,-225.0,North,Small Business,Credit Card
ORD-2023-11360,2023-07-13,CUST-0325,FUR-DS-2004,Furniture,1,224.0,0.3,-36.0,North,Corporate,Credit Card
ORD-2023-11988,2023-07-13,CUST-0136,TEC-LP-1002,Technology,1,1140.0,0.05,240.0,South,Small Business,Credit Card
ORD-2024-10141,2023-07-13,CUST-0273,OFF-ST-3003,Office Supplies,2,45.0,0.1,17.0,South,Corporate,UPI
ORD-2024-10339,2023-07-13,CUST-0098,OFF-ST-3003,Office Supplies,4,90.0,0.1,34.0,West,Consumer,UPI
ORD-2024-11049,2023-07-13,CUST-0424,TEC-HD-1006,Technology,1,110.0,0.0,40.0,East,Consumer,Net Banking
ORD-2024-13465,2023-07-13,CUST-0136,TEC-MN-1003,Technology,1,285.0,0.05,75.0,South,Small Business,Debit Card
ORD-2023-13102,2023-07-14,CUST-0172,TEC-HD-1006,Technology,4,440.0,0.0,160.0,North,Small Business,Cash on Delivery
ORD-2024-15085,2023-07-14,CUST-0352,OFF-PA-3001,Office Supplies,1,18.0,0.0,9.0,Central,Corporate,Credit Card
ORD-2024-13999,2023-07-15,CUST-0422,TEC-PH-1001,Technology,1,722.5,0.15,122.5,South,Consumer,Credit Card
ORD-2024-14807,2023-07-15,CUST-0631,FUR-BK-2003,Furniture,2,440.0,0.0,90.0,South,Consumer,UPI
ORD-2024-15115,2023-07-15,CUST-0275,OFF-BI-3002,Office Supplies,1,9.6,0.2,4.6,South,Consumer,Debit Card
ORD-2023-10302,2023-07-16,CUST-0200,FUR-DS-2004,Furniture,4,1280.0,0.0,240.0,North,Consumer,Debit Card
ORD-2024-11897,2023-07-16,CUST-0530,FUR-TB-2002,Furniture,1,450.0,0.0,60.0,South,Consumer,Debit Card
ORD-2024-12157,2023-07-16,CUST-0025,TEC-HD-1006,Technology,3,330.0,0.0,120.0,West,Consumer,Debit Card
ORD-2024-13097,2023-07-16,CUST-0002,FUR-CH-2001,Furniture,2,324.0,0.1,44.0,North,Corporate,Credit Card
ORD-2024-13401,2023-07-16,CUST-0381,OFF-EN-3005,Office Supplies,2,15.2,0.05,9.2,South,Small Business,Credit Card
ORD-2024-14191,2023-07-16,CUST-0459,TEC-AC-1004,Technology,3,114.75,0.15,48.75,West,Consumer,Net Banking
ORD-2024-14443,2023-07-16,CUST-0076,OFF-PA-3001,Office Supplies,1,17.1,0.05,8.1,Central,Consumer,Credit Card
ORD-2024-14927,2023-07-16,CUST-0615,TEC-AC-1004,Technology,3,128.25,0.05,62.25,South,Consumer,Debit Card
ORD-2023-12288,2023-07-17,CUST-0363,FUR-TB-2002,Furniture,1,315.0,0.3,-75.0,North,Corporate,Credit Card
ORD-2023-12438,2023-07-17,CUST-0116,OFF-ST-3003,Office Supplies,2,47.5,0.05,19.5,East,Corporate,UPI
ORD-2023-14202,2023-07-17,CUST-0494,FUR-SF-2005,Furniture,4,2340.0,0.1,140.0,West,Consumer,Debit Card
ORD-2023-15082,2023-07-17,CUST-0023,FUR-DS-2004,Furniture,2,640.0,0.0,120.0,West,Consumer,Debit Card
ORD-2024-11211,2023-07-17,CUST-0054,FUR-CH-2001,Furniture,1,162.0,0.1,22.0,Central,Corporate,UPI
ORD-2024-13683,2023-07-17,CUST-0003,TEC-PR-1005,Technology,2,425.0,0.15,45.0,West,Consumer,Credit Card
ORD-2024-13963,2023-07-17,CUST-0142,FUR-BK-2003,Furniture,5,770.0,0.3,-105.0,North,Consumer,Debit Card
ORD-2023-10108,2023-07-18,CUST-0200,TEC-PR-1005,Technology,1,237.5,0.05,47.5,North,Consumer,UPI
ORD-2023-10628,2023-07-18,CUST-0514,TEC-HD-1006,Technology,3,297.0,0.1,87.0,West,Corporate,Debit Card
ORD-2023-11650,2023-07-18,CUST-0100,OFF-AP-3004,Office Supplies,1,85.0,0.0,30.0,Central,Consumer,Debit Card
ORD-2023-13414,2023-07-18,CUST-0319,TEC-LP-1002,Technology,2,2280.0,0.05,480.0,South,Consumer,Credit Card
ORD-2023-14110,2023-07-18,CUST-0201,FUR-TB-2002,Furniture,2,630.0,0.3,-150.0,North,Consumer,Debit Card
ORD-2024-11957,2023-07-18,CUST-0209,FUR-DS-2004,Furniture,4,1024.0,0.2,-16.0,South,Corporate,Credit Card
ORD-2023-10418,2023-07-19,CUST-0445,OFF-ST-3003,Office Supplies,2,50.0,0.0,22.0,Central,Consumer,Net Banking
ORD-2023-12624,2023-07-19,CUST-0491,OFF-BI-3002,Office Supplies,1,11.4,0.05,6.4,East,Corporate,UPI
ORD-2024-12357,2023-07-19,CUST-0642,OFF-ST-3003,Office Supplies,1,23.75,0.05,9.75,South,Consumer,Credit Card
ORD-2024-14009,2023-07-19,CUST-0019,OFF-PA-3001,Office Supplies,3,54.0,0.0,27.0,Central,Corporate,UPI
ORD-2023-14286,2023-07-20,CUST-0384,TEC-MN-1003,Technology,2,600.0,0.0,180.0,West,Small Business,UPI
ORD-2024-11695,2023-07-20,CUST-0196,TEC-HD-1006,Technology,2,209.0,0.05,69.0,North,Consumer,Debit Card
ORD-2024-13959,2023-07-20,CUST-0527,FUR-DS-2004,Furniture,2,576.0,0.1,56.0,North,Corporate,Debit Card
ORD-2024-14011,2023-07-20,CUST-0181,TEC-MN-1003,Technology,1,270.0,0.1,60.0,East,Small Business,Credit Card
ORD-2024-14407,2023-07-20,CUST-0571,TEC-LP-1002,Technology,2,2160.0,0.1,360.0,North,Consumer,Credit Card
ORD-2024-14413,2023-07-20,CUST-0180,TEC-HD-1006,Technology,2,209.0,0.05,69.0,South,Consumer,Credit Card
ORD-2023-12806,2023-07-21,CUST-0116,OFF-AP-3004,Office Supplies,1,76.5,0.1,21.5,South,Corporate,Credit Card
ORD-2023-13130,2023-07-21,CUST-0193,FUR-CH-2001,Furniture,1,108.0,0.4,-32.0,Central,Consumer,Debit Card
ORD-2023-13826,2023-07-21,CUST-0214,FUR-CH-2001,Furniture,3,486.0,0.1,66.0,North,Consumer,UPI
ORD-2024-10273,2023-07-21,CUST-0113,TEC-MN-1003,Technology,2,600.0,0.0,180.0,West,Small Business,Debit Card
ORD-2024-13965,2023-07-21,CUST-0116,OFF-ST-3003,Office Supplies,1,25.0,0.0,11.0,Central,Corporate,Debit Card
ORD-2024-14665,2023-07-21,CUST-0043,FUR-BK-2003,Furniture,2,440.0,0.0,90.0,West,Corporate,Credit Card
ORD-2024-12693,2023-07-22,CUST-0209,FUR-CH-2001,Furniture,4,432.0,0.4,-128.0,South,Corporate,UPI
ORD-2023-11466,2023-07-23,CUST-0090,OFF-LA-3006,Office Supplies,1,15.0,0.0,8.0,South,Corporate,Cash on Delivery
ORD-2023-12342,2023-07-23,CUST-0623,TEC-PR-1005,Technology,1,250.0,0.0,60.0,North,Consumer,Debit Card
ORD-2023-12732,2023-07-23,CUST-0111,FUR-DS-2004,Furniture,1,256.0,0.2,-4.0,West,Consumer,UPI
ORD-2023-13632,2023-07-23,CUST-0157,TEC-MN-1003,Technology,1,300.0,0.0,90.0,Central,Consumer,Credit Card
ORD-2023-14442,2023-07-23,CUST-0157,FUR-DS-2004,Furniture,3,864.0,0.1,84.0,Central,Consumer,Debit Card
ORD-2023-10970,2023-07-24,CUST-0345,TEC-LP-1002,Technology,5,5100.0,0.15,600.0,North,Consumer,Net Banking
ORD-2024-12719,2023-07-24,CUST-0535,TEC-PH-1001,Technology,3,2550.0,0.0,750.0,South,Consumer,Credit Card
ORD-2023-10542,2023-07-25,CUST-0338,OFF-PA-3001,Office Supplies,8,115.2,0.2,43.2,Central,Small Business,Credit Card
ORD-2023-13140,2023-07-25,CUST-0139,OFF-LA-3006,Office Supplies,8,120.0,0.0,64.0,South,Corporate,Net Banking
ORD-2023-11990,2023-07-26,CUST-0186,FUR-CH-2001,Furniture,1,180.0,0.0,40.0,North,Consumer,Debit Card
ORD-2023-13302,2023-07-26,CUST-0560,OFF-AP-3004,Office Supplies,3,242.25,0.05,77.25,North,Consumer,Credit Card
ORD-2023-13654,2023-07-26,CUST-0023,OFF-BI-3002,Office Supplies,4,45.6,0.05,25.6,West,Consumer,Cash on Delivery
ORD-2023-13684,2023-07-26,CUST-0401,TEC-PR-1005,Technology,1,187.5,0.25,-2.5,North,Corporate,Credit Card
ORD-2024-10307,2023-07-26,CUST-0418,TEC-PR-1005,Technology,1,250.0,0.0,60.0,North,Consumer,Net Banking
ORD-2024-13987,2023-07-26,CUST-0051,TEC-LP-1002,Technology,4,4800.0,0.0,1200.0,North,Small Business,Net Banking
ORD-2024-14213,2023-07-26,CUST-0519,FUR-TB-2002,Furniture,8,3600.0,0.0,480.0,North,Consumer,UPI
ORD-2023-12392,2023-07-27,CUST-0609,OFF-PA-3001,Office Supplies,4,72.0,0.0,36.0,East,Corporate,Cash on Delivery
ORD-2023-12584,2023-07-27,CUST-0099,TEC-MN-1003,Technology,3,810.0,0.1,180.0,East,Consumer,Credit Card
ORD-2023-13098,2023-07-27,CUST-0328,FUR-DS-2004,Furniture,4,1280.0,0.0,240.0,North,Corporate,Debit Card
ORD-2023-15228,2023-07-27,CUST-0021,FUR-BK-2003,Furniture,2,352.0,0.2,2.0,North,Consumer,UPI
ORD-2024-10329,2023-07-27,CUST-0234,TEC-AC-1004,Technology,3,135.0,0.0,69.0,West,Consumer,UPI
ORD-2024-10713,2023-07-27,CUST-0334,TEC-AC-1004,Technology,1,42.75,0.05,20.75,North,Consumer,Net Banking
ORD-2024-11943,2023-07-27,CUST-0485,FUR-SF-2005,Furniture,1,455.0,0.3,-95.0,East,Small Business,Net Banking
ORD-2023-11872,2023-07-28,CUST-0139,OFF-PA-3001,Office Supplies,3,51.3,0.05,24.3,South,Corporate,Net Banking
ORD-2023-15286,2023-07-28,CUST-0562,OFF-ST-3003,Office Supplies,2,50.0,0.0,22.0,North,Small Business,UPI
ORD-2024-10357,2023-07-28,CUST-0422,TEC-PH-1001,Technology,1,765.0,0.1,165.0,South,Consumer,Credit Card
ORD-2024-11773,2023-07-28,CUST-0387,OFF-LA-3006,Office Supplies,1,15.0,0.0,8.0,North,Small Business,Debit Card
ORD-2024-12903,2023-07-28,CUST-0003,TEC-PR-1005,Technology,2,475.0,0.05,95.0,West,Consumer,Debit Card
ORD-2023-12110,2023-07-29,CUST-0259,TEC-PH-1001,Technology,2,1700.0,0.0,500.0,North,Corporate,Credit Card
ORD-2023-12464,2023-07-29,CUST-0071,OFF-AP-3004,Office Supplies,2,161.5,0.05,51.5,East,Corporate,Debit Card
ORD-2023-13150,2023-07-29,CUST-0544,FUR-SF-2005,Furniture,2,1170.0,0.1,70.0,South,Consumer,Debit Card
ORD-2023-14150,2023-07-29,CUST-0514,OFF-AP-3004,Office Supplies,1,76.5,0.1,21.5,West,Corporate,Credit Card
ORD-2024-15487,2023-07-29,CUST-0028,TEC-MN-1003,Technology,1,285.0,0.05,75.0,South,Corporate,Debit Card
ORD-2023-10410,2023-07-30,CUST-0062,TEC-HD-1006,Technology,4,396.0,0.1,116.0,North,Small Business,UPI
ORD-2024-10473,2023-07-30,CUST-0356,FUR-BK-2003,Furniture,1,198.0,0.1,23.0,South,Corporate,Credit Card
ORD-2024-10641,2023-07-30,CUST-0410,TEC-MN-1003,Technology,1,300.0,0.0,90.0,Central,Consumer,Credit Card
ORD-2024-10873,2023-07-30,CUST-0499,FUR-DS-2004,Furniture,1,288.0,0.1,28.0,East,Corporate,Credit Card
ORD-2024-13855,2023-07-30,CUST-0060,OFF-EN-3005,Office Supplies,3,21.6,0.1,12.6,Central,Consumer,Credit Card
ORD-2024-15047,2023-07-30,CUST-0204,FUR-BK-2003,Furniture,2,220.0,0.5,-130.0,North,Corporate,Credit Card
ORD-2023-12106,2023-07-31,CUST-0049,TEC-AC-1004,Technology,1,42.75,0.05,20.75,South,Consumer,Credit Card
ORD-2023-13158,2023-07-31,CUST-0513,OFF-BI-3002,Office Supplies,1,9.6,0.2,4.6,East,Consumer,Debit Card
ORD-2024-10405,2023-07-31,CUST-0097,OFF-AP-3004,Office Supplies,1,80.75,0.05,25.75,East,Consumer,Credit Card
ORD-2024-11771,2023-07-31,CUST-0161,TEC-LP-1002,Technology,1,1200.0,0.0,300.0,East,Corporate,UPI
ORD-2024-13217,2023-07-31,CUST-0148,OFF-BI-3002,Office Supplies,1,11.4,0.05,6.4,South,Small Business,Debit Card
ORD-2024-14899,2023-07-31,CUST-0198,OFF-AP-3004,Office Supplies,2,119.0,0.3,9.0,North,Corporate,Cash on Delivery
ORD-2023-10858,2023-08-01,CUST-0382,OFF-PA-3001,Office Supplies,2,28.8,0.2,10.8,North,Corporate,UPI
ORD-2023-11316,2023-08-01,CUST-0071,OFF-AP-3004,Office Supplies,1,68.0,0.2,13.0,East,Corporate,Credit Card
ORD-2023-14260,2023-08-01,CUST-0464,TEC-LP-1002,Technology,2,2040.0,0.15,240.0,North,Consumer,Cash on Delivery
ORD-2024-11589,2023-08-01,CUST-0020,OFF-EN-3005,Office Supplies,4,30.4,0.05,18.4,North,Consumer,Credit Card
ORD-2024-12781,2023-08-01,CUST-0535,TEC-AC-1004,Technology,2,90.0,0.0,46.0,South,Consumer,Credit Card
ORD-2024-14581,2023-08-01,CUST-0600,TEC-LP-1002,Technology,1,1140.0,0.05,240.0,North,Consumer,Debit Card
ORD-2024-14705,2023-08-01,CUST-0313,OFF-AP-3004,Office Supplies,1,85.0,0.0,30.0,Central,Consumer,Credit Card
ORD-2023-12134,2023-08-02,CUST-0313,OFF-AP-3004,Office Supplies,2,153.0,0.1,43.0,Central,Consumer,Credit Card
ORD-2023-12522,2023-08-02,CUST-0193,FUR-SF-2005,Furniture,2,1040.0,0.2,-60.0,East,Consumer,Credit Card
ORD-2024-10865,2023-08-02,CUST-0634,TEC-PR-1005,Technology,1,250.0,0.0,60.0,East,Corporate,Debit Card
ORD-2024-12033,2023-08-02,CUST-0065,OFF-ST-3003,Office Supplies,3,75.0,0.0,33.0,East,Small Business,Net Banking
ORD-2024-12529,2023-08-02,CUST-0027,FUR-SF-2005,Furniture,1,585.0,0.1,35.0,North,Consumer,UPI
ORD-2024-13281,2023-08-02,CUST-0485,TEC-AC-1004,Technology,3,135.0,0.0,69.0,East,Small Business,Cash on Delivery
ORD-2024-13455,2023-08-02,CUST-0565,OFF-ST-3003,Office Supplies,1,25.0,0.0,11.0,North,Consumer,UPI
ORD-2024-14027,2023-08-02,CUST-0101,FUR-CH-2001,Furniture,1,180.0,0.0,40.0,East,Consumer,Debit Card
ORD-2024-14071,2023-08-02,CUST-0270,FUR-SF-2005,Furniture,1,650.0,0.0,100.0,South,Small Business,UPI
ORD-2023-11422,2023-08-03,CUST-0048,FUR-CH-2001,Furniture,1,126.0,0.3,-14.0,East,Consumer,UPI
ORD-2023-12194,2023-08-03,CUST-0292,OFF-EN-3005,Office Supplies,2,12.8,0.2,6.8,North,Consumer,Credit Card
ORD-2023-13006,2023-08-03,CUST-0585,TEC-HD-1006,Technology,1,110.0,0.0,40.0,South,Consumer,Debit Card
ORD-2023-14862,2023-08-03,CUST-0401,OFF-EN-3005,Office Supplies,1,7.6,0.05,4.6,Central,Corporate,UPI
ORD-2023-15020,2023-08-03,CUST-0379,FUR-CH-2001,Furniture,1,108.0,0.4,-32.0,North,Corporate,UPI
ORD-2024-10807,2023-08-03,CUST-0401,FUR-BK-2003,Furniture,1,220.0,0.0,45.0,North,Corporate,Credit Card
ORD-2024-11295,2023-08-03,CUST-0027,TEC-PR-1005,Technology,3,750.0,0.0,180.0,North,Consumer,UPI
ORD-2024-15073,2023-08-03,CUST-0464,OFF-ST-3003,Office Supplies,2,35.0,0.3,7.0,North,Consumer,Net Banking
ORD-2023-10722,2023-08-04,CUST-0343,OFF-AP-3004,Office Supplies,1,80.75,0.05,25.75,East,Small Business,Credit Card
ORD-2023-11820,2023-08-04,CUST-0608,TEC-HD-1006,Technology,8,880.0,0.0,320.0,South,Consumer,UPI
ORD-2023-12120,2023-08-04,CUST-0011,FUR-BK-2003,Furniture,1,198.0,0.1,23.0,East,Corporate,Debit Card
ORD-2023-12634,2023-08-04,CUST-0197,FUR-SF-2005,Furniture,2,1040.0,0.2,-60.0,North,Consumer,Cash on Delivery
ORD-2024-11905,2023-08-04,CUST-0273,TEC-LP-1002,Technology,3,3420.0,0.05,720.0,South,Corporate,Credit Card
ORD-2023-13010,2023-08-05,CUST-0273,OFF-EN-3005,Office Supplies,3,22.8,0.05,13.8,South,Corporate,Debit Card
ORD-2023-15366,2023-08-05,CUST-0498,OFF-LA-3006,Office Supplies,2,27.0,0.1,13.0,North,Consumer,Credit Card
ORD-2024-10025,2023-08-05,CUST-0199,OFF-BI-3002,Office Supplies,5,60.0,0.0,35.0,South,Small Business,Debit Card
ORD-2024-10539,2023-08-05,CUST-0356,OFF-PA-3001,Office Supplies,2,32.4,0.1,14.4,North,Corporate,Debit Card
ORD-2024-10651,2023-08-05,CUST-0488,TEC-HD-1006,Technology,2,220.0,0.0,80.0,North,Corporate,Net Banking
ORD-2024-11937,2023-08-05,CUST-0011,OFF-LA-3006,Office Supplies,4,60.0,0.0,32.0,North,Corporate,UPI
ORD-2024-14949,2023-08-05,CUST-0428,FUR-CH-2001,Furniture,1,180.0,0.0,40.0,North,Corporate,Credit Card
ORD-2023-13644,2023-08-06,CUST-0422,FUR-DS-2004,Furniture,1,224.0,0.3,-36.0,West,Consumer,UPI
ORD-2023-14224,2023-08-06,CUST-0620,OFF-BI-3002,Office Supplies,2,19.2,0.2,9.2,West,Consumer,Credit Card
ORD-2023-15206,2023-08-06,CUST-0382,OFF-EN-3005,Office Supplies,2,15.2,0.05,9.2,North,Corporate,Net Banking
ORD-2023-15360,2023-08-06,CUST-0544,TEC-MN-1003,Technology,3,810.0,0.1,180.0,West,Consumer,UPI
ORD-2024-10035,2023-08-07,CUST-0158,OFF-BI-3002,Office Supplies,1,9.6,0.2,4.6,North,Small Business,Net Banking
ORD-2024-10445,2023-08-07,CUST-0300,OFF-AP-3004,Office Supplies,4,272.0,0.2,52.0,North,Small Business,Debit Card
ORD-2024-11837,2023-08-07,CUST-0171,TEC-HD-1006,Technology,1,110.0,0.0,40.0,South,Corporate,Debit Card
ORD-2024-13367,2023-08-07,CUST-0156,OFF-BI-3002,Office Supplies,3,36.0,0.0,21.0,North,Consumer,Credit Card
ORD-2024-14389,2023-08-07,CUST-0611,TEC-PH-1001,Technology,1,765.0,0.1,165.0,East,Small Business,UPI
ORD-2024-14419,2023-08-07,CUST-0487,TEC-PR-1005,Technology,2,500.0,0.0,120.0,East,Consumer,UPI
ORD-2024-14669,2023-08-07,CUST-0371,OFF-EN-3005,Office Supplies,1,7.2,0.1,4.2,North,Corporate,UPI
ORD-2024-15093,2023-08-07,CUST-0453,OFF-LA-3006,Office Supplies,2,27.0,0.1,13.0,South,Small Business,Debit Card
ORD-2023-10788,2023-08-08,CUST-0531,OFF-LA-3006,Office Supplies,5,75.0,0.0,40.0,Central,Corporate,Net Banking
ORD-2023-13288,2023-08-08,CUST-0012,FUR-BK-2003,Furniture,5,1100.0,0.0,225.0,Central,Small Business,Credit Card
ORD-2024-13253,2023-08-08,CUST-0427,FUR-BK-2003,Furniture,5,550.0,0.5,-325.0,East,Consumer,Credit Card
ORD-2024-14623,2023-08-08,CUST-0242,OFF-LA-3006,Office Supplies,3,36.0,0.2,15.0,East,Corporate,Credit Card
ORD-2023-11748,2023-08-09,CUST-0636,OFF-BI-3002,Office Supplies,2,22.8,0.05,12.8,Central,Consumer,Credit Card
ORD-2023-14476,2023-08-09,CUST-0237,TEC-PH-1001,Technology,2,1530.0,0.1,330.0,East,Consumer,UPI
ORD-2024-14333,2023-08-09,CUST-0309,TEC-PR-1005,Technology,1,250.0,0.0,60.0,North,Consumer,Debit Card
ORD-2023-12052,2023-08-10,CUST-0235,OFF-ST-3003,Office Supplies,1,22.5,0.1,8.5,North,Consumer,UPI
ORD-2023-12266,2023-08-10,CUST-0514,TEC-PH-1001,Technology,2,1700.0,0.0,500.0,West,Corporate,Credit Card
ORD-2024-10869,2023-08-10,CUST-0270,FUR-CH-2001,Furniture,2,288.0,0.2,8.0,South,Small Business,UPI
ORD-2024-11827,2023-08-10,CUST-0100,OFF-LA-3006,Office Supplies,2,28.5,0.05,14.5,East,Consumer,Credit Card
ORD-2024-13811,2023-08-10,CUST-0281,FUR-DS-2004,Furniture,1,320.0,0.0,60.0,East,Consumer,UPI
ORD-2024-14645,2023-08-10,CUST-0632,TEC-PR-1005,Technology,1,250.0,0.0,60.0,East,Consumer,UPI
ORD-2024-15387,2023-08-10,CUST-0440,OFF-EN-3005,Office Supplies,1,8.0,0.0,5.0,North,Corporate,Debit Card
ORD-2023-11450,2023-08-11,CUST-0552,TEC-LP-1002,Technology,1,1080.0,0.1,180.0,North,Consumer,Credit Card
ORD-2023-11656,2023-08-11,CUST-0054,TEC-PH-1001,Technology,1,850.0,0.0,250.0,South,Corporate,Net Banking
ORD-2023-12140,2023-08-11,CUST-0562,OFF-LA-3006,Office Supplies,3,42.75,0.05,21.75,North,Small Business,Credit Card
ORD-2023-13122,2023-08-11,CUST-0450,OFF-ST-3003,Office Supplies,5,100.0,0.2,30.0,Central,Consumer,UPI
ORD-2023-14148,2023-08-11,CUST-0631,TEC-MN-1003,Technology,3,900.0,0.0,270.0,West,Consumer,UPI
ORD-2023-14798,2023-08-11,CUST-0233,FUR-BK-2003,Furniture,3,462.0,0.3,-63.0,East,Consumer,UPI
ORD-2023-15104,2023-08-11,CUST-0111,FUR-BK-2003,Furniture,3,462.0,0.3,-63.0,West,Consumer,Debit Card
ORD-2023-15140,2023-08-11,CUST-0345,FUR-DS-2004,Furniture,10,2560.0,0.2,-40.0,North,Consumer,Credit Card
ORD-2024-15137,2023-08-11,CUST-0581,TEC-MN-1003,Technology,3,855.0,0.05,225.0,Central,Small Business,Debit Card
ORD-2023-12320,2023-08-12,CUST-0166,FUR-TB-2002,Furniture,2,720.0,0.2,-60.0,East,Consumer,Cash on Delivery
ORD-2023-12544,2023-08-12,CUST-0033,TEC-HD-1006,Technology,1,110.0,0.0,40.0,Central,Corporate,Debit Card
ORD-2023-13754,2023-08-12,CUST-0460,OFF-EN-3005,Office Supplies,4,30.4,0.05,18.4,South,Corporate,Credit Card
ORD-2023-13842,2023-08-12,CUST-0034,OFF-BI-3002,Office Supplies,1,11.4,0.05,6.4,North,Consumer,Credit Card
ORD-2023-14118,2023-08-12,CUST-0350,TEC-PH-1001,Technology,2,1700.0,0.0,500.0,West,Consumer,Credit Card
ORD-2023-14756,2023-08-12,CUST-0471,TEC-LP-1002,Technology,2,2400.0,0.0,600.0,South,Consumer,UPI
ORD-2023-15166,2023-08-12,CUST-0289,OFF-EN-3005,Office Supplies,1,8.0,0.0,5.0,East,Consumer,Debit Card
ORD-2024-10937,2023-08-12,CUST-0328,TEC-AC-1004,Technology,2,67.5,0.25,23.5,North,Corporate,Debit Card
ORD-2024-14179,2023-08-12,CUST-0234,FUR-SF-2005,Furniture,1,585.0,0.1,35.0,East,Consumer,Credit Card
ORD-2024-15223,2023-08-12,CUST-0435,OFF-EN-3005,Office Supplies,2,15.2,0.05,9.2,East,Consumer,Cash on Delivery
ORD-2023-11528,2023-08-13,CUST-0538,TEC-MN-1003,Technology,4,1020.0,0.15,180.0,East,Corporate,Credit Card
ORD-2023-12864,2023-08-13,CUST-0379,TEC-LP-1002,Technology,2,2400.0,0.0,600.0,North,Corporate,UPI
ORD-2023-14358,2023-08-13,CUST-0634,OFF-BI-3002,Office Supplies,3,36.0,0.0,21.0,West,Corporate,UPI
ORD-2024-10015,2023-08-13,CUST-0358,TEC-LP-1002,Technology,2,2400.0,0.0,600.0,North,Consumer,UPI
ORD-2024-11395,2023-08-13,CUST-0578,TEC-LP-1002,Technology,2,2400.0,0.0,600.0,East,Corporate,Credit Card
ORD-2024-11491,2023-08-13,CUST-0172,TEC-AC-1004,Technology,8,342.0,0.05,166.0,Central,Small Business,Credit Card
ORD-2024-12253,2023-08-13,CUST-0094,OFF-AP-3004,Office Supplies,3,242.25,0.05,77.25,West,Corporate,Credit Card
ORD-2024-12325,2023-08-13,CUST-0577,FUR-CH-2001,Furniture,2,252.0,0.3,-28.0,East,Corporate,Credit Card
ORD-2024-13487,2023-08-13,CUST-0235,OFF-LA-3006,Office Supplies,8,84.0,0.3,28.0,North,Consumer,UPI
ORD-2024-15023,2023-08-13,CUST-0241,FUR-CH-2001,Furniture,1,180.0,0.0,40.0,North,Small Business,UPI
ORD-2023-11326,2023-08-14,CUST-0508,TEC-HD-1006,Technology,3,297.0,0.1,87.0,South,Small Business,UPI
ORD-2023-12314,2023-08-14,CUST-0508,OFF-BI-3002,Office Supplies,1,12.0,0.0,7.0,South,Small Business,Net Banking
ORD-2023-14018,2023-08-14,CUST-0203,TEC-MN-1003,Technology,1,285.0,0.05,75.0,South,Consumer,Debit Card
ORD-2023-14448,2023-08-14,CUST-0579,OFF-EN-3005,Office Supplies,3,22.8,0.05,13.8,West,Consumer,UPI
ORD-2024-14251,2023-08-14,CUST-0284,OFF-PA-3001,Office Supplies,10,180.0,0.0,90.0,North,Corporate,Debit Card
ORD-2023-10652,2023-08-15,CUST-0104,TEC-LP-1002,Technology,1,1080.0,0.1,180.0,South,Consumer,Debit Card
ORD-2023-12916,2023-08-15,CUST-0061,TEC-LP-1002,Technology,3,2700.0,0.25,0.0,North,Consumer,Debit Card
ORD-2023-11470,2023-08-16,CUST-0487,TEC-LP-1002,Technology,2,2040.0,0.15,240.0,East,Consumer,UPI
ORD-2023-12880,2023-08-16,CUST-0197,OFF-PA-3001,Office Supplies,4,64.8,0.1,28.8,North,Consumer,Credit Card
ORD-2023-14878,2023-08-16,CUST-0610,OFF-EN-3005,Office Supplies,2,15.2,0.05,9.2,West,Small Business,UPI
ORD-2024-11805,2023-08-16,CUST-0465,OFF-LA-3006,Office Supplies,2,27.0,0.1,13.0,East,Consumer,Debit Card
ORD-2023-14574,2023-08-17,CUST-0030,TEC-LP-1002,Technology,1,1140.0,0.05,240.0,South,Corporate,UPI
ORD-2023-14696,2023-08-17,CUST-0164,TEC-LP-1002,Technology,2,2400.0,0.0,600.0,South,Small Business,UPI
ORD-2024-10337,2023-08-17,CUST-0281,OFF-ST-3003,Office Supplies,1,22.5,0.1,8.5,East,Consumer,Credit Card
ORD-2024-10505,2023-08-17,CUST-0355,FUR-DS-2004,Furniture,2,512.0,0.2,-8.0,South,Corporate,Credit Card
ORD-2024-10603,2023-08-17,CUST-0609,OFF-EN-3005,Office Supplies,1,8.0,0.0,5.0,East,Corporate,Debit Card
ORD-2024-14383,2023-08-17,CUST-0607,TEC-AC-1004,Technology,1,42.75,0.05,20.75,South,Corporate,UPI
ORD-2024-15499,2023-08-17,CUST-0032,OFF-BI-3002,Office Supplies,3,36.0,0.0,21.0,West,Corporate,Credit Card
ORD-2023-10466,2023-08-18,CUST-0549,TEC-MN-1003,Technology,3,900.0,0.0,270.0,West,Consumer,Credit Card
ORD-2023-11576,2023-08-18,CUST-0507,OFF-ST-3003,Office Supplies,4,95.0,0.05,39.0,Central,Consumer,Credit Card
ORD-2023-14088,2023-08-18,CUST-0309,TEC-AC-1004,Technology,5,225.0,0.0,115.0,North,Consumer,Net Banking
ORD-2024-13141,2023-08-18,CUST-0566,TEC-MN-1003,Technology,5,1500.0,0.0,450.0,North,Consumer,UPI
ORD-2024-14455,2023-08-18,CUST-0558,OFF-AP-3004,Office Supplies,1,85.0,0.0,30.0,Central,Small Business,Credit Card
ORD-2024-14597,2023-08-18,CUST-0270,OFF-AP-3004,Office Supplies,1,80.75,0.05,25.75,South,Small Business,Debit Card
ORD-2024-15197,2023-08-18,CUST-0395,OFF-AP-3004,Office Supplies,5,425.0,0.0,150.0,Central,Corporate,Debit Card
ORD-2023-12042,2023-08-19,CUST-0559,OFF-PA-3001,Office Supplies,2,32.4,0.1,14.4,South,Corporate,Credit Card
ORD-2023-13282,2023-08-19,CUST-0074,FUR-DS-2004,Furniture,1,256.0,0.2,-4.0,East,Small Business,Net Banking
ORD-2023-13584,2023-08-19,CUST-0010,OFF-EN-3005,Office Supplies,1,7.6,0.05,4.6,East,Corporate,Credit Card
ORD-2024-10069,2023-08-19,CUST-0028,OFF-EN-3005,Office Supplies,1,8.0,0.0,5.0,South,Corporate,Credit Card
ORD-2023-12066,2023-08-20,CUST-0131,FUR-TB-2002,Furniture,1,405.0,0.1,15.0,South,Small Business,Net Banking
ORD-2023-12774,2023-08-20,CUST-0369,FUR-BK-2003,Furniture,2,396.0,0.1,46.0,North,Small Business,Debit Card
ORD-2024-10309,2023-08-20,CUST-0300,OFF-EN-3005,Office Supplies,3,22.8,0.05,13.8,North,Small Business,Debit Card
ORD-2024-12927,2023-08-20,CUST-0178,TEC-HD-1006,Technology,1,104.5,0.05,34.5,Central,Small Business,Credit Card
ORD-2024-13201,2023-08-20,CUST-0488,OFF-LA-3006,Office Supplies,1,13.5,0.1,6.5,North,Corporate,UPI
ORD-2023-12024,2023-08-21,CUST-0108,FUR-DS-2004,Furniture,4,1024.0,0.2,-16.0,East,Corporate,Net Banking
ORD-2023-12416,2023-08-21,CUST-0648,OFF-AP-3004,Office Supplies,1,76.5,0.1,21.5,West,Consumer,Cash on Delivery
ORD-2023-13748,2023-08-21,CUST-0052,OFF-AP-3004,Office Supplies,1,85.0,0.0,30.0,Central,Consumer,Debit Card
ORD-2023-15156,2023-08-21,CUST-0500,OFF-ST-3003,Office Supplies,4,95.0,0.05,39.0,South,Consumer,Debit Card
ORD-2024-12085,2023-08-21,CUST-0075,TEC-AC-1004,Technology,5,225.0,0.0,115.0,South,Consumer,UPI
ORD-2024-12875,2023-08-21,CUST-0422,OFF-ST-3003,Office Supplies,1,25.0,0.0,11.0,North,Consumer,Net Banking
ORD-2024-14087,2023-08-21,CUST-0340,FUR-TB-2002,Furniture,5,2250.0,0.0,300.0,Central,Corporate,Credit Card
ORD-2023-10464,2023-08-22,CUST-0011,OFF-EN-3005,Office Supplies,2,12.8,0.2,6.8,North,Corporate,Debit Card
ORD-2023-11946,2023-08-22,CUST-0042,FUR-BK-2003,Furniture,2,396.0,0.1,46.0,East,Consumer,Net Banking
ORD-2023-11976,2023-08-22,CUST-0512,FUR-BK-2003,Furniture,2,352.0,0.2,2.0,East,Consumer,Debit Card
ORD-2023-12182,2023-08-22,CUST-0257,OFF-AP-3004,Office Supplies,5,425.0,0.0,150.0,West,Consumer,Cash on Delivery
ORD-2023-13476,2023-08-22,CUST-0325,OFF-ST-3003,Office Supplies,3,75.0,0.0,33.0,North,Corporate,UPI
ORD-2024-10733,2023-08-22,CUST-0251,OFF-BI-3002,Office Supplies,1,11.4,0.05,6.4,Central,Consumer,UPI
ORD-2024-14525,2023-08-22,CUST-0126,TEC-PR-1005,Technology,1,225.0,0.1,35.0,West,Consumer,Debit Card
ORD-2023-10686,2023-08-23,CUST-0359,TEC-AC-1004,Technology,1,45.0,0.0,23.0,South,Small Business,Debit Card
ORD-2023-12400,2023-08-23,CUST-0370,OFF-LA-3006,Office Supplies,1,14.25,0.05,7.25,East,Corporate,Debit Card
ORD-2023-15420,2023-08-23,CUST-0043,FUR-SF-2005,Furniture,3,1560.0,0.2,-90.0,Central,Corporate,UPI
ORD-2024-13015,2023-08-23,CUST-0636,TEC-MN-1003,Technology,4,1140.0,0.05,300.0,Central,Consumer,Net Banking
ORD-2024-14641,2023-08-23,CUST-0623,FUR-CH-2001,Furniture,1,180.0,0.0,40.0,North,Consumer,UPI
ORD-2023-14194,2023-08-24,CUST-0512,FUR-TB-2002,Furniture,2,720.0,0.2,-60.0,South,Consumer,Cash on Delivery
ORD-2023-14546,2023-08-24,CUST-0127,OFF-EN-3005,Office Supplies,1,8.0,0.0,5.0,South,Corporate,Debit Card
ORD-2023-14548,2023-08-24,CUST-0055,TEC-PR-1005,Technology,2,450.0,0.1,70.0,East,Corporate,UPI
ORD-2023-14698,2023-08-24,CUST-0632,OFF-PA-3001,Office Supplies,4,72.0,0.0,36.0,Central,Consumer,Net Banking
ORD-2024-10969,2023-08-24,CUST-0097,OFF-ST-3003,Office Supplies,2,50.0,0.0,22.0,East,Consumer,Credit Card
ORD-2023-10780,2023-08-25,CUST-0397,TEC-HD-1006,Technology,2,220.0,0.0,80.0,West,Consumer,UPI
ORD-2023-12704,2023-08-25,CUST-0126,TEC-LP-1002,Technology,1,1200.0,0.0,300.0,West,Consumer,Credit Card
ORD-2023-14656,2023-08-25,CUST-0507,TEC-AC-1004,Technology,1,45.0,0.0,23.0,Central,Consumer,Debit Card
ORD-2024-13077,2023-08-25,CUST-0247,FUR-TB-2002,Furniture,2,900.0,0.0,120.0,South,Consumer,UPI
ORD-2024-14403,2023-08-25,CUST-0193,TEC-MN-1003,Technology,1,285.0,0.05,75.0,Central,Consumer,Credit Card
ORD-2023-10408,2023-08-26,CUST-0183,OFF-ST-3003,Office Supplies,1,25.0,0.0,11.0,East,Consumer,Credit Card
ORD-2023-11162,2023-08-26,CUST-0398,TEC-MN-1003,Technology,1,285.0,0.05,75.0,South,Corporate,UPI
ORD-2023-12242,2023-08-26,CUST-0272,OFF-PA-3001,Office Supplies,1,18.0,0.0,9.0,West,Small Business,Credit Card
ORD-2023-12596,2023-08-26,CUST-0101,FUR-SF-2005,Furniture,2,1040.0,0.2,-60.0,South,Consumer,Credit Card
ORD-2023-13444,2023-08-26,CUST-0325,OFF-EN-3005,Office Supplies,1,7.6,0.05,4.6,East,Corporate,Cash on Delivery
ORD-2023-13816,2023-08-26,CUST-0085,TEC-HD-1006,Technology,1,104.5,0.05,34.5,South,Small Business,Debit Card
ORD-2023-14778,2023-08-26,CUST-0191,TEC-LP-1002,Technology,3,3240.0,0.1,540.0,West,Corporate,Debit Card
ORD-2024-13525,2023-08-26,CUST-0263,FUR-TB-2002,Furniture,2,810.0,0.1,30.0,South,Corporate,Credit Card
ORD-2023-11254,2023-08-27,CUST-0596,OFF-BI-3002,Office Supplies,4,48.0,0.0,28.0,East,Small Business,Cash on Delivery
ORD-2023-13378,2023-08-27,CUST-0010,TEC-AC-1004,Technology,2,90.0,0.0,46.0,East,Corporate,Credit Card
ORD-2024-13257,2023-08-27,CUST-0627,OFF-AP-3004,Office Supplies,1,85.0,0.0,30.0,East,Consumer,Credit Card
ORD-2024-14545,2023-08-27,CUST-0512,TEC-HD-1006,Technology,1,104.5,0.05,34.5,South,Consumer,Credit Card
ORD-2023-12894,2023-08-28,CUST-0244,TEC-MN-1003,Technology,2,570.0,0.05,150.0,North,Consumer,UPI
ORD-2023-13500,2023-08-28,CUST-0061,FUR-DS-2004,Furniture,10,2560.0,0.2,-40.0,North,Consumer,Credit Card
ORD-2023-14642,2023-08-28,CUST-0630,TEC-HD-1006,Technology,2,209.0,0.05,69.0,West,Consumer,Net Banking
ORD-2024-10229,2023-08-28,CUST-0647,FUR-CH-2001,Furniture,3,432.0,0.2,12.0,North,Consumer,Cash on Delivery
ORD-2024-11293,2023-08-28,CUST-0449,OFF-AP-3004,Office Supplies,2,170.0,0.0,60.0,South,Corporate,Credit Card
ORD-2024-12473,2023-08-28,CUST-0195,TEC-PR-1005,Technology,2,450.0,0.1,70.0,South,Consumer,UPI
ORD-2023-12190,2023-08-29,CUST-0210,TEC-PH-1001,Technology,5,4037.5,0.05,1037.5,North,Corporate,Net Banking
ORD-2023-13132,2023-08-29,CUST-0257,TEC-HD-1006,Technology,4,440.0,0.0,160.0,West,Consumer,Cash on Delivery
ORD-2023-13494,2023-08-29,CUST-0014,FUR-TB-2002,Furniture,2,450.0,0.5,-330.0,North,Consumer,Credit Card
ORD-2023-15008,2023-08-29,CUST-0124,OFF-ST-3003,Office Supplies,3,71.25,0.05,29.25,North,Consumer,Cash on Delivery
ORD-2024-11877,2023-08-29,CUST-0010,OFF-BI-3002,Office Supplies,4,43.2,0.1,23.2,East,Corporate,UPI
ORD-2024-14607,2023-08-29,CUST-0028,TEC-MN-1003,Technology,2,600.0,0.0,180.0,South,Corporate,Credit Card
ORD-2023-11708,2023-08-30,CUST-0542,OFF-PA-3001,Office Supplies,2,34.2,0.05,16.2,North,Small Business,Credit Card
ORD-2024-11091,2023-08-30,CUST-0100,FUR-BK-2003,Furniture,1,176.0,0.2,1.0,East,Consumer,Credit Card
ORD-2024-15297,2023-08-30,CUST-0496,TEC-MN-1003,Technology,3,810.0,0.1,180.0,South,Consumer,Net Banking
ORD-2024-15443,2023-08-30,CUST-0009,TEC-PR-1005,Technology,1,250.0,0.0,60.0,West,Consumer,Credit Card
ORD-2023-10344,2023-08-31,CUST-0507,OFF-ST-3003,Office Supplies,8,190.0,0.05,78.0,Central,Consumer,Credit Card
ORD-2024-10155,2023-08-31,CUST-0197,TEC-PH-1001,Technology,2,1700.0,0.0,500.0,East,Consumer,Debit Card
ORD-2024-12467,2023-08-31,CUST-0172,FUR-TB-2002,Furniture,2,540.0,0.4,-240.0,North,Small Business,Credit Card
ORD-2024-12591,2023-08-31,CUST-0090,TEC-AC-1004,Technology,3,128.25,0.05,62.25,South,Corporate,UPI
ORD-2023-10240,2023-09-01,CUST-0313,OFF-AP-3004,Office Supplies,2,153.0,0.1,43.0,Central,Consumer,Credit Card
ORD-2023-10624,2023-09-01,CUST-0275,TEC-LP-1002,Technology,2,2400.0,0.0,600.0,South,Consumer,Credit Card
ORD-2023-11090,2023-09-01,CUST-0292,OFF-BI-3002,Office Supplies,3,36.0,0.0,21.0,North,Consumer,Credit Card
ORD-2024-14125,2023-09-01,CUST-0011,FUR-CH-2001,Furniture,2,288.0,0.0,8.0,North,Corporate,Cash on Delivery
ORD-2024-15465,2023-09-01,CUST-0234,TEC-MN-1003,Technology,3,810.0,0.1,180.0,East,Consumer,Debit Card
ORD-2023-10042,2023-09-02,CUST-0498,FUR-SF-2005,Furniture,4,1560.0,0.4,-640.0,North,Consumer,Net Banking
ORD-2023-13310,2023-09-02,CUST-0332,FUR-BK-2003,Furniture,2,352.0,0.2,2.0,South,Corporate,Net Banking
ORD-2024-10989,2023-09-02,CUST-0560,FUR-TB-2002,Furniture,1,270.0,0.4,-120.0,South,Consumer,Credit Card
ORD-2024-13595,2023-09-02,CUST-0470,FUR-BK-2003,Furniture,2,440.0,0.0,90.0,East,Corporate,Credit Card
ORD-2023-13196,2023-09-03,CUST-0578,TEC-LP-1002,Technology,4,4080.0,0.15,480.0,West,Corporate,Debit Card
ORD-2023-13540,2023-09-03,CUST-0610,TEC-HD-1006,Technology,1,104.5,0.05,34.5,West,Small Business,Credit Card
ORD-2023-14584,2023-09-03,CUST-0462,TEC-PH-1001,Technology,2,1700.0,0.0,500.0,East,Consumer,Credit Card
ORD-2024-11313,2023-09-03,CUST-0485,TEC-MN-1003,Technology,2,510.0,0.15,90.0,East,Small Business,UPI
ORD-2024-11441,2023-09-03,CUST-0043,FUR-DS-2004,Furniture,1,192.0,0.4,-68.0,West,Corporate,Credit Card
ORD-2024-12537,2023-09-03,CUST-0313,FUR-BK-2003,Furniture,2,352.0,0.2,2.0,Central,Consumer,Net Banking
ORD-2023-10820,2023-09-04,CUST-0215,OFF-AP-3004,Office Supplies,1,85.0,0.0,30.0,East,Consumer,Debit Card
ORD-2023-11832,2023-09-04,CUST-0273,OFF-PA-3001,Office Supplies,2,36.0,0.0,18.0,South,Corporate,UPI
ORD-2023-12176,2023-09-04,CUST-0233,TEC-HD-1006,Technology,3,330.0,0.0,120.0,East,Consumer,UPI
ORD-2023-12570,2023-09-04,CUST-0486,TEC-LP-1002,Technology,1,1140.0,0.05,240.0,East,Small Business,UPI
ORD-2024-11533,2023-09-04,CUST-0489,OFF-EN-3005,Office Supplies,2,15.2,0.05,9.2,North,Small Business,Credit Card
ORD-2024-12383,2023-09-04,CUST-0040,TEC-AC-1004,Technology,1,45.0,0.0,23.0,West,Consumer,Credit Card
ORD-2024-12525,2023-09-04,CUST-0198,TEC-PR-1005,Technology,5,1187.5,0.05,237.5,North,Corporate,Credit Card
ORD-2024-12821,2023-09-04,CUST-0400,OFF-LA-3006,Office Supplies,3,40.5,0.1,19.5,West,Small Business,Credit Card
ORD-2024-14381,2023-09-04,CUST-0637,OFF-EN-3005,Office Supplies,1,7.6,0.05,4.6,North,Consumer,Debit Card
ORD-2024-14997,2023-09-04,CUST-0465,OFF-EN-3005,Office Supplies,4,30.4,0.05,18.4,Central,Consumer,UPI
ORD-2023-12456,2023-09-05,CUST-0166,OFF-LA-3006,Office Supplies,1,13.5,0.1,6.5,East,Consumer,Credit Card
ORD-2023-14084,2023-09-05,CUST-0313,OFF-PA-3001,Office Supplies,2,34.2,0.05,16.2,Central,Consumer,Net Banking
ORD-2024-11579,2023-09-05,CUST-0450,TEC-LP-1002,Technology,2,2400.0,0.0,600.0,Central,Consumer,Credit Card
ORD-2024-11923,2023-09-05,CUST-0444,FUR-SF-2005,Furniture,1,390.0,0.4,-160.0,East,Consumer,Debit Card
ORD-2024-12043,2023-09-05,CUST-0409,TEC-AC-1004,Technology,2,85.5,0.05,41.5,East,Consumer,Credit Card
ORD-2024-12265,2023-09-05,CUST-0301,OFF-AP-3004,Office Supplies,2,170.0,0.0,60.0,North,Consumer,Debit Card
ORD-2024-12335,2023-09-05,CUST-0551,OFF-AP-3004,Office Supplies,1,80.75,0.05,25.75,South,Consumer,Credit Card
ORD-2024-12519,2023-09-05,CUST-0176,FUR-SF-2005,Furniture,1,520.0,0.2,-30.0,East,Consumer,Credit Card
ORD-2024-14295,2023-09-05,CUST-0564,TEC-AC-1004,Technology,3,135.0,0.0,69.0,North,Corporate,UPI
ORD-2023-10350,2023-09-06,CUST-0060,TEC-MN-1003,Technology,1,300.0,0.0,90.0,East,Consumer,Net Banking
ORD-2023-10354,2023-09-06,CUST-0371,FUR-SF-2005,Furniture,1,520.0,0.2,-30.0,Central,Corporate,Credit Card
ORD-2023-14176,2023-09-06,CUST-0257,OFF-PA-3001,Office Supplies,2,28.8,0.2,10.8,West,Consumer,Cash on Delivery
ORD-2023-14568,2023-09-06,CUST-0395,OFF-PA-3001,Office Supplies,1,16.2,0.1,7.2,Central,Corporate,Credit Card
ORD-2024-10029,2023-09-06,CUST-0190,OFF-ST-3003,Office Supplies,2,50.0,0.0,22.0,Central,Consumer,Credit Card
ORD-2024-10951,2023-09-06,CUST-0127,FUR-DS-2004,Furniture,1,320.0,0.0,60.0,South,Corporate,Net Banking
ORD-2024-14879,2023-09-06,CUST-0141,OFF-AP-3004,Office Supplies,1,76.5,0.1,21.5,South,Corporate,Credit Card
ORD-2023-10174,2023-09-07,CUST-0203,FUR-CH-2001,Furniture,2,324.0,0.1,44.0,South,Consumer,Cash on Delivery
ORD-2023-10206,2023-09-07,CUST-0060,FUR-DS-2004,Furniture,1,288.0,0.1,28.0,Central,Consumer,Credit Card
ORD-2023-11752,2023-09-07,CUST-0342,FUR-SF-2005,Furniture,1,390.0,0.4,-160.0,Central,Small Business,Credit Card
ORD-2023-13610,2023-09-07,CUST-0634,OFF-BI-3002,Office Supplies,5,54.0,0.1,29.0,East,Corporate,Debit Card
ORD-2023-14946,2023-09-07,CUST-0005,TEC-HD-1006,Technology,2,220.0,0.0,80.0,West,Small Business,UPI
ORD-2024-10707,2023-09-07,CUST-0413,TEC-PH-1001,Technology,2,1530.0,0.1,330.0,South,Small Business,Credit Card
ORD-2024-10957,2023-09-07,CUST-0097,OFF-BI-3002,Office Supplies,4,48.0,0.0,28.0,East,Consumer,Credit Card
ORD-2024-12943,2023-09-07,CUST-0623,OFF-LA-3006,Office Supplies,1,13.5,0.1,6.5,North,Consumer,UPI
ORD-2024-13227,2023-09-07,CUST-0043,FUR-SF-2005,Furniture,1,585.0,0.1,35.0,West,Corporate,Net Banking
ORD-2024-15481,2023-09-07,CUST-0270,TEC-LP-1002,Technology,1,900.0,0.25,0.0,South,Small Business,Credit Card
ORD-2023-10342,2023-09-08,CUST-0157,TEC-LP-1002,Technology,3,3600.0,0.0,900.0,Central,Consumer,Credit Card
ORD-2023-11806,2023-09-08,CUST-0615,OFF-PA-3001,Office Supplies,1,17.1,0.05,8.1,East,Consumer,Debit Card
ORD-2023-13120,2023-09-08,CUST-0364,FUR-DS-2004,Furniture,1,224.0,0.3,-36.0,Central,Consumer,Credit Card
ORD-2023-13432,2023-09-08,CUST-0647,FUR-SF-2005,Furniture,5,3250.0,0.0,500.0,North,Consumer,Credit Card
ORD-2023-15398,2023-09-08,CUST-0549,OFF-PA-3001,Office Supplies,1,16.2,0.1,7.2,West,Consumer,Credit Card
ORD-2024-10847,2023-09-08,CUST-0485,FUR-CH-2001,Furniture,3,432.0,0.2,12.0,East,Small Business,Credit Card
ORD-2024-11549,2023-09-08,CUST-0142,OFF-BI-3002,Office Supplies,3,36.0,0.0,21.0,East,Consumer,Credit Card
ORD-2024-11649,2023-09-08,CUST-0406,TEC-MN-1003,Technology,2,510.0,0.15,90.0,North,Consumer,UPI
ORD-2024-13109,2023-09-08,CUST-0139,TEC-HD-1006,Technology,1,110.0,0.0,40.0,South,Corporate,Credit Card
ORD-2023-11224,2023-09-09,CUST-0418,TEC-PH-1001,Technology,1,850.0,0.0,250.0,North,Consumer,Net Banking
ORD-2023-12264,2023-09-09,CUST-0086,FUR-SF-2005,Furniture,2,1040.0,0.2,-60.0,Central,Corporate,Debit Card
ORD-2023-12302,2023-09-09,CUST-0546,FUR-SF-2005,Furniture,2,1040.0,0.2,-60.0,South,Consumer,Credit Card
ORD-2023-12336,2023-09-09,CUST-0232,TEC-LP-1002,Technology,1,1140.0,0.05,240.0,North,Consumer,Net Banking
ORD-2023-12346,2023-09-09,CUST-0091,TEC-LP-1002,Technology,2,2400.0,0.0,600.0,West,Corporate,Cash on Delivery
ORD-2024-12499,2023-09-09,CUST-0080,OFF-LA-3006,Office Supplies,2,30.0,0.0,16.0,East,Consumer,Cash on Delivery
ORD-2023-11222,2023-09-10,CUST-0113,OFF-ST-3003,Office Supplies,1,23.75,0.05,9.75,West,Small Business,Net Banking
ORD-2023-12812,2023-09-10,CUST-0543,TEC-LP-1002,Technology,4,4080.0,0.15,480.0,East,Consumer,Credit Card
ORD-2023-13852,2023-09-10,CUST-0609,OFF-LA-3006,Office Supplies,1,15.0,0.0,8.0,East,Corporate,Net Banking
ORD-2024-12995,2023-09-10,CUST-0590,FUR-CH-2001,Furniture,1,126.0,0.3,-14.0,South,Consumer,Debit Card
ORD-2024-13781,2023-09-10,CUST-0150,OFF-PA-3001,Office Supplies,2,36.0,0.0,18.0,South,Corporate,Debit Card
ORD-2024-13885,2023-09-10,CUST-0623,FUR-SF-2005,Furniture,2,1040.0,0.2,-60.0,North,Consumer,Credit Card
ORD-2024-15061,2023-09-10,CUST-0428,OFF-EN-3005,Office Supplies,3,24.0,0.0,15.0,East,Corporate,UPI
ORD-2023-13814,2023-09-11,CUST-0645,FUR-TB-2002,Furniture,1,450.0,0.0,60.0,East,Corporate,Credit Card
ORD-2023-15402,2023-09-11,CUST-0067,OFF-EN-3005,Office Supplies,1,8.0,0.0,5.0,West,Small Business,Debit Card
ORD-2024-10327,2023-09-11,CUST-0075,OFF-LA-3006,Office Supplies,3,45.0,0.0,24.0,South,Consumer,UPI
ORD-2024-12977,2023-09-11,CUST-0313,FUR-SF-2005,Furniture,1,390.0,0.4,-160.0,East,Consumer,Credit Card
ORD-2024-13991,2023-09-11,CUST-0486,TEC-HD-1006,Technology,1,110.0,0.0,40.0,East,Small Business,Credit Card
ORD-2024-14897,2023-09-11,CUST-0054,TEC-MN-1003,Technology,1,270.0,0.1,60.0,South,Corporate,UPI
ORD-2023-10710,2023-09-12,CUST-0574,TEC-HD-1006,Technology,1,99.0,0.1,29.0,North,Consumer,Credit Card
ORD-2024-11115,2023-09-12,CUST-0439,OFF-EN-3005,Office Supplies,1,8.0,0.0,5.0,East,Consumer,UPI
ORD-2024-14549,2023-09-12,CUST-0023,TEC-MN-1003,Technology,1,300.0,0.0,90.0,West,Consumer,Credit Card
ORD-2024-14591,2023-09-12,CUST-0058,TEC-MN-1003,Technology,1,300.0,0.0,90.0,East,Consumer,UPI
ORD-2023-13306,2023-09-13,CUST-0613,TEC-MN-1003,Technology,1,300.0,0.0,90.0,West,Consumer,Credit Card
ORD-2023-14216,2023-09-13,CUST-0464,FUR-SF-2005,Furniture,3,1170.0,0.4,-480.0,Central,Consumer,Cash on Delivery
ORD-2023-14240,2023-09-13,CUST-0166,OFF-ST-3003,Office Supplies,2,47.5,0.05,19.5,East,Consumer,Debit Card
ORD-2023-15422,2023-09-13,CUST-0073,OFF-PA-3001,Office Supplies,2,34.2,0.05,16.2,West,Consumer,Credit Card
ORD-2024-11717,2023-09-13,CUST-0112,FUR-DS-2004,Furniture,1,192.0,0.4,-68.0,North,Consumer,Credit Card
ORD-2024-12197,2023-09-13,CUST-0015,TEC-AC-1004,Technology,2,76.5,0.15,32.5,Central,Consumer,UPI
ORD-2023-14434,2023-09-14,CUST-0544,OFF-EN-3005,Office Supplies,1,8.0,0.0,5.0,West,Consumer,Debit Card
ORD-2024-10757,2023-09-14,CUST-0109,OFF-BI-3002,Office Supplies,2,24.0,0.0,14.0,South,Small Business,Credit Card
ORD-2024-11289,2023-09-14,CUST-0260,TEC-PR-1005,Technology,1,250.0,0.0,60.0,West,Corporate,Credit Card
ORD-2024-14097,2023-09-14,CUST-0134,OFF-EN-3005,Office Supplies,2,16.0,0.0,10.0,East,Corporate,UPI
ORD-2024-15323,2023-09-14,CUST-0270,FUR-TB-2002,Furniture,1,315.0,0.3,-75.0,South,Small Business,Credit Card
ORD-2023-11332,2023-09-15,CUST-0603,TEC-PR-1005,Technology,4,750.0,0.25,-10.0,North,Corporate,Credit Card
ORD-2023-12796,2023-09-15,CUST-0364,TEC-PH-1001,Technology,3,2550.0,0.0,750.0,North,Consumer,Debit Card
ORD-2023-15444,2023-09-15,CUST-0426,TEC-HD-1006,Technology,3,247.5,0.25,37.5,South,Consumer,Credit Card
ORD-2024-12295,2023-09-15,CUST-0262,FUR-TB-2002,Furniture,3,1080.0,0.2,-90.0,North,Consumer,Cash on Delivery
ORD-2024-12711,2023-09-15,CUST-0647,OFF-ST-3003,Office Supplies,2,47.5,0.05,19.5,North,Consumer,UPI
ORD-2024-13363,2023-09-15,CUST-0516,FUR-SF-2005,Furniture,1,390.0,0.4,-160.0,West,Consumer,Debit Card
ORD-2023-10368,2023-09-16,CUST-0274,OFF-BI-3002,Office Supplies,2,24.0,0.0,14.0,West,Consumer,Credit Card
ORD-2024-11889,2023-09-16,CUST-0022,TEC-HD-1006,Technology,1,110.0,0.0,40.0,South,Consumer,Credit Card
ORD-2023-12672,2023-09-17,CUST-0441,TEC-AC-1004,Technology,2,85.5,0.05,41.5,North,Consumer,Debit Card
ORD-2024-11839,2023-09-17,CUST-0186,FUR-BK-2003,Furniture,1,198.0,0.1,23.0,North,Consumer,Net Banking
ORD-2024-12441,2023-09-17,CUST-0614,FUR-TB-2002,Furniture,1,360.0,0.2,-30.0,South,Consumer,UPI
ORD-2024-14247,2023-09-17,CUST-0485,OFF-BI-3002,Office Supplies,5,60.0,0.0,35.0,East,Small Business,UPI
ORD-2023-10860,2023-09-18,CUST-0367,TEC-PH-1001,Technology,4,3230.0,0.05,830.0,South,Corporate,Credit Card
ORD-2023-13810,2023-09-18,CUST-0576,TEC-PR-1005,Technology,5,1187.5,0.05,237.5,East,Consumer,UPI
ORD-2023-14690,2023-09-18,CUST-0060,OFF-EN-3005,Office Supplies,3,16.8,0.3,7.8,Central,Consumer,Cash on Delivery
ORD-2024-11593,2023-09-18,CUST-0023,OFF-LA-3006,Office Supplies,1,15.0,0.0,8.0,West,Consumer,Cash on Delivery
ORD-2024-12805,2023-09-18,CUST-0501,TEC-PR-1005,Technology,5,1062.5,0.15,112.5,South,Corporate,Credit Card
ORD-2024-12955,2023-09-18,CUST-0326,FUR-CH-2001,Furniture,1,126.0,0.3,-14.0,East,Consumer,UPI
ORD-2024-14391,2023-09-18,CUST-0568,FUR-TB-2002,Furniture,2,900.0,0.0,120.0,South,Consumer,Debit Card
ORD-2024-15389,2023-09-18,CUST-0137,OFF-EN-3005,Office Supplies,1,8.0,0.0,5.0,North,Small Business,Debit Card
ORD-2023-12324,2023-09-19,CUST-0180,TEC-HD-1006,Technology,2,209.0,0.05,69.0,South,Consumer,Credit Card
ORD-2023-12552,2023-09-19,CUST-0600,OFF-ST-3003,Office Supplies,1,23.75,0.05,9.75,North,Consumer,UPI
ORD-2023-12730,2023-09-19,CUST-0565,OFF-EN-3005,Office Supplies,2,15.2,0.05,9.2,North,Consumer,Debit Card
ORD-2024-13287,2023-09-19,CUST-0395,TEC-PR-1005,Technology,1,250.0,0.0,60.0,Central,Corporate,Cash on Delivery
ORD-2024-13549,2023-09-19,CUST-0400,FUR-BK-2003,Furniture,1,220.0,0.0,45.0,East,Small Business,UPI
ORD-2024-13989,2023-09-19,CUST-0565,FUR-SF-2005,Furniture,2,910.0,0.3,-190.0,North,Consumer,UPI
ORD-2023-11258,2023-09-20,CUST-0593,FUR-TB-2002,Furniture,2,630.0,0.3,-150.0,South,Corporate,Credit Card
ORD-2023-13808,2023-09-20,CUST-0428,FUR-TB-2002,Furniture,1,450.0,0.0,60.0,East,Corporate,UPI
ORD-2023-14432,2023-09-20,CUST-0095,TEC-MN-1003,Technology,5,1500.0,0.0,450.0,North,Consumer,Credit Card
ORD-2024-13499,2023-09-20,CUST-0117,OFF-BI-3002,Office Supplies,1,12.0,0.0,7.0,East,Consumer,Debit Card
ORD-2024-13691,2023-09-20,CUST-0609,OFF-EN-3005,Office Supplies,2,12.8,0.2,6.8,East,Corporate,Cash on Delivery
ORD-2024-14329,2023-09-20,CUST-0301,TEC-HD-1006,Technology,1,93.5,0.15,23.5,North,Consumer,UPI
ORD-2024-14775,2023-09-20,CUST-0241,TEC-LP-1002,Technology,5,5700.0,0.05,1200.0,North,Small Business,UPI
ORD-2023-11386,2023-09-21,CUST-0572,TEC-PR-1005,Technology,1,237.5,0.05,47.5,North,Consumer,Credit Card
ORD-2023-14320,2023-09-21,CUST-0563,OFF-ST-3003,Office Supplies,2,50.0,0.0,22.0,East,Small Business,Credit Card
ORD-2023-14348,2023-09-21,CUST-0300,FUR-SF-2005,Furniture,2,1170.0,0.1,70.0,North,Small Business,Debit Card
ORD-2023-15152,2023-09-21,CUST-0010,TEC-AC-1004,Technology,3,121.5,0.1,55.5,East,Corporate,UPI
ORD-2024-13957,2023-09-21,CUST-0116,TEC-AC-1004,Technology,2,90.0,0.0,46.0,East,Corporate,Credit Card
ORD-2023-14222,2023-09-22,CUST-0499,TEC-LP-1002,Technology,2,2280.0,0.05,480.0,East,Corporate,Net Banking
ORD-2023-15132,2023-09-22,CUST-0100,FUR-BK-2003,Furniture,1,198.0,0.1,23.0,East,Consumer,UPI
ORD-2024-10935,2023-09-22,CUST-0328,FUR-CH-2001,Furniture,2,288.0,0.2,8.0,North,Corporate,Net Banking
ORD-2024-11085,2023-09-22,CUST-0416,TEC-LP-1002,Technology,2,2160.0,0.1,360.0,North,Corporate,Cash on Delivery
ORD-2024-14293,2023-09-22,CUST-0112,TEC-HD-1006,Technology,2,209.0,0.05,69.0,North,Consumer,UPI
ORD-2024-14953,2023-09-22,CUST-0328,FUR-DS-2004,Furniture,2,320.0,0.5,-200.0,North,Corporate,UPI
ORD-2023-11486,2023-09-23,CUST-0535,TEC-AC-1004,Technology,4,180.0,0.0,92.0,South,Consumer,Credit Card
ORD-2023-14504,2023-09-23,CUST-0149,OFF-BI-3002,Office Supplies,2,24.0,0.0,14.0,Central,Corporate,UPI
ORD-2024-13369,2023-09-23,CUST-0365,TEC-MN-1003,Technology,3,855.0,0.05,225.0,East,Corporate,UPI
ORD-2024-14067,2023-09-23,CUST-0343,FUR-DS-2004,Furniture,1,320.0,0.0,60.0,West,Small Business,UPI
ORD-2024-15075,2023-09-23,CUST-0561,TEC-MN-1003,Technology,1,300.0,0.0,90.0,Central,Consumer,Credit Card
ORD-2024-15421,2023-09-23,CUST-0507,TEC-LP-1002,Technology,1,1200.0,0.0,300.0,Central,Consumer,Credit Card
ORD-2023-10262,2023-09-24,CUST-0450,OFF-EN-3005,Office Supplies,5,32.0,0.2,17.0,Central,Consumer,UPI
ORD-2023-11792,2023-09-24,CUST-0559,TEC-LP-1002,Technology,3,3600.0,0.0,900.0,South,Corporate,Credit Card
ORD-2023-13590,2023-09-24,CUST-0366,FUR-TB-2002,Furniture,3,945.0,0.3,-225.0,North,Consumer,Credit Card
ORD-2023-14266,2023-09-24,CUST-0491,TEC-MN-1003,Technology,2,570.0,0.05,150.0,West,Corporate,Debit Card
ORD-2023-14422,2023-09-24,CUST-0023,OFF-LA-3006,Office Supplies,1,14.25,0.05,7.25,East,Consumer,Debit Card
ORD-2024-11425,2023-09-24,CUST-0374,FUR-BK-2003,Furniture,1,198.0,0.1,23.0,West,Consumer,Credit Card
ORD-2024-15409,2023-09-24,CUST-0429,TEC-PH-1001,Technology,4,2890.0,0.15,490.0,East,Consumer,Credit Card
ORD-2023-10358,2023-09-25,CUST-0391,FUR-CH-2001,Furniture,2,288.0,0.2,8.0,Central,Corporate,Credit Card
ORD-2023-10514,2023-09-25,CUST-0126,TEC-MN-1003,Technology,2,600.0,0.0,180.0,South,Consumer,UPI
ORD-2023-10552,2023-09-25,CUST-0556,TEC-PR-1005,Technology,1,250.0,0.0,60.0,North,Small Business,Credit Card
ORD-2023-11060,2023-09-25,CUST-0522,TEC-LP-1002,Technology,1,1200.0,0.0,300.0,West,Consumer,Net Banking
ORD-2024-11791,2023-09-25,CUST-0647,OFF-BI-3002,Office Supplies,1,11.4,0.05,6.4,North,Consumer,Debit Card
ORD-2024-13451,2023-09-25,CUST-0341,FUR-BK-2003,Furniture,5,880.0,0.2,5.0,South,Corporate,Credit Card
ORD-2023-12658,2023-09-26,CUST-0416,TEC-PH-1001,Technology,4,3230.0,0.05,830.0,North,Corporate,UPI
ORD-2023-13166,2023-09-26,CUST-0094,OFF-ST-3003,Office Supplies,3,60.0,0.2,18.0,West,Corporate,Debit Card
ORD-2023-14388,2023-09-26,CUST-0141,FUR-TB-2002,Furniture,3,810.0,0.4,-360.0,West,Corporate,Credit Card
ORD-2024-14059,2023-09-26,CUST-0178,OFF-AP-3004,Office Supplies,2,153.0,0.1,43.0,Central,Small Business,UPI
ORD-2024-14671,2023-09-26,CUST-0411,OFF-ST-3003,Office Supplies,2,45.0,0.1,17.0,North,Small Business,Debit Card
ORD-2023-10670,2023-09-27,CUST-0353,OFF-PA-3001,Office Supplies,1,18.0,0.0,9.0,South,Corporate,Credit Card
ORD-2023-13752,2023-09-27,CUST-0278,FUR-TB-2002,Furniture,3,1080.0,0.2,-90.0,North,Consumer,Net Banking
ORD-2024-10661,2023-09-27,CUST-0072,TEC-PH-1001,Technology,5,4250.0,0.0,1250.0,Central,Consumer,UPI
ORD-2024-12069,2023-09-27,CUST-0159,OFF-PA-3001,Office Supplies,3,54.0,0.0,27.0,Central,Corporate,UPI
ORD-2024-13387,2023-09-27,CUST-0614,OFF-EN-3005,Office Supplies,2,16.0,0.0,10.0,South,Consumer,Credit Card
ORD-2024-14263,2023-09-27,CUST-0310,OFF-ST-3003,Office Supplies,1,20.0,0.2,6.0,East,Corporate,Net Banking
ORD-2024-14779,2023-09-27,CUST-0023,FUR-TB-2002,Furniture,1,360.0,0.2,-30.0,West,Consumer,Cash on Delivery
ORD-2023-10116,2023-09-28,CUST-0127,TEC-HD-1006,Technology,1,110.0,0.0,40.0,South,Corporate,Credit Card
ORD-2023-11198,2023-09-28,CUST-0419,OFF-EN-3005,Office Supplies,2,12.8,0.2,6.8,South,Corporate,UPI
ORD-2023-11804,2023-09-28,CUST-0353,TEC-MN-1003,Technology,4,1080.0,0.1,240.0,South,Corporate,Debit Card
ORD-2024-10119,2023-09-28,CUST-0638,OFF-ST-3003,Office Supplies,5,125.0,0.0,55.0,South,Small Business,Credit Card
ORD-2023-10036,2023-09-29,CUST-0272,OFF-EN-3005,Office Supplies,2,15.2,0.05,9.2,West,Small Business,Debit Card
ORD-2024-12005,2023-09-29,CUST-0023,OFF-EN-3005,Office Supplies,1,7.6,0.05,4.6,West,Consumer,UPI
ORD-2024-14481,2023-09-29,CUST-0476,OFF-EN-3005,Office Supplies,1,7.2,0.1,4.2,North,Small Business,Credit Card
ORD-2024-14769,2023-09-29,CUST-0542,OFF-EN-3005,Office Supplies,1,5.6,0.3,2.6,North,Small Business,UPI
ORD-2023-12762,2023-09-30,CUST-0480,TEC-LP-1002,Technology,2,2160.0,0.1,360.0,North,Corporate,UPI
ORD-2023-12860,2023-09-30,CUST-0416,FUR-DS-2004,Furniture,1,192.0,0.4,-68.0,North,Corporate,Credit Card
ORD-2023-12960,2023-09-30,CUST-0395,OFF-EN-3005,Office Supplies,5,32.0,0.2,17.0,North,Corporate,Debit Card
ORD-2023-13820,2023-09-30,CUST-0192,OFF-PA-3001,Office Supplies,4,72.0,0.0,36.0,West,Corporate,Net Banking
ORD-2023-10132,2023-10-01,CUST-0393,TEC-AC-1004,Technology,1,38.25,0.15,16.25,West,Corporate,UPI
ORD-2023-10322,2023-10-01,CUST-0549,FUR-BK-2003,Furniture,5,990.0,0.1,115.0,West,Consumer,UPI
ORD-2023-12910,2023-10-01,CUST-0150,FUR-DS-2004,Furniture,2,640.0,0.0,120.0,South,Corporate,Credit Card
ORD-2023-13818,2023-10-01,CUST-0155,FUR-TB-2002,Furniture,2,810.0,0.1,30.0,East,Corporate,Debit Card
ORD-2024-15245,2023-10-01,CUST-0035,FUR-SF-2005,Furniture,3,1950.0,0.0,300.0,East,Consumer,UPI
ORD-2023-11596,2023-10-02,CUST-0069,FUR-DS-2004,Furniture,2,384.0,0.4,-136.0,North,Corporate,Credit Card
ORD-2023-14638,2023-10-02,CUST-0647,OFF-ST-3003,Office Supplies,8,190.0,0.05,78.0,North,Consumer,Credit Card
ORD-2023-15310,2023-10-02,CUST-0365,OFF-LA-3006,Office Supplies,1,14.25,0.05,7.25,East,Corporate,Debit Card
ORD-2024-11163,2023-10-02,CUST-0345,OFF-PA-3001,Office Supplies,1,16.2,0.1,7.2,North,Consumer,Credit Card
ORD-2024-12621,2023-10-02,CUST-0363,OFF-BI-3002,Office Supplies,1,10.8,0.1,5.8,North,Corporate,Credit Card
ORD-2023-10536,2023-10-03,CUST-0634,FUR-BK-2003,Furniture,2,396.0,0.1,46.0,East,Corporate,Debit Card
ORD-2023-13698,2023-10-03,CUST-0609,TEC-MN-1003,Technology,2,450.0,0.25,30.0,East,Corporate,Net Banking
ORD-2023-14138,2023-10-03,CUST-0027,FUR-SF-2005,Furniture,3,1560.0,0.2,-90.0,North,Consumer,Net Banking
ORD-2023-14820,2023-10-03,CUST-0627,FUR-SF-2005,Furniture,1,520.0,0.2,-30.0,East,Consumer,Net Banking
ORD-2023-15240,2023-10-03,CUST-0011,OFF-LA-3006,Office Supplies,2,28.5,0.05,14.5,North,Corporate,Debit Card
ORD-2024-10547,2023-10-03,CUST-0007,TEC-PR-1005,Technology,1,250.0,0.0,60.0,South,Consumer,Cash on Delivery
ORD-2024-10721,2023-10-03,CUST-0344,OFF-ST-3003,Office Supplies,2,47.5,0.05,19.5,North,Small Business,Credit Card
ORD-2024-10907,2023-10-03,CUST-0344,TEC-LP-1002,Technology,2,2280.0,0.05,480.0,North,Small Business,Credit Card
ORD-2024-13775,2023-10-03,CUST-0071,OFF-AP-3004,Office Supplies,1,80.75,0.05,25.75,South,Corporate,UPI
ORD-2023-10724,2023-10-04,CUST-0359,TEC-PR-1005,Technology,3,750.0,0.0,180.0,South,Small Business,Debit Card
ORD-2023-11488,2023-10-04,CUST-0166,TEC-AC-1004,Technology,1,38.25,0.15,16.25,South,Consumer,Debit Card
ORD-2023-11618,2023-10-04,CUST-0504,TEC-PR-1005,Technology,1,250.0,0.0,60.0,West,Corporate,Debit Card
ORD-2023-11726,2023-10-04,CUST-0060,OFF-BI-3002,Office Supplies,2,24.0,0.0,14.0,Central,Consumer,Credit Card
ORD-2023-14522,2023-10-04,CUST-0614,FUR-DS-2004,Furniture,3,768.0,0.2,-12.0,South,Consumer,Credit Card
ORD-2024-13335,2023-10-04,CUST-0340,TEC-LP-1002,Technology,1,1140.0,0.05,240.0,South,Corporate,Net Banking
ORD-2024-14083,2023-10-04,CUST-0571,TEC-PH-1001,Technology,1,765.0,0.1,165.0,North,Consumer,UPI
ORD-2023-10734,2023-10-05,CUST-0342,OFF-LA-3006,Office Supplies,3,45.0,0.0,24.0,Central,Small Business,Credit Card
ORD-2023-12970,2023-10-05,CUST-0515,OFF-BI-3002,Office Supplies,1,10.8,0.1,5.8,North,Corporate,UPI
ORD-2023-13250,2023-10-05,CUST-0037,FUR-CH-2001,Furniture,5,540.0,0.4,-160.0,North,Consumer,Credit Card
ORD-2023-14846,2023-10-05,CUST-0136,OFF-ST-3003,Office Supplies,2,35.0,0.3,7.0,South,Small Business,Debit Card
ORD-2024-10105,2023-10-05,CUST-0549,TEC-AC-1004,Technology,4,180.0,0.0,92.0,West,Consumer,UPI
ORD-2024-11509,2023-10-05,CUST-0250,TEC-PH-1001,Technology,3,2167.5,0.15,367.5,North,Corporate,Debit Card
ORD-2024-13163,2023-10-05,CUST-0396,FUR-TB-2002,Furniture,2,540.0,0.4,-240.0,East,Small Business,Net Banking
ORD-2024-13583,2023-10-05,CUST-0574,TEC-PR-1005,Technology,1,225.0,0.1,35.0,West,Consumer,Cash on Delivery
ORD-2023-10078,2023-10-06,CUST-0068,FUR-TB-2002,Furniture,1,450.0,0.0,60.0,North,Consumer,Credit Card
ORD-2023-11346,2023-10-06,CUST-0339,TEC-HD-1006,Technology,1,104.5,0.05,34.5,Central,Corporate,Cash on Delivery
ORD-2023-12640,2023-10-06,CUST-0395,OFF-PA-3001,Office Supplies,1,14.4,0.2,5.4,Central,Corporate,Credit Card
ORD-2023-13038,2023-10-06,CUST-0446,TEC-AC-1004,Technology,1,38.25,0.15,16.25,North,Corporate,UPI
ORD-2023-13338,2023-10-06,CUST-0215,OFF-BI-3002,Office Supplies,4,48.0,0.0,28.0,South,Consumer,Credit Card
ORD-2024-10047,2023-10-06,CUST-0241,FUR-BK-2003,Furniture,3,594.0,0.1,69.0,North,Small Business,UPI
ORD-2024-10589,2023-10-06,CUST-0459,TEC-HD-1006,Technology,10,1100.0,0.0,400.0,West,Consumer,Credit Card
ORD-2024-15273,2023-10-06,CUST-0336,TEC-AC-1004,Technology,1,40.5,0.1,18.5,East,Corporate,Debit Card
ORD-2023-11026,2023-10-07,CUST-0334,FUR-DS-2004,Furniture,2,576.0,0.1,56.0,North,Consumer,Credit Card
ORD-2023-14126,2023-10-07,CUST-0323,TEC-MN-1003,Technology,4,1200.0,0.0,360.0,South,Corporate,Credit Card
ORD-2023-14646,2023-10-07,CUST-0138,OFF-PA-3001,Office Supplies,1,17.1,0.05,8.1,South,Small Business,Credit Card
ORD-2023-15440,2023-10-07,CUST-0292,TEC-PR-1005,Technology,2,500.0,0.0,120.0,North,Consumer,UPI
ORD-2024-10083,2023-10-07,CUST-0241,OFF-BI-3002,Office Supplies,2,19.2,0.2,9.2,North,Small Business,Debit Card
ORD-2024-12799,2023-10-07,CUST-0379,TEC-HD-1006,Technology,4,440.0,0.0,160.0,North,Corporate,Debit Card
ORD-2024-13623,2023-10-07,CUST-0121,FUR-DS-2004,Furniture,3,480.0,0.5,-300.0,East,Consumer,Debit Card
ORD-2024-13723,2023-10-07,CUST-0598,TEC-LP-1002,Technology,1,1140.0,0.05,240.0,East,Corporate,Cash on Delivery
ORD-2023-11100,2023-10-08,CUST-0473,OFF-ST-3003,Office Supplies,4,95.0,0.05,39.0,North,Consumer,Debit Card
ORD-2023-11412,2023-10-08,CUST-0430,OFF-EN-3005,Office Supplies,8,64.0,0.0,40.0,North,Consumer,UPI
ORD-2023-12402,2023-10-08,CUST-0383,FUR-DS-2004,Furniture,2,640.0,0.0,120.0,East,Corporate,Credit Card
ORD-2024-14943,2023-10-08,CUST-0198,FUR-CH-2001,Furniture,2,216.0,0.4,-64.0,North,Corporate,Debit Card
ORD-2023-10256,2023-10-09,CUST-0057,OFF-BI-3002,Office Supplies,1,11.4,0.05,6.4,East,Consumer,Cash on Delivery
ORD-2023-10488,2023-10-09,CUST-0029,FUR-TB-2002,Furniture,1,450.0,0.0,60.0,South,Consumer,Credit Card
ORD-2023-11410,2023-10-09,CUST-0011,TEC-MN-1003,Technology,1,300.0,0.0,90.0,North,Corporate,Credit Card
ORD-2023-12500,2023-10-09,CUST-0422,OFF-ST-3003,Office Supplies,3,75.0,0.0,33.0,North,Consumer,Credit Card
ORD-2023-14974,2023-10-09,CUST-0541,OFF-EN-3005,Office Supplies,2,15.2,0.05,9.2,North,Consumer,Net Banking
ORD-2024-10917,2023-10-09,CUST-0104,TEC-PR-1005,Technology,1,187.5,0.25,-2.5,South,Consumer,Credit Card
ORD-2024-11213,2023-10-09,CUST-0535,OFF-AP-3004,Office Supplies,2,161.5,0.05,51.5,Central,Consumer,Net Banking
ORD-2024-11899,2023-10-09,CUST-0261,TEC-LP-1002,Technology,1,1140.0,0.05,240.0,East,Corporate,Debit Card
ORD-2024-13947,2023-10-09,CUST-0273,OFF-ST-3003,Office Supplies,3,71.25,0.05,29.25,South,Corporate,Credit Card
ORD-2023-12356,2023-10-10,CUST-0200,TEC-PR-1005,Technology,1,250.0,0.0,60.0,North,Consumer,UPI
ORD-2023-12714,2023-10-10,CUST-0125,TEC-LP-1002,Technology,1,1200.0,0.0,300.0,East,Consumer,Credit Card
ORD-2023-13480,2023-10-10,CUST-0574,TEC-HD-1006,Technology,2,165.0,0.25,25.0,North,Consumer,Credit Card
ORD-2023-13778,2023-10-10,CUST-0197,TEC-HD-1006,Technology,1,104.5,0.05,34.5,North,Consumer,Credit Card
ORD-2023-13788,2023-10-10,CUST-0076,OFF-EN-3005,Office Supplies,2,16.0,0.0,10.0,Central,Consumer,UPI
ORD-2024-13047,2023-10-10,CUST-0428,FUR-BK-2003,Furniture,2,352.0,0.2,2.0,West,Corporate,Cash on Delivery
ORD-2024-13379,2023-10-10,CUST-0609,OFF-LA-3006,Office Supplies,1,15.0,0.0,8.0,West,Corporate,UPI
ORD-2023-14270,2023-10-11,CUST-0559,OFF-AP-3004,Office Supplies,2,153.0,0.1,43.0,South,Corporate,Credit Card
ORD-2024-10107,2023-10-11,CUST-0457,TEC-AC-1004,Technology,1,42.75,0.05,20.75,North,Consumer,Credit Card
ORD-2024-12887,2023-10-11,CUST-0332,OFF-PA-3001,Office Supplies,3,43.2,0.2,16.2,South,Corporate,Debit Card
ORD-2024-13815,2023-10-11,CUST-0597,OFF-EN-3005,Office Supplies,1,6.4,0.2,3.4,East,Consumer,Credit Card
ORD-2023-10008,2023-10-12,CUST-0152,FUR-CH-2001,Furniture,3,486.0,0.1,66.0,North,Small Business,Debit Card
ORD-2023-10432,2023-10-12,CUST-0408,TEC-PH-1001,Technology,2,1530.0,0.1,330.0,East,Consumer,Credit Card
ORD-2023-11094,2023-10-12,CUST-0333,OFF-PA-3001,Office Supplies,2,34.2,0.05,16.2,North,Small Business,Debit Card
ORD-2024-10087,2023-10-12,CUST-0238,TEC-PH-1001,Technology,1,722.5,0.15,122.5,West,Corporate,UPI
ORD-2024-11245,2023-10-12,CUST-0294,FUR-CH-2001,Furniture,4,648.0,0.1,88.0,North,Consumer,Credit Card
ORD-2024-15377,2023-10-12,CUST-0362,TEC-AC-1004,Technology,1,42.75,0.05,20.75,Central,Small Business,Credit Card
ORD-2023-11330,2023-10-13,CUST-0051,FUR-DS-2004,Furniture,1,288.0,0.1,28.0,West,Small Business,Credit Card
ORD-2023-13650,2023-10-13,CUST-0200,TEC-MN-1003,Technology,4,1020.0,0.15,180.0,North,Consumer,Credit Card
ORD-2024-12481,2023-10-13,CUST-0016,FUR-DS-2004,Furniture,5,800.0,0.5,-500.0,South,Corporate,Credit Card
ORD-2024-12877,2023-10-13,CUST-0385,OFF-LA-3006,Office Supplies,1,13.5,0.1,6.5,North,Corporate,Debit Card
ORD-2024-13203,2023-10-13,CUST-0460,OFF-BI-3002,Office Supplies,4,43.2,0.1,23.2,South,Corporate,Credit Card
ORD-2024-13293,2023-10-13,CUST-0258,TEC-LP-1002,Technology,1,1020.0,0.15,120.0,North,Small Business,Credit Card
ORD-2023-10490,2023-10-14,CUST-0498,FUR-TB-2002,Furniture,2,810.0,0.1,30.0,Central,Consumer,Credit Card
ORD-2023-12044,2023-10-14,CUST-0233,FUR-SF-2005,Furniture,2,1170.0,0.1,70.0,East,Consumer,Credit Card
ORD-2023-13416,2023-10-14,CUST-0104,TEC-HD-1006,Technology,2,198.0,0.1,58.0,West,Consumer,Credit Card
ORD-2024-13385,2023-10-14,CUST-0123,TEC-MN-1003,Technology,8,2160.0,0.1,480.0,Central,Small Business,Credit Card
ORD-2024-15215,2023-10-14,CUST-0639,TEC-PH-1001,Technology,1,850.0,0.0,250.0,Central,Consumer,UPI
ORD-2023-10866,2023-10-15,CUST-0271,TEC-HD-1006,Technology,3,330.0,0.0,120.0,West,Small Business,UPI
ORD-2023-11236,2023-10-15,CUST-0191,FUR-DS-2004,Furniture,1,256.0,0.2,-4.0,West,Corporate,Net Banking
ORD-2024-12195,2023-10-15,CUST-0309,TEC-PR-1005,Technology,2,450.0,0.1,70.0,North,Consumer,Debit Card
ORD-2024-15069,2023-10-15,CUST-0612,FUR-TB-2002,Furniture,3,1215.0,0.1,45.0,West,Corporate,Net Banking
ORD-2024-10285,2023-10-16,CUST-0558,FUR-DS-2004,Furniture,5,800.0,0.5,-500.0,West,Small Business,Debit Card
ORD-2024-10753,2023-10-16,CUST-0007,TEC-PR-1005,Technology,2,475.0,0.05,95.0,South,Consumer,Credit Card
ORD-2024-15485,2023-10-16,CUST-0008,TEC-PR-1005,Technology,8,1900.0,0.05,380.0,South,Consumer,Credit Card
ORD-2023-11980,2023-10-17,CUST-0072,TEC-AC-1004,Technology,1,45.0,0.0,23.0,West,Consumer,Debit Card
ORD-2023-12098,2023-10-17,CUST-0145,OFF-ST-3003,Office Supplies,2,50.0,0.0,22.0,North,Corporate,Debit Card
ORD-2023-13598,2023-10-17,CUST-0203,FUR-SF-2005,Furniture,2,1040.0,0.2,-60.0,South,Consumer,Credit Card
ORD-2023-14512,2023-10-17,CUST-0415,OFF-AP-3004,Office Supplies,3,229.5,0.1,64.5,West,Corporate,UPI
ORD-2024-10355,2023-10-17,CUST-0337,OFF-PA-3001,Office Supplies,1,18.0,0.0,9.0,East,Consumer,UPI
ORD-2024-11123,2023-10-17,CUST-0605,FUR-SF-2005,Furniture,1,325.0,0.5,-225.0,Central,Consumer,Credit Card
ORD-2024-14917,2023-10-17,CUST-0238,FUR-TB-2002,Furniture,2,900.0,0.0,120.0,South,Corporate,Net Banking
ORD-2023-11606,2023-10-18,CUST-0090,TEC-MN-1003,Technology,4,900.0,0.25,60.0,South,Corporate,Credit Card
ORD-2023-11658,2023-10-18,CUST-0541,TEC-MN-1003,Technology,1,300.0,0.0,90.0,North,Consumer,Debit Card
ORD-2023-13434,2023-10-18,CUST-0037,OFF-BI-3002,Office Supplies,8,91.2,0.05,51.2,North,Consumer,UPI
ORD-2023-14232,2023-10-18,CUST-0336,OFF-ST-3003,Office Supplies,2,45.0,0.1,17.0,East,Corporate,Credit Card
ORD-2024-10435,2023-10-18,CUST-0544,TEC-LP-1002,Technology,2,2400.0,0.0,600.0,East,Consumer,Credit Card
ORD-2024-10739,2023-10-18,CUST-0397,TEC-LP-1002,Technology,2,2400.0,0.0,600.0,North,Consumer,Credit Card
ORD-2024-11909,2023-10-18,CUST-0223,TEC-PR-1005,Technology,2,475.0,0.05,95.0,North,Consumer,UPI
ORD-2024-13311,2023-10-18,CUST-0376,TEC-PR-1005,Technology,2,500.0,0.0,120.0,North,Corporate,Credit Card
ORD-2023-10316,2023-10-19,CUST-0502,TEC-PR-1005,Technology,4,950.0,0.05,190.0,South,Consumer,Credit Card
ORD-2023-10730,2023-10-19,CUST-0467,OFF-AP-3004,Office Supplies,1,80.75,0.05,25.75,West,Corporate,Debit Card
ORD-2023-14764,2023-10-19,CUST-0437,FUR-CH-2001,Furniture,3,432.0,0.2,12.0,West,Consumer,UPI
ORD-2024-10787,2023-10-19,CUST-0283,FUR-TB-2002,Furniture,3,945.0,0.3,-225.0,Central,Consumer,Credit Card
ORD-2024-13655,2023-10-19,CUST-0124,OFF-ST-3003,Office Supplies,10,250.0,0.0,110.0,North,Consumer,Net Banking
ORD-2024-14565,2023-10-19,CUST-0097,TEC-PR-1005,Technology,4,1000.0,0.0,240.0,South,Consumer,Credit Card
ORD-2023-12972,2023-10-20,CUST-0007,FUR-DS-2004,Furniture,2,640.0,0.0,120.0,South,Consumer,Cash on Delivery
ORD-2024-10533,2023-10-20,CUST-0382,OFF-EN-3005,Office Supplies,1,7.6,0.05,4.6,North,Corporate,Credit Card
ORD-2024-12807,2023-10-20,CUST-0473,TEC-MN-1003,Technology,2,570.0,0.05,150.0,North,Consumer,Credit Card
ORD-2024-13835,2023-10-20,CUST-0609,OFF-AP-3004,Office Supplies,4,340.0,0.0,120.0,East,Corporate,Debit Card
ORD-2024-13977,2023-10-20,CUST-0196,FUR-TB-2002,Furniture,2,450.0,0.5,-330.0,North,Consumer,Debit Card
ORD-2024-14945,2023-10-20,CUST-0503,TEC-HD-1006,Technology,1,104.5,0.05,34.5,East,Corporate,Debit Card
ORD-2023-10698,2023-10-21,CUST-0167,OFF-AP-3004,Office Supplies,1,80.75,0.05,25.75,Central,Small Business,UPI
ORD-2023-12734,2023-10-21,CUST-0548,FUR-TB-2002,Furniture,1,270.0,0.4,-120.0,East,Small Business,Credit Card
ORD-2024-11915,2023-10-21,CUST-0127,TEC-PH-1001,Technology,1,807.5,0.05,207.5,South,Corporate,Cash on Delivery
ORD-2023-12902,2023-10-22,CUST-0285,TEC-PH-1001,Technology,2,1700.0,0.0,500.0,West,Consumer,Cash on Delivery
ORD-2023-10118,2023-10-23,CUST-0432,FUR-TB-2002,Furniture,2,720.0,0.2,-60.0,West,Consumer,Credit Card
ORD-2023-10128,2023-10-23,CUST-0605,OFF-AP-3004,Office Supplies,1,80.75,0.05,25.75,North,Consumer,UPI
ORD-2023-10844,2023-10-23,CUST-0112,FUR-BK-2003,Furniture,2,440.0,0.0,90.0,North,Consumer,Debit Card
ORD-2023-12330,2023-10-23,CUST-0158,FUR-CH-2001,Furniture,4,648.0,0.1,88.0,North,Small Business,Credit Card
ORD-2024-10303,2023-10-23,CUST-0471,OFF-PA-3001,Office Supplies,1,18.0,0.0,9.0,North,Consumer,Credit Card
ORD-2023-13564,2023-10-24,CUST-0637,OFF-BI-3002,Office Supplies,3,34.2,0.05,19.2,North,Consumer,UPI
ORD-2024-10315,2023-10-24,CUST-0422,FUR-SF-2005,Furniture,3,1560.0,0.2,-90.0,North,Consumer,Credit Card
ORD-2024-11019,2023-10-24,CUST-0200,OFF-EN-3005,Office Supplies,4,32.0,0.0,20.0,East,Consumer,UPI
ORD-2024-11763,2023-10-24,CUST-0181,OFF-LA-3006,Office Supplies,2,24.0,0.2,10.0,East,Small Business,UPI
ORD-2024-12551,2023-10-24,CUST-0019,OFF-AP-3004,Office Supplies,1,76.5,0.1,21.5,Central,Corporate,Credit Card
ORD-2024-15165,2023-10-24,CUST-0291,OFF-LA-3006,Office Supplies,4,60.0,0.0,32.0,North,Consumer,Credit Card
ORD-2023-14196,2023-10-25,CUST-0416,TEC-PR-1005,Technology,1,237.5,0.05,47.5,East,Corporate,Credit Card
ORD-2024-11269,2023-10-25,CUST-0339,TEC-PH-1001,Technology,4,3400.0,0.0,1000.0,Central,Corporate,UPI
ORD-2024-11449,2023-10-25,CUST-0150,OFF-BI-3002,Office Supplies,4,960.0,0.2,18.4,South,Corporate,Credit Card
ORD-2024-11797,2023-10-25,CUST-0307,FUR-TB-2002,Furniture,2,720.0,0.2,-60.0,North,Corporate,Cash on Delivery
ORD-2024-14041,2023-10-25,CUST-0429,TEC-PR-1005,Technology,2,500.0,0.0,120.0,East,Consumer,Credit Card
ORD-2024-14713,2023-10-25,CUST-0023,TEC-AC-1004,Technology,2,76.5,0.15,32.5,West,Consumer,UPI
ORD-2023-15242,2023-10-26,CUST-0460,TEC-LP-1002,Technology,1,1140.0,0.05,240.0,South,Corporate,Debit Card
ORD-2024-13415,2023-10-26,CUST-0300,FUR-BK-2003,Furniture,5,880.0,0.2,5.0,South,Small Business,Credit Card
ORD-2024-13975,2023-10-26,CUST-0509,TEC-LP-1002,Technology,2,2040.0,0.15,240.0,North,Consumer,Debit Card
ORD-2024-14051,2023-10-26,CUST-0217,TEC-AC-1004,Technology,2,81.0,0.1,37.0,East,Corporate,Credit Card
ORD-2024-12653,2023-10-27,CUST-0010,OFF-LA-3006,Office Supplies,4,60.0,0.0,32.0,East,Corporate,Credit Card
ORD-2024-13159,2023-10-27,CUST-0250,TEC-PH-1001,Technology,3,2550.0,0.0,750.0,Central,Corporate,Credit Card
ORD-2024-13789,2023-10-27,CUST-0257,FUR-BK-2003,Furniture,2,440.0,0.0,90.0,West,Consumer,Credit Card
ORD-2024-14501,2023-10-27,CUST-0171,OFF-PA-3001,Office Supplies,2,36.0,0.0,18.0,South,Corporate,Cash on Delivery
ORD-2023-10996,2023-10-28,CUST-0117,OFF-ST-3003,Office Supplies,1,20.0,0.2,6.0,East,Consumer,Debit Card
ORD-2023-11890,2023-10-28,CUST-0234,TEC-LP-1002,Technology,3,2700.0,0.25,0.0,East,Consumer,Debit Card
ORD-2023-13582,2023-10-28,CUST-0332,TEC-PH-1001,Technology,3,2295.0,0.1,495.0,South,Corporate,UPI
ORD-2024-13489,2023-10-28,CUST-0153,TEC-PR-1005,Technology,1,250.0,0.0,60.0,South,Consumer,Credit Card
ORD-2023-10836,2023-10-29,CUST-0396,OFF-AP-3004,Office Supplies,1,80.75,0.05,25.75,West,Small Business,Credit Card
ORD-2023-14244,2023-10-29,CUST-0347,OFF-EN-3005,Office Supplies,4,30.4,0.05,18.4,South,Consumer,Credit Card
ORD-2024-10183,2023-10-29,CUST-0088,TEC-AC-1004,Technology,2,76.5,0.15,32.5,North,Small Business,Cash on Delivery
ORD-2023-10162,2023-10-30,CUST-0104,TEC-MN-1003,Technology,1,225.0,0.25,15.0,South,Consumer,Debit Card
ORD-2023-11184,2023-10-30,CUST-0594,FUR-DS-2004,Furniture,2,512.0,0.2,-8.0,North,Small Business,Credit Card
ORD-2023-12474,2023-10-30,CUST-0216,TEC-LP-1002,Technology,2,2160.0,0.1,360.0,East,Small Business,Credit Card
ORD-2023-15032,2023-10-30,CUST-0288,TEC-PR-1005,Technology,3,750.0,0.0,180.0,East,Consumer,Debit Card
ORD-2024-14297,2023-10-30,CUST-0166,OFF-PA-3001,Office Supplies,1,18.0,0.0,9.0,East,Consumer,Credit Card
ORD-2024-14909,2023-10-30,CUST-0043,TEC-PR-1005,Technology,2,500.0,0.0,120.0,North,Corporate,UPI
ORD-2023-14774,2023-10-31,CUST-0329,TEC-PH-1001,Technology,1,850.0,0.0,250.0,East,Corporate,UPI
ORD-2024-12031,2023-10-31,CUST-0394,FUR-SF-2005,Furniture,8,4680.0,0.1,280.0,West,Corporate,Credit Card
ORD-2024-13829,2023-10-31,CUST-0225,TEC-MN-1003,Technology,1,225.0,0.25,15.0,East,Consumer,Credit Card
ORD-2023-11268,2023-11-01,CUST-0023,TEC-PR-1005,Technology,3,750.0,0.0,180.0,West,Consumer,UPI
ORD-2023-11324,2023-11-01,CUST-0145,FUR-TB-2002,Furniture,2,900.0,0.0,120.0,East,Corporate,Cash on Delivery
ORD-2023-11822,2023-11-01,CUST-0531,OFF-AP-3004,Office Supplies,3,242.25,0.05,77.25,Central,Corporate,Debit Card
ORD-2023-12234,2023-11-01,CUST-0284,OFF-AP-3004,Office Supplies,1,85.0,0.0,30.0,North,Corporate,Debit Card
ORD-2023-12448,2023-11-01,CUST-0629,OFF-AP-3004,Office Supplies,2,161.5,0.05,51.5,North,Consumer,Debit Card
ORD-2023-13054,2023-11-01,CUST-0326,TEC-MN-1003,Technology,2,570.0,0.05,150.0,West,Consumer,Credit Card
ORD-2023-13336,2023-11-01,CUST-0099,OFF-LA-3006,Office Supplies,4,57.0,0.05,29.0,East,Consumer,Cash on Delivery
ORD-2023-13612,2023-11-01,CUST-0566,TEC-PH-1001,Technology,1,807.5,0.05,207.5,North,Consumer,UPI
ORD-2023-13764,2023-11-01,CUST-0158,TEC-AC-1004,Technology,5,225.0,0.0,115.0,North,Small Business,Credit Card
ORD-2023-15370,2023-11-01,CUST-0302,TEC-HD-1006,Technology,2,220.0,0.0,80.0,South,Corporate,Debit Card
ORD-2024-10903,2023-11-01,CUST-0549,TEC-PR-1005,Technology,3,712.5,0.05,142.5,West,Consumer,Credit Card
ORD-2024-11815,2023-11-01,CUST-0160,TEC-AC-1004,Technology,3,128.25,0.05,62.25,Central,Corporate,Credit Card
ORD-2024-12251,2023-11-01,CUST-0154,FUR-SF-2005,Furniture,5,2275.0,0.3,-475.0,North,Consumer,Credit Card
ORD-2024-12987,2023-11-01,CUST-0555,TEC-PR-1005,Technology,4,1000.0,0.0,240.0,East,Small Business,Credit Card
ORD-2024-14889,2023-11-01,CUST-0508,OFF-ST-3003,Office Supplies,2,50.0,0.0,22.0,East,Small Business,Credit Card
ORD-2024-15235,2023-11-01,CUST-0566,OFF-EN-3005,Office Supplies,2,14.4,0.1,8.4,South,Consumer,Credit Card
ORD-2023-10648,2023-11-02,CUST-0615,TEC-PH-1001,Technology,2,1615.0,0.05,415.0,East,Consumer,Debit Card
ORD-2023-10682,2023-11-02,CUST-0445,TEC-PR-1005,Technology,1,237.5,0.05,47.5,Central,Consumer,Debit Card
ORD-2023-13044,2023-11-02,CUST-0277,FUR-DS-2004,Furniture,3,480.0,0.5,-300.0,South,Corporate,Credit Card
ORD-2023-13348,2023-11-02,CUST-0215,OFF-LA-3006,Office Supplies,1,10.5,0.3,3.5,South,Consumer,Credit Card
ORD-2023-13422,2023-11-02,CUST-0405,OFF-ST-3003,Office Supplies,8,190.0,0.05,78.0,West,Consumer,Debit Card
ORD-2023-13924,2023-11-02,CUST-0317,OFF-BI-3002,Office Supplies,1,11.4,0.05,6.4,East,Small Business,UPI
ORD-2023-14378,2023-11-02,CUST-0265,OFF-AP-3004,Office Supplies,2,170.0,0.0,60.0,East,Corporate,Credit Card
ORD-2023-15070,2023-11-02,CUST-0172,FUR-SF-2005,Furniture,2,1040.0,0.2,-60.0,North,Small Business,Credit Card
ORD-2024-10551,2023-11-02,CUST-0314,FUR-BK-2003,Furniture,1,176.0,0.2,1.0,East,Corporate,Credit Card
ORD-2024-11729,2023-11-02,CUST-0410,TEC-AC-1004,Technology,2,81.0,0.1,37.0,North,Consumer,Net Banking
ORD-2024-12039,2023-11-02,CUST-0586,TEC-MN-1003,Technology,5,1500.0,0.0,450.0,Central,Corporate,Debit Card
ORD-2024-12205,2023-11-02,CUST-0023,OFF-ST-3003,Office Supplies,2,40.0,0.2,12.0,West,Consumer,Debit Card
ORD-2024-12643,2023-11-02,CUST-0535,FUR-SF-2005,Furniture,1,585.0,0.1,35.0,South,Consumer,UPI
ORD-2024-14803,2023-11-02,CUST-0358,OFF-LA-3006,Office Supplies,1,14.25,0.05,7.25,North,Consumer,Credit Card
ORD-2024-15167,2023-11-02,CUST-0605,TEC-PH-1001,Technology,1,850.0,0.0,250.0,North,Consumer,Cash on Delivery
ORD-2024-15375,2023-11-02,CUST-0644,OFF-LA-3006,Office Supplies,4,48.0,0.2,20.0,East,Consumer,Credit Card
ORD-2023-10168,2023-11-03,CUST-0087,TEC-PR-1005,Technology,5,1187.5,0.05,237.5,North,Corporate,Credit Card
ORD-2023-10758,2023-11-03,CUST-0086,FUR-CH-2001,Furniture,2,216.0,0.4,-64.0,Central,Corporate,UPI
ORD-2023-13290,2023-11-03,CUST-0546,OFF-ST-3003,Office Supplies,1,22.5,0.1,8.5,South,Consumer,Credit Card
ORD-2023-14136,2023-11-03,CUST-0172,TEC-AC-1004,Technology,2,67.5,0.25,23.5,North,Small Business,Credit Card
ORD-2023-14614,2023-11-03,CUST-0069,TEC-MN-1003,Technology,5,1350.0,0.1,300.0,North,Corporate,Debit Card
ORD-2023-14784,2023-11-03,CUST-0206,TEC-LP-1002,Technology,2,2400.0,0.0,600.0,North,Small Business,UPI
ORD-2023-14858,2023-11-03,CUST-0494,FUR-TB-2002,Furniture,3,945.0,0.3,-225.0,South,Consumer,Debit Card
ORD-2024-10629,2023-11-03,CUST-0115,FUR-BK-2003,Furniture,2,396.0,0.1,46.0,South,Consumer,Cash on Delivery
ORD-2024-12117,2023-11-03,CUST-0157,OFF-BI-3002,Office Supplies,1,10.8,0.1,5.8,Central,Consumer,UPI
ORD-2024-12923,2023-11-03,CUST-0392,TEC-HD-1006,Technology,1,110.0,0.0,40.0,East,Consumer,Credit Card
ORD-2024-13031,2023-11-03,CUST-0329,OFF-EN-3005,Office Supplies,2,15.2,0.05,9.2,East,Corporate,Net Banking
ORD-2024-13535,2023-11-03,CUST-0023,TEC-PH-1001,Technology,1,807.5,0.05,207.5,West,Consumer,UPI
ORD-2024-13553,2023-11-03,CUST-0580,OFF-LA-3006,Office Supplies,2,24.0,0.2,10.0,South,Consumer,Net Banking
ORD-2024-14749,2023-11-03,CUST-0164,TEC-PR-1005,Technology,10,2375.0,0.05,475.0,South,Small Business,UPI
ORD-2024-15227,2023-11-03,CUST-0340,OFF-EN-3005,Office Supplies,2,12.8,0.2,6.8,Central,Corporate,UPI
ORD-2024-15335,2023-11-03,CUST-0600,TEC-PR-1005,Technology,1,250.0,0.0,60.0,North,Consumer,Net Banking
ORD-2024-15391,2023-11-03,CUST-0605,FUR-CH-2001,Furniture,4,360.0,0.5,-200.0,North,Consumer,UPI
ORD-2023-10064,2023-11-04,CUST-0304,FUR-DS-2004,Furniture,4,896.0,0.3,-144.0,East,Consumer,Debit Card
ORD-2023-10518,2023-11-04,CUST-0473,OFF-PA-3001,Office Supplies,3,37.8,0.3,10.8,North,Consumer,Credit Card
ORD-2023-13350,2023-11-04,CUST-0533,OFF-AP-3004,Office Supplies,1,68.0,0.2,13.0,North,Consumer,Credit Card
ORD-2023-13392,2023-11-04,CUST-0325,TEC-PH-1001,Technology,8,6800.0,0.0,2000.0,North,Corporate,Net Banking
ORD-2023-13578,2023-11-04,CUST-0614,OFF-EN-3005,Office Supplies,3,24.0,0.0,15.0,South,Consumer,Credit Card
ORD-2023-13766,2023-11-04,CUST-0362,TEC-LP-1002,Technology,2,2400.0,0.0,600.0,Central,Small Business,Credit Card
ORD-2023-14030,2023-11-04,CUST-0033,FUR-TB-2002,Furniture,1,360.0,0.2,-30.0,South,Corporate,Credit Card
ORD-2023-14500,2023-11-04,CUST-0056,FUR-SF-2005,Furniture,1,585.0,0.1,35.0,South,Small Business,Credit Card
ORD-2023-15322,2023-11-04,CUST-0514,OFF-AP-3004,Office Supplies,5,425.0,0.0,150.0,West,Corporate,Credit Card
ORD-2024-10281,2023-11-04,CUST-0450,TEC-HD-1006,Technology,3,247.5,0.25,37.5,Central,Consumer,Debit Card
ORD-2024-10345,2023-11-04,CUST-0568,OFF-ST-3003,Office Supplies,3,67.5,0.1,25.5,South,Consumer,Debit Card
ORD-2024-11021,2023-11-04,CUST-0453,FUR-DS-2004,Furniture,1,224.0,0.3,-36.0,South,Small Business,Debit Card
ORD-2024-11025,2023-11-04,CUST-0120,TEC-LP-1002,Technology,5,5400.0,0.1,900.0,Central,Corporate,Cash on Delivery
ORD-2024-12139,2023-11-04,CUST-0537,FUR-CH-2001,Furniture,2,252.0,0.3,-28.0,East,Consumer,Debit Card
ORD-2024-13033,2023-11-04,CUST-0418,FUR-DS-2004,Furniture,1,288.0,0.1,28.0,North,Consumer,Debit Card
ORD-2023-10180,2023-11-05,CUST-0046,OFF-ST-3003,Office Supplies,4,95.0,0.05,39.0,West,Consumer,Credit Card
ORD-2023-10510,2023-11-05,CUST-0002,OFF-AP-3004,Office Supplies,2,161.5,0.05,51.5,North,Corporate,Debit Card
ORD-2023-10708,2023-11-05,CUST-0212,FUR-TB-2002,Furniture,2,720.0,0.2,-60.0,North,Corporate,UPI
ORD-2023-10934,2023-11-05,CUST-0273,TEC-LP-1002,Technology,3,3600.0,0.0,900.0,South,Corporate,Debit Card
ORD-2023-11612,2023-11-05,CUST-0372,FUR-SF-2005,Furniture,1,455.0,0.3,-95.0,East,Corporate,Net Banking
ORD-2023-12166,2023-11-05,CUST-0079,TEC-PH-1001,Technology,2,1615.0,0.05,415.0,North,Consumer,Net Banking
ORD-2023-12212,2023-11-05,CUST-0125,TEC-MN-1003,Technology,1,285.0,0.05,75.0,South,Consumer,Debit Card
ORD-2023-12574,2023-11-05,CUST-0498,FUR-DS-2004,Furniture,3,768.0,0.2,-12.0,North,Consumer,UPI
ORD-2023-12674,2023-11-05,CUST-0508,OFF-LA-3006,Office Supplies,1,15.0,0.0,8.0,West,Small Business,Cash on Delivery
ORD-2023-13690,2023-11-05,CUST-0234,TEC-HD-1006,Technology,2,220.0,0.0,80.0,East,Consumer,Cash on Delivery
ORD-2023-13866,2023-11-05,CUST-0255,FUR-SF-2005,Furniture,2,1040.0,0.2,-60.0,West,Consumer,Debit Card
ORD-2023-13958,2023-11-05,CUST-0349,TEC-PR-1005,Technology,1,187.5,0.25,-2.5,South,Small Business,Debit Card
ORD-2023-14678,2023-11-05,CUST-0166,OFF-ST-3003,Office Supplies,4,80.0,0.2,24.0,West,Consumer,UPI
ORD-2023-15188,2023-11-05,CUST-0312,TEC-PH-1001,Technology,1,850.0,0.0,250.0,North,Corporate,Debit Card
ORD-2023-15288,2023-11-05,CUST-0084,OFF-ST-3003,Office Supplies,1,25.0,0.0,11.0,South,Small Business,Credit Card
ORD-2024-10485,2023-11-05,CUST-0114,FUR-SF-2005,Furniture,10,5850.0,0.1,350.0,East,Consumer,UPI
ORD-2024-11197,2023-11-05,CUST-0565,OFF-BI-3002,Office Supplies,2,22.8,0.05,12.8,North,Consumer,Credit Card
ORD-2024-11743,2023-11-05,CUST-0270,TEC-MN-1003,Technology,10,2700.0,0.1,600.0,West,Small Business,Credit Card
ORD-2024-12125,2023-11-05,CUST-0592,FUR-SF-2005,Furniture,1,585.0,0.1,35.0,West,Small Business,Credit Card
ORD-2024-12145,2023-11-05,CUST-0033,TEC-MN-1003,Technology,2,510.0,0.15,90.0,South,Corporate,Credit Card
ORD-2024-12307,2023-11-05,CUST-0254,TEC-AC-1004,Technology,2,90.0,0.0,46.0,North,Corporate,Net Banking
ORD-2024-12463,2023-11-05,CUST-0205,TEC-LP-1002,Technology,2,1800.0,0.25,0.0,North,Corporate,Credit Card
ORD-2024-13277,2023-11-05,CUST-0117,TEC-PR-1005,Technology,4,950.0,0.05,190.0,East,Consumer,Credit Card
ORD-2024-13469,2023-11-05,CUST-0028,FUR-TB-2002,Furniture,2,810.0,0.1,30.0,South,Corporate,UPI
ORD-2024-13863,2023-11-05,CUST-0271,FUR-DS-2004,Furniture,1,224.0,0.3,-36.0,West,Small Business,Net Banking
ORD-2024-13907,2023-11-05,CUST-0178,TEC-PH-1001,Technology,4,2890.0,0.15,490.0,Central,Small Business,Credit Card
ORD-2024-14815,2023-11-05,CUST-0491,OFF-EN-3005,Office Supplies,2,16.0,0.0,10.0,North,Corporate,Debit Card
ORD-2023-15416,2023-11-06,CUST-0234,TEC-HD-1006,Technology,2,198.0,0.1,58.0,East,Consumer,UPI
ORD-2024-10187,2023-11-06,CUST-0566,TEC-PR-1005,Technology,4,850.0,0.15,90.0,North,Consumer,Credit Card
ORD-2024-11583,2023-11-06,CUST-0609,TEC-PH-1001,Technology,2,1700.0,0.0,500.0,East,Corporate,UPI
ORD-2024-11851,2023-11-06,CUST-0217,TEC-PH-1001,Technology,2,1530.0,0.1,330.0,East,Corporate,Credit Card
ORD-2024-12161,2023-11-06,CUST-0351,FUR-BK-2003,Furniture,1,176.0,0.2,1.0,East,Small Business,Credit Card
ORD-2024-14149,2023-11-06,CUST-0271,OFF-ST-3003,Office Supplies,2,47.5,0.05,19.5,West,Small Business,Net Banking
ORD-2024-14513,2023-11-06,CUST-0634,FUR-DS-2004,Furniture,4,1280.0,0.0,240.0,South,Corporate,Credit Card
ORD-2023-10286,2023-11-07,CUST-0615,OFF-BI-3002,Office Supplies,8,86.4,0.1,46.4,East,Consumer,Credit Card
ORD-2023-10440,2023-11-07,CUST-0117,OFF-LA-3006,Office Supplies,2,28.5,0.05,14.5,East,Consumer,UPI
ORD-2023-10446,2023-11-07,CUST-0559,OFF-ST-3003,Office Supplies,1,25.0,0.0,11.0,South,Corporate,UPI
ORD-2023-12256,2023-11-07,CUST-0087,TEC-PH-1001,Technology,4,3230.0,0.05,830.0,South,Corporate,UPI
ORD-2023-13174,2023-11-07,CUST-0437,TEC-LP-1002,Technology,4,4800.0,0.0,1200.0,West,Consumer,Credit Card
ORD-2023-13180,2023-11-07,CUST-0303,FUR-TB-2002,Furniture,1,315.0,0.3,-75.0,South,Corporate,Debit Card
ORD-2023-13672,2023-11-07,CUST-0513,TEC-AC-1004,Technology,1,45.0,0.0,23.0,North,Consumer,Credit Card
ORD-2023-14390,2023-11-07,CUST-0421,TEC-AC-1004,Technology,4,180.0,0.0,92.0,West,Consumer,UPI
ORD-2023-14620,2023-11-07,CUST-0365,OFF-EN-3005,Office Supplies,3,19.2,0.2,10.2,East,Corporate,Credit Card
ORD-2023-14958,2023-11-07,CUST-0238,OFF-PA-3001,Office Supplies,2,36.0,0.0,18.0,South,Corporate,Credit Card
ORD-2023-15266,2023-11-07,CUST-0364,FUR-SF-2005,Furniture,1,325.0,0.5,-225.0,Central,Consumer,Credit Card
ORD-2024-10005,2023-11-07,CUST-0180,TEC-AC-1004,Technology,3,135.0,0.0,69.0,West,Consumer,Debit Card
ORD-2024-10353,2023-11-07,CUST-0141,OFF-EN-3005,Office Supplies,4,32.0,0.0,20.0,North,Corporate,UPI
ORD-2024-11655,2023-11-07,CUST-0197,TEC-LP-1002,Technology,1,1200.0,0.0,300.0,North,Consumer,Credit Card
ORD-2024-12189,2023-11-07,CUST-0350,TEC-PR-1005,Technology,1,250.0,0.0,60.0,West,Consumer,Credit Card
ORD-2024-12769,2023-11-07,CUST-0191,FUR-BK-2003,Furniture,5,1100.0,0.0,225.0,West,Corporate,UPI
ORD-2024-13449,2023-11-07,CUST-0122,TEC-AC-1004,Technology,1,38.25,0.15,16.25,Central,Corporate,Debit Card
ORD-2024-14289,2023-11-07,CUST-0072,OFF-BI-3002,Office Supplies,2,22.8,0.05,12.8,Central,Consumer,Debit Card
ORD-2024-14371,2023-11-07,CUST-0401,FUR-TB-2002,Furniture,1,450.0,0.0,60.0,North,Corporate,Credit Card
ORD-2023-10414,2023-11-08,CUST-0270,OFF-LA-3006,Office Supplies,3,45.0,0.0,24.0,South,Small Business,Net Banking
ORD-2023-12646,2023-11-08,CUST-0077,FUR-SF-2005,Furniture,2,780.0,0.4,-320.0,West,Small Business,UPI
ORD-2023-12708,2023-11-08,CUST-0293,OFF-AP-3004,Office Supplies,3,242.25,0.05,77.25,Central,Corporate,Credit Card
ORD-2023-13056,2023-11-08,CUST-0308,OFF-LA-3006,Office Supplies,4,48.0,0.2,20.0,East,Consumer,Debit Card
ORD-2023-14922,2023-11-08,CUST-0593,FUR-CH-2001,Furniture,4,360.0,0.5,-200.0,South,Corporate,Net Banking
ORD-2024-11505,2023-11-08,CUST-0256,FUR-SF-2005,Furniture,5,2925.0,0.1,175.0,West,Corporate,UPI
ORD-2024-11635,2023-11-08,CUST-0026,FUR-TB-2002,Furniture,4,1260.0,0.3,-300.0,West,Corporate,Credit Card
ORD-2024-12257,2023-11-08,CUST-0070,OFF-AP-3004,Office Supplies,4,323.0,0.05,103.0,North,Corporate,Credit Card
ORD-2024-12745,2023-11-08,CUST-0111,OFF-PA-3001,Office Supplies,1,18.0,0.0,9.0,West,Consumer,UPI
ORD-2024-13339,2023-11-08,CUST-0494,FUR-BK-2003,Furniture,2,352.0,0.2,2.0,West,Consumer,Net Banking
ORD-2024-14613,2023-11-08,CUST-0416,FUR-CH-2001,Furniture,1,162.0,0.1,22.0,North,Corporate,Credit Card
ORD-2023-10902,2023-11-09,CUST-0265,FUR-DS-2004,Furniture,4,1152.0,0.1,112.0,South,Corporate,Credit Card
ORD-2023-11036,2023-11-09,CUST-0386,TEC-AC-1004,Technology,2,90.0,0.0,46.0,North,Corporate,Credit Card
ORD-2023-11296,2023-11-09,CUST-0647,OFF-PA-3001,Office Supplies,2,28.8,0.2,10.8,North,Consumer,Debit Card
ORD-2023-11440,2023-11-09,CUST-0069,TEC-MN-1003,Technology,1,300.0,0.0,90.0,North,Corporate,UPI
ORD-2023-12900,2023-11-09,CUST-0331,OFF-PA-3001,Office Supplies,4,50.4,0.3,14.4,East,Corporate,UPI
ORD-2023-13648,2023-11-09,CUST-0428,TEC-PH-1001,Technology,2,1700.0,0.0,500.0,East,Corporate,Cash on Delivery
ORD-2023-15254,2023-11-09,CUST-0510,TEC-LP-1002,Technology,1,1200.0,0.0,300.0,West,Consumer,UPI
ORD-2024-10225,2023-11-09,CUST-0629,OFF-LA-3006,Office Supplies,2,24.0,0.2,10.0,South,Consumer,Credit Card
ORD-2024-10815,2023-11-09,CUST-0125,OFF-PA-3001,Office Supplies,2,36.0,0.0,18.0,East,Consumer,Cash on Delivery
ORD-2024-11403,2023-11-09,CUST-0131,FUR-CH-2001,Furniture,3,378.0,0.3,-42.0,South,Small Business,Credit Card
ORD-2024-11501,2023-11-09,CUST-0421,FUR-SF-2005,Furniture,4,1300.0,0.5,-900.0,East,Consumer,Debit Card
ORD-2024-12803,2023-11-09,CUST-0222,FUR-BK-2003,Furniture,3,594.0,0.1,69.0,North,Consumer,Credit Card
ORD-2024-13229,2023-11-09,CUST-0203,FUR-SF-2005,Furniture,1,585.0,0.1,35.0,South,Consumer,UPI
ORD-2024-13805,2023-11-09,CUST-0217,TEC-PR-1005,Technology,1,250.0,0.0,60.0,East,Corporate,Credit Card
ORD-2024-14069,2023-11-09,CUST-0575,OFF-ST-3003,Office Supplies,3,67.5,0.1,25.5,North,Consumer,Net Banking
ORD-2023-10532,2023-11-10,CUST-0089,TEC-AC-1004,Technology,1,38.25,0.15,16.25,Central,Small Business,Credit Card
ORD-2023-11350,2023-11-10,CUST-0440,FUR-SF-2005,Furniture,3,1560.0,0.2,-90.0,North,Corporate,Credit Card
ORD-2023-11588,2023-11-10,CUST-0082,OFF-PA-3001,Office Supplies,1,16.2,0.1,7.2,North,Consumer,UPI
ORD-2023-11810,2023-11-10,CUST-0499,FUR-TB-2002,Furniture,1,360.0,0.2,-30.0,East,Corporate,Credit Card
ORD-2023-12394,2023-11-10,CUST-0482,OFF-BI-3002,Office Supplies,5,60.0,0.0,35.0,West,Consumer,UPI
ORD-2023-13518,2023-11-10,CUST-0609,FUR-TB-2002,Furniture,1,450.0,0.0,60.0,East,Corporate,UPI
ORD-2023-13864,2023-11-10,CUST-0033,FUR-TB-2002,Furniture,1,360.0,0.2,-30.0,South,Corporate,Net Banking
ORD-2023-13882,2023-11-10,CUST-0453,TEC-PR-1005,Technology,4,950.0,0.05,190.0,South,Small Business,Debit Card
ORD-2023-14106,2023-11-10,CUST-0373,TEC-LP-1002,Technology,1,1020.0,0.15,120.0,West,Consumer,Credit Card
ORD-2023-15154,2023-11-10,CUST-0258,TEC-MN-1003,Technology,2,600.0,0.0,180.0,South,Small Business,Credit Card
ORD-2024-10381,2023-11-10,CUST-0139,FUR-SF-2005,Furniture,2,650.0,0.5,-450.0,South,Corporate,Debit Card
ORD-2024-11083,2023-11-10,CUST-0215,OFF-ST-3003,Office Supplies,3,75.0,0.0,33.0,South,Consumer,Debit Card
ORD-2024-11557,2023-11-10,CUST-0200,OFF-ST-3003,Office Supplies,2,45.0,0.1,17.0,West,Consumer,Credit Card
ORD-2024-11871,2023-11-10,CUST-0215,FUR-TB-2002,Furniture,3,1080.0,0.2,-90.0,South,Consumer,Credit Card
ORD-2024-12631,2023-11-10,CUST-0512,TEC-MN-1003,Technology,4,900.0,0.25,60.0,Central,Consumer,Credit Card
ORD-2024-12689,2023-11-10,CUST-0514,OFF-ST-3003,Office Supplies,2,50.0,0.0,22.0,West,Corporate,Credit Card
ORD-2024-14541,2023-11-10,CUST-0372,FUR-BK-2003,Furniture,4,704.0,0.2,4.0,East,Corporate,Net Banking
ORD-2024-14605,2023-11-10,CUST-0589,FUR-BK-2003,Furniture,2,440.0,0.0,90.0,South,Consumer,Credit Card
ORD-2024-15379,2023-11-10,CUST-0407,FUR-SF-2005,Furniture,3,1560.0,0.2,-90.0,North,Corporate,Debit Card
ORD-2023-10666,2023-11-11,CUST-0562,OFF-EN-3005,Office Supplies,1,7.6,0.05,4.6,South,Small Business,UPI
ORD-2023-10674,2023-11-11,CUST-0107,OFF-ST-3003,Office Supplies,1,17.5,0.3,3.5,North,Consumer,Debit Card
ORD-2023-12768,2023-11-11,CUST-0628,TEC-PR-1005,Technology,1,250.0,0.0,60.0,East,Small Business,Debit Card
ORD-2023-14770,2023-11-11,CUST-0640,TEC-PR-1005,Technology,1,250.0,0.0,60.0,South,Corporate,UPI
ORD-2023-15424,2023-11-11,CUST-0467,TEC-MN-1003,Technology,3,900.0,0.0,270.0,West,Corporate,UPI
ORD-2024-10701,2023-11-11,CUST-0293,OFF-BI-3002,Office Supplies,5,57.0,0.05,32.0,East,Corporate,UPI
ORD-2024-10727,2023-11-11,CUST-0458,OFF-AP-3004,Office Supplies,1,85.0,0.0,30.0,North,Consumer,Credit Card
ORD-2024-12147,2023-11-11,CUST-0217,OFF-AP-3004,Office Supplies,2,170.0,0.0,60.0,East,Corporate,UPI
ORD-2024-12911,2023-11-11,CUST-0341,TEC-PH-1001,Technology,2,1275.0,0.25,75.0,North,Corporate,Credit Card
ORD-2024-13021,2023-11-11,CUST-0011,OFF-EN-3005,Office Supplies,2,15.2,0.05,9.2,North,Corporate,Cash on Delivery
ORD-2024-13041,2023-11-11,CUST-0404,TEC-MN-1003,Technology,1,255.0,0.15,45.0,South,Small Business,Credit Card
ORD-2024-13155,2023-11-11,CUST-0538,FUR-DS-2004,Furniture,1,320.0,0.0,60.0,East,Corporate,Debit Card
ORD-2024-13407,2023-11-11,CUST-0450,TEC-AC-1004,Technology,2,90.0,0.0,46.0,East,Consumer,Credit Card
ORD-2023-11120,2023-11-12,CUST-0315,TEC-MN-1003,Technology,1,255.0,0.15,45.0,South,Corporate,Net Banking
ORD-2023-11270,2023-11-12,CUST-0127,FUR-TB-2002,Furniture,2,810.0,0.1,30.0,South,Corporate,Credit Card
ORD-2023-12990,2023-11-12,CUST-0193,TEC-PH-1001,Technology,2,1615.0,0.05,415.0,Central,Consumer,Credit Card
ORD-2023-13104,2023-11-12,CUST-0298,TEC-HD-1006,Technology,1,110.0,0.0,40.0,West,Small Business,Credit Card
ORD-2023-13404,2023-11-12,CUST-0625,FUR-CH-2001,Furniture,1,162.0,0.1,22.0,West,Corporate,UPI
ORD-2023-15076,2023-11-12,CUST-0600,OFF-BI-3002,Office Supplies,3,34.2,0.05,19.2,North,Consumer,Credit Card
ORD-2023-15350,2023-11-12,CUST-0574,FUR-SF-2005,Furniture,3,1560.0,0.2,-90.0,North,Consumer,UPI
ORD-2024-10521,2023-11-12,CUST-0638,OFF-BI-3002,Office Supplies,1,12.0,0.0,7.0,Central,Small Business,Cash on Delivery
ORD-2024-10825,2023-11-12,CUST-0530,FUR-TB-2002,Furniture,2,630.0,0.3,-150.0,South,Consumer,Credit Card
ORD-2024-11793,2023-11-12,CUST-0126,TEC-AC-1004,Technology,1,40.5,0.1,18.5,West,Consumer,Credit Card
ORD-2024-11853,2023-11-12,CUST-0190,TEC-PR-1005,Technology,1,250.0,0.0,60.0,Central,Consumer,UPI
ORD-2024-12191,2023-11-12,CUST-0215,OFF-ST-3003,Office Supplies,2,47.5,0.05,19.5,South,Consumer,Credit Card
ORD-2024-12293,2023-11-12,CUST-0467,TEC-PR-1005,Technology,2,500.0,0.0,120.0,West,Corporate,Debit Card
ORD-2024-13405,2023-11-12,CUST-0462,TEC-MN-1003,Technology,2,600.0,0.0,180.0,East,Consumer,Credit Card
ORD-2024-13747,2023-11-12,CUST-0556,TEC-PR-1005,Technology,5,937.5,0.25,-12.5,North,Small Business,Net Banking
ORD-2024-15189,2023-11-12,CUST-0385,TEC-HD-1006,Technology,2,187.0,0.15,47.0,West,Corporate,UPI
ORD-2023-11052,2023-11-13,CUST-0375,OFF-ST-3003,Office Supplies,1,25.0,0.0,11.0,West,Small Business,Credit Card
ORD-2023-12408,2023-11-13,CUST-0612,TEC-PR-1005,Technology,4,1000.0,0.0,240.0,West,Corporate,Credit Card
ORD-2023-13034,2023-11-13,CUST-0478,OFF-AP-3004,Office Supplies,1,85.0,0.0,30.0,East,Corporate,Credit Card
ORD-2023-13800,2023-11-13,CUST-0388,TEC-PH-1001,Technology,1,850.0,0.0,250.0,East,Consumer,Debit Card
ORD-2024-10517,2023-11-13,CUST-0522,FUR-DS-2004,Furniture,1,224.0,0.3,-36.0,West,Consumer,Credit Card
ORD-2024-11177,2023-11-13,CUST-0609,OFF-EN-3005,Office Supplies,3,24.0,0.0,15.0,East,Corporate,UPI
ORD-2024-11565,2023-11-13,CUST-0160,FUR-CH-2001,Furniture,2,216.0,0.4,-64.0,Central,Corporate,Credit Card
ORD-2024-12173,2023-11-13,CUST-0493,TEC-MN-1003,Technology,2,570.0,0.05,150.0,North,Corporate,Credit Card
ORD-2024-12561,2023-11-13,CUST-0204,FUR-TB-2002,Furniture,1,360.0,0.2,-30.0,North,Corporate,Credit Card
ORD-2024-12993,2023-11-13,CUST-0535,OFF-BI-3002,Office Supplies,3,34.2,0.05,19.2,South,Consumer,Debit Card
ORD-2024-13073,2023-11-13,CUST-0065,TEC-AC-1004,Technology,1,45.0,0.0,23.0,East,Small Business,Debit Card
ORD-2024-13123,2023-11-13,CUST-0051,TEC-HD-1006,Technology,2,209.0,0.05,69.0,North,Small Business,Credit Card
ORD-2024-13329,2023-11-13,CUST-0159,OFF-ST-3003,Office Supplies,1,25.0,0.0,11.0,Central,Corporate,UPI
ORD-2024-14201,2023-11-13,CUST-0401,TEC-MN-1003,Technology,1,300.0,0.0,90.0,North,Corporate,UPI
ORD-2024-14573,2023-11-13,CUST-0196,OFF-LA-3006,Office Supplies,2,30.0,0.0,16.0,North,Consumer,UPI
ORD-2024-14973,2023-11-13,CUST-0247,FUR-TB-2002,Furniture,3,1215.0,0.1,45.0,North,Consumer,Credit Card
ORD-2024-15125,2023-11-13,CUST-0574,TEC-LP-1002,Technology,2,2400.0,0.0,600.0,North,Consumer,Debit Card
ORD-2024-15175,2023-11-13,CUST-0179,FUR-BK-2003,Furniture,2,396.0,0.1,46.0,Central,Corporate,Credit Card
ORD-2024-15207,2023-11-13,CUST-0358,OFF-PA-3001,Office Supplies,3,48.6,0.1,21.6,North,Consumer,Net Banking
ORD-2023-10520,2023-11-14,CUST-0060,TEC-AC-1004,Technology,2,81.0,0.1,37.0,Central,Consumer,Credit Card
ORD-2023-12078,2023-11-14,CUST-0309,OFF-LA-3006,Office Supplies,1,15.0,0.0,8.0,North,Consumer,Cash on Delivery
ORD-2023-12588,2023-11-14,CUST-0470,FUR-BK-2003,Furniture,4,792.0,0.1,92.0,East,Corporate,Credit Card
ORD-2023-14736,2023-11-14,CUST-0570,TEC-LP-1002,Technology,2,2400.0,0.0,600.0,East,Consumer,Credit Card
ORD-2023-15216,2023-11-14,CUST-0375,TEC-HD-1006,Technology,3,330.0,0.0,120.0,West,Small Business,Credit Card
ORD-2024-10457,2023-11-14,CUST-0226,TEC-MN-1003,Technology,3,810.0,0.1,180.0,North,Small Business,Debit Card
ORD-2024-11675,2023-11-14,CUST-0367,TEC-LP-1002,Technology,1,1200.0,0.0,300.0,South,Corporate,Debit Card
ORD-2024-12465,2023-11-14,CUST-0172,OFF-ST-3003,Office Supplies,4,90.0,0.1,34.0,North,Small Business,Credit Card
ORD-2024-14357,2023-11-14,CUST-0010,FUR-SF-2005,Furniture,1,520.0,0.2,-30.0,East,Corporate,Credit Card
ORD-2023-10828,2023-11-15,CUST-0013,FUR-TB-2002,Furniture,2,720.0,0.2,-60.0,West,Consumer,Net Banking
ORD-2023-11948,2023-11-15,CUST-0459,TEC-LP-1002,Technology,1,1200.0,0.0,300.0,West,Consumer,UPI
ORD-2023-12038,2023-11-15,CUST-0577,OFF-AP-3004,Office Supplies,1,68.0,0.2,13.0,East,Corporate,Credit Card
ORD-2023-12962,2023-11-15,CUST-0636,OFF-BI-3002,Office Supplies,1,11.4,0.05,6.4,Central,Consumer,Cash on Delivery
ORD-2023-13904,2023-11-15,CUST-0282,TEC-LP-1002,Technology,1,1080.0,0.1,180.0,North,Small Business,Credit Card
ORD-2023-14342,2023-11-15,CUST-0350,OFF-PA-3001,Office Supplies,1,18.0,0.0,9.0,West,Consumer,Debit Card
ORD-2023-14950,2023-11-15,CUST-0600,OFF-EN-3005,Office Supplies,1,8.0,0.0,5.0,North,Consumer,Net Banking
ORD-2024-14457,2023-11-15,CUST-0394,OFF-AP-3004,Office Supplies,3,242.25,0.05,77.25,Central,Corporate,UPI
ORD-2024-14475,2023-11-15,CUST-0224,TEC-PR-1005,Technology,2,475.0,0.05,95.0,North,Consumer,Credit Card
ORD-2024-14923,2023-11-15,CUST-0215,TEC-HD-1006,Technology,1,110.0,0.0,40.0,South,Consumer,Credit Card
ORD-2024-15447,2023-11-15,CUST-0198,OFF-EN-3005,Office Supplies,3,24.0,0.0,15.0,North,Corporate,Net Banking
ORD-2023-10028,2023-11-16,CUST-0522,OFF-EN-3005,Office Supplies,2,15.2,0.05,9.2,West,Consumer,Cash on Delivery
ORD-2023-11156,2023-11-16,CUST-0519,FUR-DS-2004,Furniture,1,288.0,0.1,28.0,North,Consumer,Credit Card
ORD-2023-13012,2023-11-16,CUST-0220,TEC-AC-1004,Technology,1,45.0,0.0,23.0,East,Consumer,Credit Card
ORD-2023-13694,2023-11-16,CUST-0464,FUR-BK-2003,Furniture,1,198.0,0.1,23.0,North,Consumer,Credit Card
ORD-2023-14294,2023-11-16,CUST-0440,OFF-AP-3004,Office Supplies,3,242.25,0.05,77.25,Central,Corporate,Debit Card
ORD-2023-15192,2023-11-16,CUST-0562,TEC-MN-1003,Technology,3,900.0,0.0,270.0,North,Small Business,Debit Card
ORD-2023-15500,2023-11-16,CUST-0485,TEC-AC-1004,Technology,2,90.0,0.0,46.0,East,Small Business,Debit Card
ORD-2024-11833,2023-11-16,CUST-0060,TEC-HD-1006,Technology,2,220.0,0.0,80.0,South,Consumer,UPI
ORD-2024-12965,2023-11-16,CUST-0026,TEC-MN-1003,Technology,4,1200.0,0.0,360.0,South,Corporate,Credit Card
ORD-2024-13037,2023-11-16,CUST-0451,OFF-BI-3002,Office Supplies,1,10.8,0.1,5.8,East,Small Business,UPI
ORD-2024-13289,2023-11-16,CUST-0574,TEC-MN-1003,Technology,1,285.0,0.05,75.0,North,Consumer,Debit Card
ORD-2024-13343,2023-11-16,CUST-0222,FUR-SF-2005,Furniture,2,780.0,0.4,-320.0,North,Consumer,Debit Card
ORD-2024-14539,2023-11-16,CUST-0577,TEC-LP-1002,Technology,1,1200.0,0.0,300.0,East,Corporate,Debit Card
ORD-2024-15005,2023-11-16,CUST-0505,OFF-ST-3003,Office Supplies,3,71.25,0.05,29.25,North,Small Business,UPI
ORD-2023-10928,2023-11-17,CUST-0065,TEC-AC-1004,Technology,1,40.5,0.1,18.5,East,Small Business,Net Banking
ORD-2023-11074,2023-11-17,CUST-0374,TEC-MN-1003,Technology,3,900.0,0.0,270.0,Central,Consumer,Debit Card
ORD-2023-11860,2023-11-17,CUST-0507,OFF-EN-3005,Office Supplies,2,15.2,0.05,9.2,Central,Consumer,Credit Card
ORD-2023-12146,2023-11-17,CUST-0574,FUR-CH-2001,Furniture,2,180.0,0.5,-100.0,North,Consumer,Credit Card
ORD-2023-12296,2023-11-17,CUST-0159,OFF-PA-3001,Office Supplies,1,17.1,0.05,8.1,Central,Corporate,UPI
ORD-2023-14012,2023-11-17,CUST-0009,OFF-PA-3001,Office Supplies,1,12.6,0.3,3.6,West,Consumer,Credit Card
ORD-2023-14748,2023-11-17,CUST-0562,FUR-DS-2004,Furniture,1,192.0,0.4,-68.0,North,Small Business,UPI
ORD-2023-15472,2023-11-17,CUST-0435,TEC-LP-1002,Technology,1,1200.0,0.0,300.0,West,Consumer,Credit Card
ORD-2024-10401,2023-11-17,CUST-0534,FUR-TB-2002,Furniture,2,810.0,0.1,30.0,North,Small Business,UPI
ORD-2024-10565,2023-11-17,CUST-0188,TEC-HD-1006,Technology,2,209.0,0.05,69.0,North,Consumer,UPI
ORD-2024-11065,2023-11-17,CUST-0530,FUR-DS-2004,Furniture,2,448.0,0.3,-72.0,South,Consumer,Debit Card
ORD-2024-11625,2023-11-17,CUST-0338,OFF-LA-3006,Office Supplies,8,84.0,0.3,28.0,Central,Small Business,Credit Card
ORD-2024-11747,2023-11-17,CUST-0486,OFF-PA-3001,Office Supplies,2,34.2,0.05,16.2,East,Small Business,Debit Card
ORD-2024-11961,2023-11-17,CUST-0284,FUR-DS-2004,Furniture,1,288.0,0.1,28.0,North,Corporate,Credit Card
ORD-2024-12763,2023-11-17,CUST-0600,TEC-MN-1003,Technology,3,900.0,0.0,270.0,North,Consumer,Net Banking
ORD-2024-13773,2023-11-17,CUST-0253,TEC-LP-1002,Technology,1,1080.0,0.1,180.0,East,Corporate,Cash on Delivery
ORD-2024-14893,2023-11-17,CUST-0263,FUR-BK-2003,Furniture,2,308.0,0.3,-42.0,West,Corporate,Debit Card
ORD-2024-14987,2023-11-17,CUST-0523,FUR-CH-2001,Furniture,4,720.0,0.0,160.0,North,Corporate,Cash on Delivery
ORD-2024-15177,2023-11-17,CUST-0273,OFF-AP-3004,Office Supplies,2,170.0,0.0,60.0,South,Corporate,UPI
ORD-2023-11848,2023-11-18,CUST-0188,OFF-LA-3006,Office Supplies,1,15.0,0.0,8.0,North,Consumer,Debit Card
ORD-2023-12240,2023-11-18,CUST-0141,OFF-AP-3004,Office Supplies,1,85.0,0.0,30.0,West,Corporate,UPI
ORD-2023-13016,2023-11-18,CUST-0049,FUR-BK-2003,Furniture,1,132.0,0.4,-43.0,North,Consumer,UPI
ORD-2023-13042,2023-11-18,CUST-0536,FUR-SF-2005,Furniture,1,585.0,0.1,35.0,Central,Corporate,Debit Card
ORD-2023-14754,2023-11-18,CUST-0649,OFF-ST-3003,Office Supplies,1,17.5,0.3,3.5,East,Corporate,Credit Card
ORD-2024-10387,2023-11-18,CUST-0073,FUR-TB-2002,Furniture,2,720.0,0.2,-60.0,West,Consumer,UPI
ORD-2024-11185,2023-11-18,CUST-0188,TEC-PR-1005,Technology,1,237.5,0.05,47.5,Central,Consumer,Credit Card
ORD-2024-11493,2023-11-18,CUST-0370,FUR-TB-2002,Furniture,5,1575.0,0.3,-375.0,East,Corporate,Credit Card
ORD-2024-11769,2023-11-18,CUST-0126,FUR-BK-2003,Furniture,1,176.0,0.2,1.0,West,Consumer,Credit Card
ORD-2024-11939,2023-11-18,CUST-0356,OFF-LA-3006,Office Supplies,2,28.5,0.05,14.5,North,Corporate,Credit Card
ORD-2024-12701,2023-11-18,CUST-0472,OFF-PA-3001,Office Supplies,3,51.3,0.05,24.3,East,Consumer,Net Banking
ORD-2024-12725,2023-11-18,CUST-0215,TEC-PH-1001,Technology,4,3060.0,0.1,660.0,Central,Consumer,Credit Card
ORD-2024-13915,2023-11-18,CUST-0580,TEC-HD-1006,Technology,3,330.0,0.0,120.0,South,Consumer,UPI
ORD-2024-14217,2023-11-18,CUST-0020,OFF-PA-3001,Office Supplies,1,12.6,0.3,3.6,North,Consumer,Credit Card
ORD-2024-14557,2023-11-18,CUST-0363,FUR-TB-2002,Furniture,10,4050.0,0.1,150.0,North,Corporate,Debit Card
ORD-2024-14767,2023-11-18,CUST-0044,TEC-LP-1002,Technology,2,2400.0,0.0,600.0,South,Corporate,Credit Card
ORD-2024-15497,2023-11-18,CUST-0298,OFF-LA-3006,Office Supplies,2,27.0,0.1,13.0,West,Small Business,Debit Card
ORD-2023-10160,2023-11-19,CUST-0145,OFF-PA-3001,Office Supplies,5,90.0,0.0,45.0,North,Corporate,Net Banking
ORD-2023-11030,2023-11-19,CUST-0317,TEC-AC-1004,Technology,5,202.5,0.1,92.5,South,Small Business,Net Banking
ORD-2023-11182,2023-11-19,CUST-0410,TEC-LP-1002,Technology,1,1140.0,0.05,240.0,Central,Consumer,Credit Card
ORD-2023-11544,2023-11-19,CUST-0265,TEC-MN-1003,Technology,2,510.0,0.15,90.0,East,Corporate,Cash on Delivery
ORD-2023-11790,2023-11-19,CUST-0629,FUR-SF-2005,Furniture,2,1170.0,0.1,70.0,South,Consumer,Cash on Delivery
ORD-2023-11888,2023-11-19,CUST-0413,OFF-PA-3001,Office Supplies,1,14.4,0.2,5.4,South,Small Business,Debit Card
ORD-2023-12696,2023-11-19,CUST-0370,TEC-PR-1005,Technology,1,212.5,0.15,22.5,East,Corporate,Credit Card
ORD-2023-14612,2023-11-19,CUST-0507,TEC-PR-1005,Technology,1,237.5,0.05,47.5,Central,Consumer,Debit Card
ORD-2023-15338,2023-11-19,CUST-0300,OFF-PA-3001,Office Supplies,1,17.1,0.05,8.1,North,Small Business,Credit Card
ORD-2023-15468,2023-11-19,CUST-0507,TEC-AC-1004,Technology,4,162.0,0.1,74.0,Central,Consumer,Net Banking
ORD-2024-10447,2023-11-19,CUST-0498,FUR-DS-2004,Furniture,4,1152.0,0.1,112.0,North,Consumer,Credit Card
ORD-2024-10585,2023-11-19,CUST-0127,OFF-PA-3001,Office Supplies,1,16.2,0.1,7.2,East,Corporate,Cash on Delivery
ORD-2024-10773,2023-11-19,CUST-0096,TEC-MN-1003,Technology,2,600.0,0.0,180.0,South,Consumer,UPI
ORD-2024-11001,2023-11-19,CUST-0125,FUR-DS-2004,Furniture,1,320.0,0.0,60.0,East,Consumer,Debit Card
ORD-2024-11373,2023-11-19,CUST-0571,TEC-LP-1002,Technology,2,2400.0,0.0,600.0,North,Consumer,Credit Card
ORD-2024-11681,2023-11-19,CUST-0008,TEC-LP-1002,Technology,5,6000.0,0.0,1500.0,South,Consumer,Credit Card
ORD-2024-12399,2023-11-19,CUST-0180,TEC-LP-1002,Technology,3,3600.0,0.0,900.0,South,Consumer,Credit Card
ORD-2024-12837,2023-11-19,CUST-0506,TEC-AC-1004,Technology,1,42.75,0.05,20.75,East,Consumer,Debit Card
ORD-2024-13209,2023-11-19,CUST-0492,FUR-DS-2004,Furniture,3,960.0,0.0,180.0,South,Consumer,UPI
ORD-2024-15103,2023-11-19,CUST-0069,TEC-LP-1002,Technology,1,900.0,0.25,0.0,North,Corporate,UPI
ORD-2023-11728,2023-11-20,CUST-0024,FUR-BK-2003,Furniture,2,352.0,0.2,2.0,East,Small Business,Credit Card
ORD-2023-12144,2023-11-20,CUST-0509,TEC-LP-1002,Technology,2,2280.0,0.05,480.0,North,Consumer,Credit Card
ORD-2023-12686,2023-11-20,CUST-0566,TEC-LP-1002,Technology,4,4800.0,0.0,1200.0,North,Consumer,UPI
ORD-2023-13274,2023-11-20,CUST-0264,TEC-AC-1004,Technology,1,45.0,0.0,23.0,North,Small Business,Credit Card
ORD-2023-14130,2023-11-20,CUST-0159,TEC-HD-1006,Technology,8,880.0,0.0,320.0,Central,Corporate,Debit Card
ORD-2023-14518,2023-11-20,CUST-0284,OFF-AP-3004,Office Supplies,2,170.0,0.0,60.0,North,Corporate,Cash on Delivery
ORD-2024-10657,2023-11-20,CUST-0217,FUR-TB-2002,Furniture,2,630.0,0.3,-150.0,East,Corporate,Cash on Delivery
ORD-2024-10709,2023-11-20,CUST-0400,FUR-BK-2003,Furniture,2,352.0,0.2,2.0,West,Small Business,Debit Card
ORD-2024-10719,2023-11-20,CUST-0147,TEC-AC-1004,Technology,1,42.75,0.05,20.75,North,Corporate,Cash on Delivery
ORD-2024-11069,2023-11-20,CUST-0400,OFF-AP-3004,Office Supplies,2,170.0,0.0,60.0,West,Small Business,Credit Card
ORD-2024-11799,2023-11-20,CUST-0231,TEC-AC-1004,Technology,2,90.0,0.0,46.0,South,Consumer,Debit Card
ORD-2024-12651,2023-11-20,CUST-0590,OFF-EN-3005,Office Supplies,1,8.0,0.0,5.0,South,Consumer,Credit Card
ORD-2024-12683,2023-11-20,CUST-0060,FUR-SF-2005,Furniture,4,1560.0,0.4,-640.0,Central,Consumer,Debit Card
ORD-2024-13265,2023-11-20,CUST-0531,TEC-LP-1002,Technology,1,900.0,0.25,0.0,Central,Corporate,UPI
ORD-2024-13759,2023-11-20,CUST-0619,OFF-PA-3001,Office Supplies,2,36.0,0.0,18.0,North,Small Business,Debit Card
ORD-2024-14435,2023-11-20,CUST-0101,OFF-AP-3004,Office Supplies,1,76.5,0.1,21.5,East,Consumer,UPI
ORD-2024-15003,2023-11-20,CUST-0509,TEC-AC-1004,Technology,1,45.0,0.0,23.0,North,Consumer,Net Banking
ORD-2024-15143,2023-11-20,CUST-0494,FUR-SF-2005,Furniture,1,520.0,0.2,-30.0,West,Consumer,Cash on Delivery
ORD-2023-10766,2023-11-21,CUST-0322,FUR-CH-2001,Furniture,5,810.0,0.1,110.0,West,Consumer,Credit Card
ORD-2023-11230,2023-11-21,CUST-0577,TEC-PR-1005,Technology,4,1000.0,0.0,240.0,East,Corporate,Credit Card
ORD-2023-11604,2023-11-21,CUST-0011,FUR-CH-2001,Furniture,1,162.0,0.1,22.0,North,Corporate,Credit Card
ORD-2023-13068,2023-11-21,CUST-0634,OFF-PA-3001,Office Supplies,2,36.0,0.0,18.0,East,Corporate,Debit Card
ORD-2023-13108,2023-11-21,CUST-0560,OFF-ST-3003,Office Supplies,1,23.75,0.05,9.75,North,Consumer,Credit Card
ORD-2023-13740,2023-11-21,CUST-0442,OFF-ST-3003,Office Supplies,1,23.75,0.05,9.75,Central,Consumer,UPI
ORD-2023-14296,2023-11-21,CUST-0269,TEC-MN-1003,Technology,2,600.0,0.0,180.0,West,Consumer,UPI
ORD-2023-14374,2023-11-21,CUST-0624,FUR-CH-2001,Furniture,5,540.0,0.4,-160.0,West,Corporate,Credit Card
ORD-2023-14706,2023-11-21,CUST-0505,FUR-CH-2001,Furniture,2,360.0,0.0,80.0,North,Small Business,Credit Card
ORD-2024-11071,2023-11-21,CUST-0428,OFF-EN-3005,Office Supplies,2,16.0,0.0,10.0,East,Corporate,Credit Card
ORD-2024-11121,2023-11-21,CUST-0180,TEC-LP-1002,Technology,1,1140.0,0.05,240.0,South,Consumer,Net Banking
ORD-2024-11995,2023-11-21,CUST-0069,OFF-PA-3001,Office Supplies,2,36.0,0.0,18.0,North,Corporate,Credit Card
ORD-2024-12645,2023-11-21,CUST-0275,TEC-PR-1005,Technology,1,212.5,0.15,22.5,South,Consumer,Credit Card
ORD-2024-13635,2023-11-21,CUST-0056,FUR-BK-2003,Furniture,4,704.0,0.2,4.0,South,Small Business,Credit Card
ORD-2024-14423,2023-11-21,CUST-0097,OFF-AP-3004,Office Supplies,4,340.0,0.0,120.0,East,Consumer,Credit Card
ORD-2024-14681,2023-11-21,CUST-0637,TEC-LP-1002,Technology,2,2400.0,0.0,600.0,North,Consumer,Cash on Delivery
ORD-2024-15099,2023-11-21,CUST-0448,TEC-PR-1005,Technology,2,475.0,0.05,95.0,West,Consumer,Credit Card
ORD-2024-15229,2023-11-21,CUST-0258,OFF-EN-3005,Office Supplies,2,15.2,0.05,9.2,North,Small Business,Credit Card
ORD-2023-13394,2023-11-22,CUST-0373,TEC-PR-1005,Technology,2,475.0,0.05,95.0,West,Consumer,Credit Card
ORD-2023-13822,2023-11-22,CUST-0418,OFF-ST-3003,Office Supplies,1,20.0,0.2,6.0,North,Consumer,Debit Card
ORD-2023-13910,2023-11-22,CUST-0368,FUR-SF-2005,Furniture,4,2080.0,0.2,-120.0,West,Small Business,Credit Card
ORD-2023-14480,2023-11-22,CUST-0050,OFF-BI-3002,Office Supplies,1,11.4,0.05,6.4,North,Corporate,Net Banking
ORD-2023-14978,2023-11-22,CUST-0011,TEC-MN-1003,Technology,3,810.0,0.1,180.0,North,Corporate,UPI
ORD-2024-10477,2023-11-22,CUST-0145,TEC-AC-1004,Technology,1,42.75,0.05,20.75,North,Corporate,Credit Card
ORD-2024-11075,2023-11-22,CUST-0509,FUR-CH-2001,Furniture,1,180.0,0.0,40.0,North,Consumer,Debit Card
ORD-2024-11247,2023-11-22,CUST-0087,OFF-ST-3003,Office Supplies,1,23.75,0.05,9.75,North,Corporate,Credit Card
ORD-2024-11581,2023-11-22,CUST-0097,TEC-PR-1005,Technology,3,750.0,0.0,180.0,East,Consumer,UPI
ORD-2024-12413,2023-11-22,CUST-0513,OFF-PA-3001,Office Supplies,3,54.0,0.0,27.0,East,Consumer,Cash on Delivery
ORD-2024-12879,2023-11-22,CUST-0418,OFF-BI-3002,Office Supplies,2,24.0,0.0,14.0,North,Consumer,Credit Card
ORD-2024-12973,2023-11-22,CUST-0119,OFF-PA-3001,Office Supplies,1,16.2,0.1,7.2,East,Consumer,Debit Card
ORD-2024-13925,2023-11-22,CUST-0264,TEC-MN-1003,Technology,1,300.0,0.0,90.0,North,Small Business,Cash on Delivery
ORD-2024-14205,2023-11-22,CUST-0178,TEC-HD-1006,Technology,2,198.0,0.1,58.0,Central,Small Business,Debit Card
ORD-2024-14447,2023-11-22,CUST-0504,TEC-PH-1001,Technology,3,1912.5,0.25,112.5,West,Corporate,Credit Card
ORD-2024-14903,2023-11-22,CUST-0601,TEC-MN-1003,Technology,2,600.0,0.0,180.0,West,Small Business,Credit Card
ORD-2023-10236,2023-11-23,CUST-0624,TEC-PR-1005,Technology,1,225.0,0.1,35.0,West,Corporate,Net Banking
ORD-2023-10392,2023-11-23,CUST-0473,FUR-SF-2005,Furniture,2,910.0,0.3,-190.0,South,Consumer,UPI
ORD-2023-11722,2023-11-23,CUST-0054,OFF-ST-3003,Office Supplies,1,23.75,0.05,9.75,South,Corporate,Net Banking
ORD-2023-12610,2023-11-23,CUST-0439,OFF-AP-3004,Office Supplies,10,850.0,0.0,300.0,North,Consumer,UPI
ORD-2023-12788,2023-11-23,CUST-0367,OFF-ST-3003,Office Supplies,1,17.5,0.3,3.5,North,Corporate,Credit Card
ORD-2023-13232,2023-11-23,CUST-0006,FUR-SF-2005,Furniture,3,1755.0,0.1,105.0,South,Consumer,Credit Card
ORD-2024-10279,2023-11-23,CUST-0374,OFF-PA-3001,Office Supplies,4,72.0,0.0,36.0,West,Consumer,Cash on Delivery
ORD-2024-10347,2023-11-23,CUST-0200,OFF-EN-3005,Office Supplies,3,19.2,0.2,10.2,North,Consumer,Credit Card
ORD-2024-10769,2023-11-23,CUST-0577,TEC-HD-1006,Technology,1,104.5,0.05,34.5,Central,Corporate,Cash on Delivery
ORD-2024-11601,2023-11-23,CUST-0062,TEC-LP-1002,Technology,1,1140.0,0.05,240.0,North,Small Business,Credit Card
ORD-2024-11619,2023-11-23,CUST-0385,TEC-AC-1004,Technology,2,81.0,0.1,37.0,East,Corporate,UPI
ORD-2024-11767,2023-11-23,CUST-0035,OFF-ST-3003,Office Supplies,1,22.5,0.1,8.5,South,Consumer,Net Banking
ORD-2024-11949,2023-11-23,CUST-0350,TEC-MN-1003,Technology,3,900.0,0.0,270.0,West,Consumer,Cash on Delivery
ORD-2024-12179,2023-11-23,CUST-0333,TEC-MN-1003,Technology,3,810.0,0.1,180.0,North,Small Business,Credit Card
ORD-2024-12601,2023-11-23,CUST-0274,OFF-PA-3001,Office Supplies,1,18.0,0.0,9.0,West,Consumer,Debit Card
ORD-2024-12753,2023-11-23,CUST-0634,OFF-ST-3003,Office Supplies,3,75.0,0.0,33.0,East,Corporate,Credit Card
ORD-2024-14359,2023-11-23,CUST-0019,TEC-PR-1005,Technology,1,212.5,0.15,22.5,Central,Corporate,Credit Card
ORD-2024-14461,2023-11-23,CUST-0267,TEC-LP-1002,Technology,1,1020.0,0.15,120.0,Central,Corporate,UPI
ORD-2023-11746,2023-11-24,CUST-0511,FUR-CH-2001,Furniture,5,720.0,0.2,20.0,East,Consumer,Credit Card
ORD-2023-11894,2023-11-24,CUST-0611,OFF-BI-3002,Office Supplies,3,34.2,0.05,19.2,North,Small Business,UPI
ORD-2023-11958,2023-11-24,CUST-0282,TEC-PR-1005,Technology,1,250.0,0.0,60.0,South,Small Business,UPI
ORD-2023-12654,2023-11-24,CUST-0061,TEC-HD-1006,Technology,1,110.0,0.0,40.0,North,Consumer,Net Banking
ORD-2023-12670,2023-11-24,CUST-0313,OFF-AP-3004,Office Supplies,3,242.25,0.05,77.25,Central,Consumer,Credit Card
ORD-2023-14214,2023-11-24,CUST-0457,FUR-BK-2003,Furniture,1,154.0,0.3,-21.0,North,Consumer,Cash on Delivery
ORD-2023-14338,2023-11-24,CUST-0395,OFF-ST-3003,Office Supplies,3,60.0,0.2,18.0,Central,Corporate,Credit Card
ORD-2023-14542,2023-11-24,CUST-0645,TEC-HD-1006,Technology,1,110.0,0.0,40.0,East,Corporate,Debit Card
ORD-2023-15212,2023-11-24,CUST-0578,FUR-BK-2003,Furniture,3,594.0,0.1,69.0,East,Corporate,Credit Card
ORD-2023-15330,2023-11-24,CUST-0505,OFF-AP-3004,Office Supplies,2,119.0,0.3,9.0,North,Small Business,Net Banking
ORD-2024-10251,2023-11-24,CUST-0328,FUR-SF-2005,Furniture,2,650.0,0.5,-450.0,West,Corporate,Credit Card
ORD-2024-11471,2023-11-24,CUST-0313,TEC-LP-1002,Technology,1,1140.0,0.05,240.0,Central,Consumer,Credit Card
ORD-2024-12185,2023-11-24,CUST-0638,TEC-HD-1006,Technology,1,82.5,0.25,12.5,South,Small Business,Credit Card
ORD-2024-13247,2023-11-24,CUST-0535,FUR-SF-2005,Furniture,1,520.0,0.2,-30.0,South,Consumer,Credit Card
ORD-2024-13285,2023-11-24,CUST-0084,OFF-ST-3003,Office Supplies,1,17.5,0.3,3.5,South,Small Business,Cash on Delivery
ORD-2024-13383,2023-11-24,CUST-0494,OFF-AP-3004,Office Supplies,1,68.0,0.2,13.0,West,Consumer,UPI
ORD-2024-13643,2023-11-24,CUST-0141,OFF-EN-3005,Office Supplies,2,15.2,0.05,9.2,South,Corporate,Debit Card
ORD-2024-13659,2023-11-24,CUST-0026,FUR-SF-2005,Furniture,2,1170.0,0.1,70.0,West,Corporate,Debit Card
ORD-2023-10086,2023-11-25,CUST-0314,OFF-BI-3002,Office Supplies,4,48.0,0.0,28.0,North,Corporate,Net Banking
ORD-2023-10312,2023-11-25,CUST-0609,FUR-TB-2002,Furniture,1,450.0,0.0,60.0,East,Corporate,Cash on Delivery
ORD-2023-10442,2023-11-25,CUST-0090,FUR-DS-2004,Furniture,2,448.0,0.3,-72.0,South,Corporate,UPI
ORD-2023-10538,2023-11-25,CUST-0498,OFF-AP-3004,Office Supplies,3,255.0,0.0,90.0,North,Consumer,Debit Card
ORD-2023-10990,2023-11-25,CUST-0514,TEC-LP-1002,Technology,1,1080.0,0.1,180.0,West,Corporate,Credit Card
ORD-2023-11504,2023-11-25,CUST-0216,TEC-AC-1004,Technology,1,45.0,0.0,23.0,West,Small Business,UPI
ORD-2023-13384,2023-11-25,CUST-0197,OFF-PA-3001,Office Supplies,2,34.2,0.05,16.2,North,Consumer,Credit Card
ORD-2023-13728,2023-11-25,CUST-0429,OFF-LA-3006,Office Supplies,1,14.25,0.05,7.25,East,Consumer,Debit Card
ORD-2023-13988,2023-11-25,CUST-0400,FUR-CH-2001,Furniture,1,144.0,0.2,4.0,West,Small Business,Net Banking
ORD-2023-14590,2023-11-25,CUST-0145,FUR-DS-2004,Furniture,3,864.0,0.1,84.0,North,Corporate,UPI
ORD-2024-10127,2023-11-25,CUST-0307,OFF-EN-3005,Office Supplies,2,16.0,0.0,10.0,North,Corporate,Credit Card
ORD-2024-10391,2023-11-25,CUST-0460,OFF-BI-3002,Office Supplies,1,12.0,0.0,7.0,South,Corporate,Credit Card
ORD-2024-11337,2023-11-25,CUST-0549,OFF-AP-3004,Office Supplies,3,229.5,0.1,64.5,West,Consumer,Debit Card
ORD-2024-11727,2023-11-25,CUST-0147,OFF-ST-3003,Office Supplies,1,20.0,0.2,6.0,North,Corporate,Credit Card
ORD-2024-12059,2023-11-25,CUST-0435,OFF-AP-3004,Office Supplies,1,85.0,0.0,30.0,East,Consumer,Credit Card
ORD-2024-12825,2023-11-25,CUST-0577,OFF-BI-3002,Office Supplies,2,24.0,0.0,14.0,East,Corporate,UPI
ORD-2024-12907,2023-11-25,CUST-0356,TEC-PH-1001,Technology,3,2550.0,0.0,750.0,North,Corporate,Net Banking
ORD-2024-14585,2023-11-25,CUST-0095,TEC-HD-1006,Technology,1,110.0,0.0,40.0,North,Consumer,Credit Card
ORD-2024-15049,2023-11-25,CUST-0265,OFF-PA-3001,Office Supplies,4,57.6,0.2,21.6,East,Corporate,UPI
ORD-2023-10216,2023-11-26,CUST-0059,FUR-SF-2005,Furniture,3,1755.0,0.1,105.0,North,Corporate,Debit Card
ORD-2023-10922,2023-11-26,CUST-0510,OFF-BI-3002,Office Supplies,3,34.2,0.05,19.2,West,Consumer,Credit Card
ORD-2023-11300,2023-11-26,CUST-0345,OFF-AP-3004,Office Supplies,3,255.0,0.0,90.0,North,Consumer,Debit Card
ORD-2023-12036,2023-11-26,CUST-0649,OFF-AP-3004,Office Supplies,1,85.0,0.0,30.0,East,Corporate,Credit Card
ORD-2023-12186,2023-11-26,CUST-0145,OFF-BI-3002,Office Supplies,3,36.0,0.0,21.0,North,Corporate,UPI
ORD-2023-12196,2023-11-26,CUST-0220,FUR-TB-2002,Furniture,1,450.0,0.0,60.0,East,Consumer,Net Banking
ORD-2023-13468,2023-11-26,CUST-0316,OFF-PA-3001,Office Supplies,4,72.0,0.0,36.0,North,Consumer,Credit Card
ORD-2023-13716,2023-11-26,CUST-0636,OFF-PA-3001,Office Supplies,10,180.0,0.0,90.0,North,Consumer,Credit Card
ORD-2023-14712,2023-11-26,CUST-0032,FUR-DS-2004,Furniture,10,2240.0,0.3,-360.0,West,Corporate,Net Banking
ORD-2024-10601,2023-11-26,CUST-0002,FUR-DS-2004,Furniture,4,768.0,0.4,-272.0,Central,Corporate,Credit Card
ORD-2024-10955,2023-11-26,CUST-0049,FUR-SF-2005,Furniture,1,520.0,0.2,-30.0,North,Consumer,UPI
ORD-2024-11621,2023-11-26,CUST-0085,FUR-DS-2004,Furniture,3,960.0,0.0,180.0,South,Small Business,Credit Card
ORD-2024-12691,2023-11-26,CUST-0035,TEC-LP-1002,Technology,1,1200.0,0.0,300.0,East,Consumer,Net Banking
ORD-2024-13685,2023-11-26,CUST-0234,FUR-SF-2005,Furniture,5,2925.0,0.1,175.0,East,Consumer,Credit Card
ORD-2024-13919,2023-11-26,CUST-0010,TEC-PR-1005,Technology,2,500.0,0.0,120.0,East,Corporate,Debit Card
ORD-2024-14253,2023-11-26,CUST-0028,OFF-EN-3005,Office Supplies,2,15.2,0.05,9.2,South,Corporate,Credit Card
ORD-2024-15329,2023-11-26,CUST-0445,TEC-MN-1003,Technology,4,1080.0,0.1,240.0,Central,Consumer,UPI
ORD-2024-15427,2023-11-26,CUST-0122,TEC-MN-1003,Technology,3,900.0,0.0,270.0,Central,Corporate,Credit Card
ORD-2023-10134,2023-11-27,CUST-0103,TEC-AC-1004,Technology,1,42.75,0.05,20.75,South,Corporate,Net Banking
ORD-2023-10868,2023-11-27,CUST-0341,FUR-DS-2004,Furniture,1,320.0,0.0,60.0,South,Corporate,Net Banking
ORD-2023-11862,2023-11-27,CUST-0007,OFF-EN-3005,Office Supplies,2,14.4,0.1,8.4,South,Consumer,UPI
ORD-2023-14304,2023-11-27,CUST-0464,TEC-PH-1001,Technology,4,3400.0,0.0,1000.0,North,Consumer,Debit Card
ORD-2023-14414,2023-11-27,CUST-0076,OFF-EN-3005,Office Supplies,2,11.2,0.3,5.2,Central,Consumer,Credit Card
ORD-2024-10471,2023-11-27,CUST-0610,FUR-SF-2005,Furniture,3,1755.0,0.1,105.0,North,Small Business,UPI
ORD-2024-11107,2023-11-27,CUST-0271,FUR-TB-2002,Furniture,4,1620.0,0.1,60.0,Central,Small Business,Credit Card
ORD-2024-11243,2023-11-27,CUST-0252,OFF-LA-3006,Office Supplies,2,30.0,0.0,16.0,North,Consumer,UPI
ORD-2024-11325,2023-11-27,CUST-0141,TEC-MN-1003,Technology,1,285.0,0.05,75.0,West,Corporate,Credit Card
ORD-2024-11757,2023-11-27,CUST-0493,FUR-CH-2001,Furniture,5,540.0,0.4,-160.0,West,Corporate,Cash on Delivery
ORD-2024-13579,2023-11-27,CUST-0640,TEC-LP-1002,Technology,2,2040.0,0.15,240.0,South,Corporate,UPI
ORD-2024-13611,2023-11-27,CUST-0605,TEC-PH-1001,Technology,2,1445.0,0.15,245.0,North,Consumer,Credit Card
ORD-2024-14053,2023-11-27,CUST-0357,FUR-CH-2001,Furniture,2,324.0,0.1,44.0,South,Consumer,UPI
ORD-2024-14181,2023-11-27,CUST-0540,FUR-BK-2003,Furniture,4,616.0,0.3,-84.0,East,Corporate,Credit Card
ORD-2024-14221,2023-11-27,CUST-0451,TEC-LP-1002,Technology,1,1080.0,0.1,180.0,East,Small Business,UPI
ORD-2024-14511,2023-11-27,CUST-0150,TEC-MN-1003,Technology,2,600.0,0.0,180.0,West,Corporate,UPI
ORD-2023-10378,2023-11-28,CUST-0440,OFF-BI-3002,Office Supplies,4,48.0,0.0,28.0,North,Corporate,UPI
ORD-2023-11180,2023-11-28,CUST-0338,OFF-PA-3001,Office Supplies,2,34.2,0.05,16.2,Central,Small Business,Net Banking
ORD-2023-11464,2023-11-28,CUST-0395,FUR-BK-2003,Furniture,1,198.0,0.1,23.0,Central,Corporate,UPI
ORD-2023-11562,2023-11-28,CUST-0296,OFF-AP-3004,Office Supplies,2,161.5,0.05,51.5,East,Consumer,Credit Card
ORD-2023-11788,2023-11-28,CUST-0298,OFF-PA-3001,Office Supplies,2,36.0,0.0,18.0,West,Small Business,Credit Card
ORD-2023-12636,2023-11-28,CUST-0019,TEC-PR-1005,Technology,2,500.0,0.0,120.0,East,Corporate,Debit Card
ORD-2023-12922,2023-11-28,CUST-0081,OFF-ST-3003,Office Supplies,3,52.5,0.3,10.5,Central,Small Business,Credit Card
ORD-2023-13240,2023-11-28,CUST-0400,OFF-ST-3003,Office Supplies,3,71.25,0.05,29.25,East,Small Business,Credit Card
ORD-2024-10423,2023-11-28,CUST-0231,TEC-LP-1002,Technology,1,1200.0,0.0,300.0,South,Consumer,UPI
ORD-2024-10785,2023-11-28,CUST-0209,FUR-BK-2003,Furniture,3,528.0,0.2,3.0,South,Corporate,UPI
ORD-2024-10881,2023-11-28,CUST-0569,OFF-AP-3004,Office Supplies,2,170.0,0.0,60.0,North,Consumer,Debit Card
ORD-2024-11063,2023-11-28,CUST-0467,OFF-EN-3005,Office Supplies,2,16.0,0.0,10.0,West,Corporate,UPI
ORD-2024-11147,2023-11-28,CUST-0547,FUR-BK-2003,Furniture,2,264.0,0.4,-86.0,East,Small Business,Credit Card
ORD-2024-11157,2023-11-28,CUST-0124,OFF-AP-3004,Office Supplies,2,170.0,0.0,60.0,North,Consumer,Credit Card
ORD-2024-11453,2023-11-28,CUST-0395,TEC-AC-1004,Technology,1,45.0,0.0,23.0,West,Corporate,Debit Card
ORD-2024-11497,2023-11-28,CUST-0377,OFF-LA-3006,Office Supplies,1,14.25,0.05,7.25,North,Consumer,Credit Card
ORD-2024-11691,2023-11-28,CUST-0618,TEC-AC-1004,Technology,2,81.0,0.1,37.0,West,Corporate,Cash on Delivery
ORD-2024-12211,2023-11-28,CUST-0487,TEC-PR-1005,Technology,1,225.0,0.1,35.0,East,Consumer,Net Banking
ORD-2024-12999,2023-11-28,CUST-0026,TEC-MN-1003,Technology,1,285.0,0.05,75.0,West,Corporate,Credit Card
ORD-2024-14099,2023-11-28,CUST-0111,OFF-AP-3004,Office Supplies,3,255.0,0.0,90.0,West,Consumer,Credit Card
ORD-2024-14865,2023-11-28,CUST-0074,TEC-PH-1001,Technology,3,2422.5,0.05,622.5,East,Small Business,UPI
ORD-2024-15021,2023-11-28,CUST-0132,OFF-PA-3001,Office Supplies,5,81.0,0.1,36.0,South,Corporate,UPI
ORD-2023-10278,2023-11-29,CUST-0317,FUR-SF-2005,Furniture,4,1300.0,0.5,-900.0,East,Small Business,UPI
ORD-2023-10478,2023-11-29,CUST-0400,FUR-CH-2001,Furniture,2,360.0,0.0,80.0,West,Small Business,Credit Card
ORD-2023-10886,2023-11-29,CUST-0345,OFF-EN-3005,Office Supplies,4,28.8,0.1,16.8,North,Consumer,Credit Card
ORD-2023-11286,2023-11-29,CUST-0337,OFF-LA-3006,Office Supplies,1,15.0,0.0,8.0,East,Consumer,Cash on Delivery
ORD-2023-11992,2023-11-29,CUST-0271,TEC-AC-1004,Technology,1,38.25,0.15,16.25,West,Small Business,Credit Card
ORD-2023-12384,2023-11-29,CUST-0266,FUR-SF-2005,Furniture,1,520.0,0.2,-30.0,Central,Small Business,UPI
ORD-2023-12410,2023-11-29,CUST-0513,TEC-AC-1004,Technology,3,128.25,0.05,62.25,East,Consumer,Credit Card
ORD-2023-12488,2023-11-29,CUST-0525,FUR-SF-2005,Furniture,2,910.0,0.3,-190.0,West,Corporate,Credit Card
ORD-2023-13190,2023-11-29,CUST-0157,FUR-CH-2001,Furniture,1,126.0,0.3,-14.0,Central,Consumer,Net Banking
ORD-2023-14484,2023-11-29,CUST-0132,TEC-PH-1001,Technology,2,1615.0,0.05,415.0,South,Corporate,Credit Card
ORD-2023-15274,2023-11-29,CUST-0430,OFF-EN-3005,Office Supplies,3,21.6,0.1,12.6,South,Consumer,UPI
ORD-2024-10893,2023-11-29,CUST-0061,OFF-BI-3002,Office Supplies,1,11.4,0.05,6.4,North,Consumer,UPI
ORD-2024-10929,2023-11-29,CUST-0233,TEC-PH-1001,Technology,2,1700.0,0.0,500.0,East,Consumer,Debit Card
ORD-2024-11135,2023-11-29,CUST-0490,TEC-LP-1002,Technology,1,1140.0,0.05,240.0,West,Consumer,Debit Card
ORD-2024-12141,2023-11-29,CUST-0422,FUR-BK-2003,Furniture,1,198.0,0.1,23.0,North,Consumer,Debit Card
ORD-2024-12183,2023-11-29,CUST-0375,OFF-AP-3004,Office Supplies,10,807.5,0.05,257.5,West,Small Business,Credit Card
ORD-2024-12269,2023-11-29,CUST-0197,OFF-ST-3003,Office Supplies,5,100.0,0.2,30.0,North,Consumer,Credit Card
ORD-2024-12669,2023-11-29,CUST-0230,FUR-CH-2001,Furniture,1,162.0,0.1,22.0,West,Consumer,UPI
ORD-2024-14055,2023-11-29,CUST-0360,FUR-CH-2001,Furniture,1,144.0,0.2,4.0,North,Corporate,Credit Card
ORD-2024-14725,2023-11-29,CUST-0225,OFF-PA-3001,Office Supplies,1,18.0,0.0,9.0,East,Consumer,Debit Card
ORD-2024-15337,2023-11-29,CUST-0048,TEC-MN-1003,Technology,1,225.0,0.25,15.0,East,Consumer,Credit Card
ORD-2023-10486,2023-11-30,CUST-0388,OFF-EN-3005,Office Supplies,3,19.2,0.2,10.2,West,Consumer,Cash on Delivery
ORD-2023-10720,2023-11-30,CUST-0170,FUR-TB-2002,Furniture,1,270.0,0.4,-120.0,Central,Small Business,Debit Card
ORD-2023-11298,2023-11-30,CUST-0034,FUR-SF-2005,Furniture,1,650.0,0.0,100.0,South,Consumer,Credit Card
ORD-2023-11538,2023-11-30,CUST-0221,TEC-HD-1006,Technology,1,110.0,0.0,40.0,South,Consumer,Debit Card
ORD-2023-11960,2023-11-30,CUST-0558,OFF-ST-3003,Office Supplies,1,23.75,0.05,9.75,West,Small Business,Credit Card
ORD-2023-12562,2023-11-30,CUST-0342,OFF-LA-3006,Office Supplies,2,30.0,0.0,16.0,Central,Small Business,Credit Card
ORD-2023-13386,2023-11-30,CUST-0446,OFF-BI-3002,Office Supplies,4,43.2,0.1,23.2,North,Corporate,Credit Card
ORD-2023-13622,2023-11-30,CUST-0474,FUR-BK-2003,Furniture,1,220.0,0.0,45.0,East,Small Business,Credit Card
ORD-2023-13796,2023-11-30,CUST-0376,FUR-SF-2005,Furniture,3,1170.0,0.4,-480.0,North,Corporate,Credit Card
ORD-2023-14082,2023-11-30,CUST-0436,FUR-SF-2005,Furniture,3,1950.0,0.0,300.0,Central,Small Business,Credit Card
ORD-2023-14302,2023-11-30,CUST-0629,TEC-HD-1006,Technology,1,104.5,0.05,34.5,South,Consumer,Net Banking
ORD-2023-15046,2023-11-30,CUST-0228,FUR-DS-2004,Furniture,3,672.0,0.3,-108.0,West,Consumer,Credit Card
ORD-2023-15268,2023-11-30,CUST-0120,FUR-DS-2004,Furniture,1,256.0,0.2,-4.0,Central,Corporate,Debit Card
ORD-2023-15374,2023-11-30,CUST-0133,OFF-BI-3002,Office Supplies,4,43.2,0.1,23.2,South,Small Business,Cash on Delivery
ORD-2024-11551,2023-11-30,CUST-0447,TEC-HD-1006,Technology,2,209.0,0.05,69.0,North,Consumer,Credit Card
ORD-2024-12133,2023-11-30,CUST-0204,OFF-PA-3001,Office Supplies,3,54.0,0.0,27.0,South,Corporate,Debit Card
ORD-2024-12333,2023-11-30,CUST-0488,OFF-LA-3006,Office Supplies,3,36.0,0.2,15.0,Central,Corporate,Credit Card
ORD-2024-12543,2023-11-30,CUST-0185,TEC-HD-1006,Technology,3,297.0,0.1,87.0,East,Corporate,Credit Card
ORD-2024-12649,2023-11-30,CUST-0010,OFF-EN-3005,Office Supplies,3,24.0,0.0,15.0,East,Corporate,UPI
ORD-2024-13185,2023-11-30,CUST-0186,FUR-TB-2002,Furniture,2,810.0,0.1,30.0,North,Consumer,Debit Card
ORD-2024-13663,2023-11-30,CUST-0010,TEC-HD-1006,Technology,2,220.0,0.0,80.0,West,Corporate,Credit Card
ORD-2024-13831,2023-11-30,CUST-0358,TEC-PR-1005,Technology,1,225.0,0.1,35.0,West,Consumer,Net Banking
ORD-2024-14139,2023-11-30,CUST-0605,TEC-MN-1003,Technology,1,285.0,0.05,75.0,North,Consumer,Cash on Delivery
ORD-2024-14921,2023-11-30,CUST-0136,FUR-DS-2004,Furniture,3,864.0,0.1,84.0,South,Small Business,Debit Card
ORD-2024-15341,2023-11-30,CUST-0338,FUR-TB-2002,Furniture,1,360.0,0.2,-30.0,North,Small Business,Credit Card
ORD-2023-10190,2023-12-01,CUST-0418,FUR-BK-2003,Furniture,2,352.0,0.2,2.0,North,Consumer,UPI
ORD-2023-12406,2023-12-01,CUST-0574,TEC-HD-1006,Technology,3,280.5,0.15,70.5,North,Consumer,Credit Card
ORD-2023-13954,2023-12-01,CUST-0102,TEC-LP-1002,Technology,1,1080.0,0.1,180.0,West,Corporate,Credit Card
ORD-2023-14812,2023-12-01,CUST-0043,FUR-DS-2004,Furniture,2,384.0,0.4,-136.0,West,Corporate,Credit Card
ORD-2024-12223,2023-12-01,CUST-0501,TEC-PH-1001,Technology,5,4250.0,0.0,1250.0,South,Corporate,Credit Card
ORD-2024-12385,2023-12-01,CUST-0498,FUR-DS-2004,Furniture,1,224.0,0.3,-36.0,North,Consumer,Credit Card
ORD-2024-12659,2023-12-01,CUST-0641,TEC-HD-1006,Technology,2,220.0,0.0,80.0,North,Corporate,Debit Card
ORD-2024-13581,2023-12-01,CUST-0190,TEC-HD-1006,Technology,2,198.0,0.1,58.0,Central,Consumer,Debit Card
ORD-2024-13825,2023-12-01,CUST-0617,OFF-ST-3003,Office Supplies,3,71.25,0.05,29.25,East,Small Business,Net Banking
ORD-2024-14699,2023-12-01,CUST-0332,FUR-DS-2004,Furniture,1,256.0,0.2,-4.0,Central,Corporate,Net Banking
ORD-2024-14789,2023-12-01,CUST-0313,TEC-LP-1002,Technology,1,1140.0,0.05,240.0,Central,Consumer,Debit Card
ORD-2024-15011,2023-12-01,CUST-0080,OFF-LA-3006,Office Supplies,3,45.0,0.0,24.0,East,Consumer,Cash on Delivery
ORD-2023-10254,2023-12-02,CUST-0440,TEC-HD-1006,Technology,1,99.0,0.1,29.0,North,Corporate,Debit Card
ORD-2023-10282,2023-12-02,CUST-0190,OFF-EN-3005,Office Supplies,1,7.6,0.05,4.6,Central,Consumer,UPI
ORD-2023-10894,2023-12-02,CUST-0084,TEC-PR-1005,Technology,2,500.0,0.0,120.0,South,Small Business,Credit Card
ORD-2023-10958,2023-12-02,CUST-0069,FUR-DS-2004,Furniture,1,288.0,0.1,28.0,North,Corporate,Debit Card
ORD-2023-12046,2023-12-02,CUST-0186,OFF-EN-3005,Office Supplies,2,11.2,0.3,5.2,North,Consumer,UPI
ORD-2023-12220,2023-12-02,CUST-0560,TEC-HD-1006,Technology,1,104.5,0.05,34.5,Central,Consumer,Net Banking
ORD-2023-12458,2023-12-02,CUST-0392,TEC-PH-1001,Technology,4,3230.0,0.05,830.0,East,Consumer,Debit Card
ORD-2023-12604,2023-12-02,CUST-0630,TEC-LP-1002,Technology,2,2040.0,0.15,240.0,West,Consumer,Credit Card
ORD-2023-13400,2023-12-02,CUST-0172,FUR-SF-2005,Furniture,1,650.0,0.0,100.0,North,Small Business,Credit Card
ORD-2023-13940,2023-12-02,CUST-0124,FUR-CH-2001,Furniture,2,252.0,0.3,-28.0,North,Consumer,Credit Card
ORD-2023-14282,2023-12-02,CUST-0019,FUR-TB-2002,Furniture,2,810.0,0.1,30.0,South,Corporate,Net Banking
ORD-2024-11047,2023-12-02,CUST-0338,FUR-DS-2004,Furniture,2,640.0,0.0,120.0,Central,Small Business,Credit Card
ORD-2024-11623,2023-12-02,CUST-0150,OFF-BI-3002,Office Supplies,1,9.6,0.2,4.6,South,Corporate,Net Banking
ORD-2024-11973,2023-12-02,CUST-0248,FUR-DS-2004,Furniture,1,288.0,0.1,28.0,West,Consumer,Credit Card
ORD-2024-12177,2023-12-02,CUST-0593,OFF-ST-3003,Office Supplies,2,35.0,0.3,7.0,South,Corporate,Credit Card
ORD-2024-15383,2023-12-02,CUST-0574,OFF-LA-3006,Office Supplies,1,10.5,0.3,3.5,North,Consumer,Credit Card
ORD-2023-10146,2023-12-03,CUST-0351,TEC-LP-1002,Technology,2,2400.0,0.0,600.0,West,Small Business,UPI
ORD-2023-10290,2023-12-03,CUST-0026,FUR-SF-2005,Furniture,1,650.0,0.0,100.0,West,Corporate,Credit Card
ORD-2023-10656,2023-12-03,CUST-0429,OFF-PA-3001,Office Supplies,1,16.2,0.1,7.2,East,Consumer,Credit Card
ORD-2023-10916,2023-12-03,CUST-0238,FUR-BK-2003,Furniture,4,704.0,0.2,4.0,South,Corporate,Debit Card
ORD-2023-11148,2023-12-03,CUST-0443,TEC-HD-1006,Technology,2,187.0,0.15,47.0,West,Consumer,UPI
ORD-2023-11452,2023-12-03,CUST-0255,OFF-BI-3002,Office Supplies,3,36.0,0.0,21.0,South,Consumer,Debit Card
ORD-2023-13216,2023-12-03,CUST-0249,FUR-BK-2003,Furniture,3,528.0,0.2,3.0,North,Consumer,Credit Card
ORD-2023-14016,2023-12-03,CUST-0418,FUR-CH-2001,Furniture,2,216.0,0.4,-64.0,North,Consumer,Debit Card
ORD-2023-14152,2023-12-03,CUST-0510,FUR-CH-2001,Furniture,3,432.0,0.2,12.0,West,Consumer,Credit Card
ORD-2023-14538,2023-12-03,CUST-0303,TEC-LP-1002,Technology,1,1080.0,0.1,180.0,South,Corporate,Credit Card
ORD-2023-14904,2023-12-03,CUST-0262,FUR-TB-2002,Furniture,1,315.0,0.3,-75.0,Central,Consumer,Credit Card
ORD-2023-15428,2023-12-03,CUST-0298,OFF-AP-3004,Office Supplies,2,153.0,0.1,43.0,West,Small Business,Credit Card
ORD-2023-15482,2023-12-03,CUST-0172,TEC-MN-1003,Technology,2,600.0,0.0,180.0,North,Small Business,UPI
ORD-2024-10213,2023-12-03,CUST-0041,FUR-DS-2004,Furniture,1,256.0,0.2,-4.0,West,Corporate,Credit Card
ORD-2024-10235,2023-12-03,CUST-0060,TEC-PH-1001,Technology,1,850.0,0.0,250.0,Central,Consumer,UPI
ORD-2024-11953,2023-12-03,CUST-0617,FUR-TB-2002,Furniture,3,810.0,0.4,-360.0,East,Small Business,Credit Card
ORD-2024-13357,2023-12-03,CUST-0539,FUR-CH-2001,Furniture,1,180.0,0.0,40.0,East,Consumer,Debit Card
ORD-2024-13509,2023-12-03,CUST-0406,OFF-LA-3006,Office Supplies,2,30.0,0.0,16.0,North,Consumer,Credit Card
ORD-2024-13909,2023-12-03,CUST-0060,TEC-PR-1005,Technology,8,1900.0,0.05,380.0,Central,Consumer,Credit Card
ORD-2023-13510,2023-12-04,CUST-0049,FUR-CH-2001,Furniture,1,162.0,0.1,22.0,North,Consumer,Credit Card
ORD-2023-13726,2023-12-04,CUST-0524,TEC-LP-1002,Technology,1,1200.0,0.0,300.0,East,Consumer,Debit Card
ORD-2023-14322,2023-12-04,CUST-0647,OFF-LA-3006,Office Supplies,2,30.0,0.0,16.0,North,Consumer,Credit Card
ORD-2024-11907,2023-12-04,CUST-0217,OFF-AP-3004,Office Supplies,4,340.0,0.0,120.0,East,Corporate,UPI
ORD-2024-12087,2023-12-04,CUST-0215,OFF-PA-3001,Office Supplies,1,18.0,0.0,9.0,South,Consumer,Credit Card
ORD-2024-12535,2023-12-04,CUST-0564,OFF-ST-3003,Office Supplies,3,71.25,0.05,29.25,North,Corporate,UPI
ORD-2024-12831,2023-12-04,CUST-0104,TEC-PH-1001,Technology,2,1530.0,0.1,330.0,South,Consumer,Net Banking
ORD-2024-13165,2023-12-04,CUST-0522,OFF-EN-3005,Office Supplies,1,7.6,0.05,4.6,West,Consumer,Debit Card
ORD-2024-13575,2023-12-04,CUST-0350,FUR-DS-2004,Furniture,2,640.0,0.0,120.0,West,Consumer,Credit Card
ORD-2024-13673,2023-12-04,CUST-0315,TEC-PH-1001,Technology,2,1530.0,0.1,330.0,West,Corporate,UPI
ORD-2024-13853,2023-12-04,CUST-0124,FUR-SF-2005,Furniture,2,910.0,0.3,-190.0,South,Consumer,Credit Card
ORD-2024-14175,2023-12-04,CUST-0028,TEC-LP-1002,Technology,1,1020.0,0.15,120.0,South,Corporate,Debit Card
ORD-2024-15279,2023-12-04,CUST-0023,OFF-ST-3003,Office Supplies,1,25.0,0.0,11.0,West,Consumer,Credit Card
ORD-2024-15483,2023-12-04,CUST-0325,OFF-EN-3005,Office Supplies,1,8.0,0.0,5.0,North,Corporate,UPI
ORD-2023-11188,2023-12-05,CUST-0113,FUR-DS-2004,Furniture,5,960.0,0.4,-340.0,West,Small Business,UPI
ORD-2023-11328,2023-12-05,CUST-0157,OFF-PA-3001,Office Supplies,1,18.0,0.0,9.0,Central,Consumer,Cash on Delivery
ORD-2023-11392,2023-12-05,CUST-0325,OFF-PA-3001,Office Supplies,10,162.0,0.1,72.0,North,Corporate,UPI
ORD-2023-11796,2023-12-05,CUST-0400,FUR-TB-2002,Furniture,1,450.0,0.0,60.0,West,Small Business,Credit Card
ORD-2023-12028,2023-12-05,CUST-0397,TEC-HD-1006,Technology,2,220.0,0.0,80.0,West,Consumer,Credit Card
ORD-2023-12682,2023-12-05,CUST-0600,TEC-LP-1002,Technology,3,3600.0,0.0,900.0,North,Consumer,Net Banking
ORD-2023-13266,2023-12-05,CUST-0161,TEC-PR-1005,Technology,1,250.0,0.0,60.0,East,Corporate,Credit Card
ORD-2023-14290,2023-12-05,CUST-0096,OFF-PA-3001,Office Supplies,1,18.0,0.0,9.0,South,Consumer,Debit Card
ORD-2023-14708,2023-12-05,CUST-0410,TEC-PR-1005,Technology,2,375.0,0.25,-5.0,Central,Consumer,Net Banking
ORD-2023-15276,2023-12-05,CUST-0268,FUR-DS-2004,Furniture,3,672.0,0.3,-108.0,East,Consumer,Credit Card
ORD-2023-15308,2023-12-05,CUST-0501,FUR-BK-2003,Furniture,5,550.0,0.5,-325.0,South,Corporate,Credit Card
ORD-2024-10247,2023-12-05,CUST-0446,TEC-HD-1006,Technology,2,220.0,0.0,80.0,West,Corporate,Debit Card
ORD-2024-10361,2023-12-05,CUST-0469,OFF-LA-3006,Office Supplies,1,14.25,0.05,7.25,North,Corporate,UPI
ORD-2024-10675,2023-12-05,CUST-0460,TEC-HD-1006,Technology,1,99.0,0.1,29.0,South,Corporate,Credit Card
ORD-2024-11487,2023-12-05,CUST-0119,TEC-PR-1005,Technology,2,425.0,0.15,45.0,East,Consumer,Credit Card
ORD-2024-12103,2023-12-05,CUST-0410,OFF-LA-3006,Office Supplies,1,10.5,0.3,3.5,Central,Consumer,UPI
ORD-2024-12221,2023-12-05,CUST-0595,OFF-PA-3001,Office Supplies,1,14.4,0.2,5.4,East,Consumer,Cash on Delivery
ORD-2024-13889,2023-12-05,CUST-0200,FUR-DS-2004,Furniture,2,448.0,0.3,-72.0,North,Consumer,Credit Card
ORD-2024-14291,2023-12-05,CUST-0506,TEC-MN-1003,Technology,1,300.0,0.0,90.0,East,Consumer,Credit Card
ORD-2024-14427,2023-12-05,CUST-0129,OFF-PA-3001,Office Supplies,3,43.2,0.2,16.2,West,Corporate,Credit Card
ORD-2023-10944,2023-12-06,CUST-0141,OFF-BI-3002,Office Supplies,1,12.0,0.0,7.0,West,Corporate,Credit Card
ORD-2023-11096,2023-12-06,CUST-0342,FUR-TB-2002,Furniture,1,360.0,0.2,-30.0,North,Small Business,UPI
ORD-2023-11418,2023-12-06,CUST-0078,FUR-DS-2004,Furniture,1,192.0,0.4,-68.0,Central,Corporate,UPI
ORD-2023-11536,2023-12-06,CUST-0089,TEC-PR-1005,Technology,3,750.0,0.0,180.0,West,Small Business,Credit Card
ORD-2023-12712,2023-12-06,CUST-0629,TEC-LP-1002,Technology,2,2400.0,0.0,600.0,South,Consumer,UPI
ORD-2023-12802,2023-12-06,CUST-0161,FUR-BK-2003,Furniture,3,594.0,0.1,69.0,East,Corporate,Credit Card
ORD-2023-13312,2023-12-06,CUST-0608,TEC-PR-1005,Technology,1,225.0,0.1,35.0,East,Consumer,Credit Card
ORD-2023-13484,2023-12-06,CUST-0438,FUR-CH-2001,Furniture,1,126.0,0.3,-14.0,East,Small Business,Debit Card
ORD-2023-13652,2023-12-06,CUST-0307,TEC-PR-1005,Technology,4,850.0,0.15,90.0,East,Corporate,UPI
ORD-2023-13930,2023-12-06,CUST-0196,TEC-PH-1001,Technology,3,2550.0,0.0,750.0,West,Consumer,Net Banking
ORD-2023-14436,2023-12-06,CUST-0483,FUR-CH-2001,Furniture,5,630.0,0.3,-70.0,West,Corporate,Credit Card
ORD-2023-14884,2023-12-06,CUST-0300,FUR-TB-2002,Furniture,3,1215.0,0.1,45.0,North,Small Business,UPI
ORD-2024-10849,2023-12-06,CUST-0313,FUR-DS-2004,Furniture,3,768.0,0.2,-12.0,South,Consumer,Debit Card
ORD-2024-11189,2023-12-06,CUST-0494,TEC-PH-1001,Technology,1,765.0,0.1,165.0,West,Consumer,UPI
ORD-2024-11205,2023-12-06,CUST-0383,FUR-DS-2004,Furniture,1,288.0,0.1,28.0,East,Corporate,Cash on Delivery
ORD-2024-11663,2023-12-06,CUST-0200,OFF-AP-3004,Office Supplies,1,76.5,0.1,21.5,North,Consumer,Debit Card
ORD-2024-12963,2023-12-06,CUST-0116,FUR-DS-2004,Furniture,2,384.0,0.4,-136.0,East,Corporate,UPI
ORD-2024-14237,2023-12-06,CUST-0026,TEC-LP-1002,Technology,1,900.0,0.25,0.0,East,Corporate,Net Banking
ORD-2024-15395,2023-12-06,CUST-0641,FUR-DS-2004,Furniture,1,256.0,0.2,-4.0,North,Corporate,Credit Card
ORD-2023-10276,2023-12-07,CUST-0478,FUR-DS-2004,Furniture,2,640.0,0.0,120.0,Central,Corporate,Credit Card
ORD-2023-11846,2023-12-07,CUST-0296,OFF-PA-3001,Office Supplies,2,34.2,0.05,16.2,South,Consumer,Cash on Delivery
ORD-2023-12862,2023-12-07,CUST-0344,TEC-PH-1001,Technology,1,807.5,0.05,207.5,North,Small Business,Debit Card
ORD-2023-12872,2023-12-07,CUST-0340,OFF-ST-3003,Office Supplies,1,25.0,0.0,11.0,Central,Corporate,UPI
ORD-2023-12908,2023-12-07,CUST-0472,OFF-BI-3002,Office Supplies,1,12.0,0.0,7.0,East,Consumer,Credit Card
ORD-2023-13934,2023-12-07,CUST-0533,OFF-EN-3005,Office Supplies,1,8.0,0.0,5.0,North,Consumer,Credit Card
ORD-2023-13986,2023-12-07,CUST-0412,OFF-LA-3006,Office Supplies,1,12.0,0.2,5.0,East,Consumer,Credit Card
ORD-2023-14852,2023-12-07,CUST-0533,FUR-BK-2003,Furniture,2,396.0,0.1,46.0,North,Consumer,Credit Card
ORD-2023-15324,2023-12-07,CUST-0318,TEC-PH-1001,Technology,4,3400.0,0.0,1000.0,North,Corporate,Cash on Delivery
ORD-2024-11101,2023-12-07,CUST-0091,OFF-LA-3006,Office Supplies,1,10.5,0.3,3.5,East,Corporate,UPI
ORD-2024-11485,2023-12-07,CUST-0488,OFF-LA-3006,Office Supplies,1,12.0,0.2,5.0,North,Corporate,Credit Card
ORD-2024-12237,2023-12-07,CUST-0139,OFF-BI-3002,Office Supplies,1,9.6,0.2,4.6,South,Corporate,Debit Card
ORD-2023-10330,2023-12-08,CUST-0402,TEC-PR-1005,Technology,2,375.0,0.25,-5.0,West,Consumer,Credit Card
ORD-2023-10654,2023-12-08,CUST-0112,FUR-TB-2002,Furniture,1,450.0,0.0,60.0,North,Consumer,Credit Card
ORD-2023-10942,2023-12-08,CUST-0485,OFF-PA-3001,Office Supplies,3,54.0,0.0,27.0,North,Small Business,UPI
ORD-2023-11066,2023-12-08,CUST-0323,TEC-PH-1001,Technology,4,3230.0,0.05,830.0,Central,Corporate,Net Banking
ORD-2023-11204,2023-12-08,CUST-0287,TEC-HD-1006,Technology,2,220.0,0.0,80.0,South,Corporate,Cash on Delivery
ORD-2023-11908,2023-12-08,CUST-0326,TEC-PH-1001,Technology,2,1445.0,0.15,245.0,East,Consumer,Debit Card
ORD-2023-11962,2023-12-08,CUST-0294,OFF-ST-3003,Office Supplies,4,100.0,0.0,44.0,North,Consumer,Debit Card
ORD-2023-12378,2023-12-08,CUST-0070,TEC-PR-1005,Technology,2,500.0,0.0,120.0,East,Corporate,UPI
ORD-2023-12688,2023-12-08,CUST-0101,TEC-LP-1002,Technology,3,3060.0,0.15,360.0,East,Consumer,Credit Card
ORD-2023-12756,2023-12-08,CUST-0623,OFF-BI-3002,Office Supplies,3,34.2,0.05,19.2,Central,Consumer,Credit Card
ORD-2023-13462,2023-12-08,CUST-0165,OFF-PA-3001,Office Supplies,5,90.0,0.0,45.0,North,Consumer,Credit Card
ORD-2023-14458,2023-12-08,CUST-0242,TEC-AC-1004,Technology,3,135.0,0.0,69.0,East,Corporate,Net Banking
ORD-2023-14570,2023-12-08,CUST-0631,TEC-HD-1006,Technology,8,880.0,0.0,320.0,South,Consumer,Credit Card
ORD-2023-15044,2023-12-08,CUST-0002,FUR-SF-2005,Furniture,4,2080.0,0.2,-120.0,North,Corporate,UPI
ORD-2024-12311,2023-12-08,CUST-0647,FUR-CH-2001,Furniture,2,324.0,0.1,44.0,West,Consumer,Credit Card
ORD-2024-12531,2023-12-08,CUST-0250,TEC-AC-1004,Technology,1,45.0,0.0,23.0,Central,Corporate,Credit Card
ORD-2024-13049,2023-12-08,CUST-0440,FUR-CH-2001,Furniture,2,324.0,0.1,44.0,North,Corporate,UPI
ORD-2024-13439,2023-12-08,CUST-0450,TEC-PR-1005,Technology,3,750.0,0.0,180.0,Central,Consumer,Credit Card
ORD-2024-13737,2023-12-08,CUST-0135,TEC-PR-1005,Technology,4,1000.0,0.0,240.0,West,Corporate,Debit Card
ORD-2024-14661,2023-12-08,CUST-0238,OFF-LA-3006,Office Supplies,1,15.0,0.0,8.0,Central,Corporate,Net Banking
ORD-2024-14747,2023-12-08,CUST-0587,FUR-BK-2003,Furniture,2,352.0,0.2,2.0,East,Consumer,Debit Card
ORD-2024-15403,2023-12-08,CUST-0155,FUR-BK-2003,Furniture,3,660.0,0.0,135.0,East,Corporate,Credit Card
ORD-2023-10728,2023-12-09,CUST-0418,OFF-PA-3001,Office Supplies,1,17.1,0.05,8.1,East,Consumer,UPI
ORD-2023-14014,2023-12-09,CUST-0101,FUR-SF-2005,Furniture,1,650.0,0.0,100.0,East,Consumer,UPI
ORD-2023-14404,2023-12-09,CUST-0158,FUR-DS-2004,Furniture,1,288.0,0.1,28.0,North,Small Business,Debit Card
ORD-2023-14474,2023-12-09,CUST-0634,TEC-HD-1006,Technology,1,110.0,0.0,40.0,East,Corporate,UPI
ORD-2023-15224,2023-12-09,CUST-0605,TEC-MN-1003,Technology,1,300.0,0.0,90.0,North,Consumer,UPI
ORD-2024-10499,2023-12-09,CUST-0002,FUR-CH-2001,Furniture,8,1152.0,0.2,32.0,North,Corporate,UPI
ORD-2024-11863,2023-12-09,CUST-0170,TEC-HD-1006,Technology,3,330.0,0.0,120.0,East,Small Business,Debit Card
ORD-2024-12921,2023-12-09,CUST-0476,OFF-AP-3004,Office Supplies,2,170.0,0.0,60.0,North,Small Business,Cash on Delivery
ORD-2024-13785,2023-12-09,CUST-0206,FUR-DS-2004,Furniture,2,448.0,0.3,-72.0,East,Small Business,UPI
ORD-2024-14709,2023-12-09,CUST-0274,OFF-ST-3003,Office Supplies,4,100.0,0.0,44.0,West,Consumer,Credit Card
ORD-2024-14821,2023-12-09,CUST-0431,FUR-BK-2003,Furniture,1,176.0,0.2,1.0,North,Consumer,UPI
ORD-2024-14961,2023-12-09,CUST-0020,FUR-SF-2005,Furniture,2,1300.0,0.0,200.0,North,Consumer,Debit Card
ORD-2024-15055,2023-12-09,CUST-0406,TEC-PH-1001,Technology,2,1445.0,0.15,245.0,North,Consumer,UPI
ORD-2023-10738,2023-12-10,CUST-0365,FUR-TB-2002,Furniture,1,360.0,0.2,-30.0,East,Corporate,Credit Card
ORD-2023-10842,2023-12-10,CUST-0137,TEC-PR-1005,Technology,1,237.5,0.05,47.5,North,Small Business,Debit Card
ORD-2023-13446,2023-12-10,CUST-0609,TEC-PH-1001,Technology,3,2295.0,0.1,495.0,East,Corporate,Credit Card
ORD-2023-13604,2023-12-10,CUST-0541,TEC-HD-1006,Technology,1,110.0,0.0,40.0,North,Consumer,UPI
ORD-2024-10197,2023-12-10,CUST-0328,OFF-EN-3005,Office Supplies,3,21.6,0.1,12.6,North,Corporate,UPI
ORD-2024-11745,2023-12-10,CUST-0341,FUR-DS-2004,Furniture,3,672.0,0.3,-108.0,South,Corporate,Credit Card
ORD-2024-11823,2023-12-10,CUST-0255,FUR-TB-2002,Furniture,1,450.0,0.0,60.0,West,Consumer,Credit Card
ORD-2024-12123,2023-12-10,CUST-0328,FUR-TB-2002,Furniture,4,1260.0,0.3,-300.0,North,Corporate,Net Banking
ORD-2024-13705,2023-12-10,CUST-0647,TEC-MN-1003,Technology,1,225.0,0.25,15.0,South,Consumer,Credit Card
ORD-2024-14507,2023-12-10,CUST-0112,TEC-PR-1005,Technology,3,675.0,0.1,105.0,North,Consumer,Credit Card
ORD-2024-15405,2023-12-10,CUST-0097,OFF-BI-3002,Office Supplies,3,32.4,0.1,17.4,East,Consumer,UPI
ORD-2023-11970,2023-12-11,CUST-0412,OFF-EN-3005,Office Supplies,1,8.0,0.0,5.0,North,Consumer,Credit Card
ORD-2023-13700,2023-12-11,CUST-0096,OFF-BI-3002,Office Supplies,2,16.8,0.3,6.8,South,Consumer,Debit Card
ORD-2023-15284,2023-12-11,CUST-0329,FUR-SF-2005,Furniture,3,975.0,0.5,-675.0,East,Corporate,Cash on Delivery
ORD-2024-10363,2023-12-11,CUST-0007,OFF-AP-3004,Office Supplies,2,119.0,0.3,9.0,South,Consumer,Credit Card
ORD-2024-13131,2023-12-11,CUST-0258,OFF-LA-3006,Office Supplies,1,15.0,0.0,8.0,North,Small Business,Debit Card
ORD-2024-14229,2023-12-11,CUST-0392,FUR-SF-2005,Furniture,2,1300.0,0.0,200.0,East,Consumer,Credit Card
ORD-2024-14361,2023-12-11,CUST-0533,TEC-MN-1003,Technology,2,510.0,0.15,90.0,East,Consumer,Credit Card
ORD-2024-14537,2023-12-11,CUST-0338,FUR-DS-2004,Furniture,5,960.0,0.4,-340.0,Central,Small Business,Debit Card
ORD-2024-14625,2023-12-11,CUST-0010,FUR-TB-2002,Furniture,3,1080.0,0.2,-90.0,North,Corporate,Credit Card
ORD-2024-14797,2023-12-11,CUST-0319,OFF-AP-3004,Office Supplies,2,170.0,0.0,60.0,South,Consumer,Credit Card
ORD-2024-15117,2023-12-11,CUST-0278,OFF-BI-3002,Office Supplies,2,21.6,0.1,11.6,North,Consumer,Debit Card
ORD-2023-10250,2023-12-12,CUST-0623,FUR-SF-2005,Furniture,1,455.0,0.3,-95.0,North,Consumer,UPI
ORD-2023-13366,2023-12-12,CUST-0173,TEC-PR-1005,Technology,1,250.0,0.0,60.0,West,Consumer,Cash on Delivery
ORD-2023-13836,2023-12-12,CUST-0429,OFF-BI-3002,Office Supplies,3,36.0,0.0,21.0,South,Consumer,Credit Card
ORD-2023-14520,2023-12-12,CUST-0288,OFF-LA-3006,Office Supplies,1,14.25,0.05,7.25,East,Consumer,Credit Card
ORD-2023-14782,2023-12-12,CUST-0338,TEC-LP-1002,Technology,4,4800.0,0.0,1200.0,Central,Small Business,Credit Card
ORD-2023-14900,2023-12-12,CUST-0609,FUR-SF-2005,Furniture,1,650.0,0.0,100.0,East,Corporate,Credit Card
ORD-2023-14930,2023-12-12,CUST-0542,TEC-AC-1004,Technology,2,81.0,0.1,37.0,North,Small Business,Debit Card
ORD-2023-15450,2023-12-12,CUST-0053,FUR-CH-2001,Furniture,5,900.0,0.0,200.0,West,Corporate,UPI
ORD-2024-10821,2023-12-12,CUST-0201,OFF-LA-3006,Office Supplies,1,15.0,0.0,8.0,East,Consumer,UPI
ORD-2024-11887,2023-12-12,CUST-0247,OFF-AP-3004,Office Supplies,1,85.0,0.0,30.0,South,Consumer,Credit Card
ORD-2024-12021,2023-12-12,CUST-0239,OFF-EN-3005,Office Supplies,3,22.8,0.05,13.8,Central,Consumer,UPI
ORD-2024-12697,2023-12-12,CUST-0304,FUR-DS-2004,Furniture,2,640.0,0.0,120.0,South,Consumer,Net Banking
ORD-2024-13011,2023-12-12,CUST-0274,OFF-EN-3005,Office Supplies,2,15.2,0.05,9.2,West,Consumer,Net Banking
ORD-2023-10846,2023-12-13,CUST-0060,TEC-PH-1001,Technology,3,2550.0,0.0,750.0,Central,Consumer,Credit Card
ORD-2023-11706,2023-12-13,CUST-0605,FUR-CH-2001,Furniture,2,360.0,0.0,80.0,North,Consumer,Debit Card
ORD-2023-13022,2023-12-13,CUST-0145,OFF-ST-3003,Office Supplies,1,20.0,0.2,6.0,North,Corporate,Net Banking
ORD-2023-14022,2023-12-13,CUST-0623,FUR-DS-2004,Furniture,3,864.0,0.1,84.0,North,Consumer,Credit Card
ORD-2023-15180,2023-12-13,CUST-0619,OFF-PA-3001,Office Supplies,2,28.8,0.2,10.8,Central,Small Business,Cash on Delivery
ORD-2024-10219,2023-12-13,CUST-0485,TEC-MN-1003,Technology,1,285.0,0.05,75.0,East,Small Business,Credit Card
ORD-2024-10221,2023-12-13,CUST-0501,OFF-BI-3002,Office Supplies,3,36.0,0.0,21.0,South,Corporate,Credit Card
ORD-2024-10695,2023-12-13,CUST-0053,TEC-PH-1001,Technology,1,637.5,0.25,37.5,West,Corporate,Credit Card
ORD-2024-11847,2023-12-13,CUST-0644,FUR-CH-2001,Furniture,2,252.0,0.3,-28.0,East,Consumer,Credit Card
ORD-2024-13187,2023-12-13,CUST-0322,FUR-SF-2005,Furniture,1,585.0,0.1,35.0,South,Consumer,Credit Card
ORD-2024-13605,2023-12-13,CUST-0375,OFF-AP-3004,Office Supplies,1,80.75,0.05,25.75,West,Small Business,UPI
ORD-2024-13935,2023-12-13,CUST-0058,FUR-TB-2002,Furniture,1,405.0,0.1,15.0,East,Consumer,Credit Card
ORD-2024-14089,2023-12-13,CUST-0126,TEC-HD-1006,Technology,1,110.0,0.0,40.0,West,Consumer,Credit Card
ORD-2024-15149,2023-12-13,CUST-0292,FUR-CH-2001,Furniture,1,90.0,0.5,-50.0,North,Consumer,Credit Card
ORD-2023-10220,2023-12-14,CUST-0507,TEC-PR-1005,Technology,1,225.0,0.1,35.0,Central,Consumer,Credit Card
ORD-2023-10826,2023-12-14,CUST-0623,OFF-LA-3006,Office Supplies,1,15.0,0.0,8.0,North,Consumer,Credit Card
ORD-2023-11590,2023-12-14,CUST-0545,TEC-HD-1006,Technology,2,220.0,0.0,80.0,South,Corporate,Credit Card
ORD-2023-11654,2023-12-14,CUST-0537,TEC-HD-1006,Technology,2,220.0,0.0,80.0,East,Consumer,Cash on Delivery
ORD-2023-12486,2023-12-14,CUST-0180,TEC-PR-1005,Technology,1,250.0,0.0,60.0,South,Consumer,Debit Card
ORD-2023-13682,2023-12-14,CUST-0328,OFF-BI-3002,Office Supplies,1,12.0,0.0,7.0,North,Corporate,Cash on Delivery
ORD-2023-14004,2023-12-14,CUST-0512,OFF-EN-3005,Office Supplies,1,8.0,0.0,5.0,East,Consumer,Debit Card
ORD-2023-14942,2023-12-14,CUST-0024,TEC-MN-1003,Technology,3,855.0,0.05,225.0,West,Small Business,Debit Card
ORD-2023-14962,2023-12-14,CUST-0255,OFF-BI-3002,Office Supplies,3,32.4,0.1,17.4,South,Consumer,Credit Card
ORD-2024-13269,2023-12-14,CUST-0032,OFF-EN-3005,Office Supplies,1,7.6,0.05,4.6,West,Corporate,UPI
ORD-2024-13283,2023-12-14,CUST-0589,OFF-PA-3001,Office Supplies,1,17.1,0.05,8.1,South,Consumer,Credit Card
ORD-2024-13783,2023-12-14,CUST-0242,TEC-LP-1002,Technology,8,8640.0,0.1,1440.0,East,Corporate,Credit Card
ORD-2024-13857,2023-12-14,CUST-0014,OFF-AP-3004,Office Supplies,1,85.0,0.0,30.0,East,Consumer,Debit Card
ORD-2024-13993,2023-12-14,CUST-0403,OFF-EN-3005,Office Supplies,1,8.0,0.0,5.0,South,Corporate,Net Banking
ORD-2024-14819,2023-12-14,CUST-0417,OFF-EN-3005,Office Supplies,4,25.6,0.2,13.6,East,Small Business,Credit Card
ORD-2024-14881,2023-12-14,CUST-0451,TEC-PR-1005,Technology,1,225.0,0.1,35.0,East,Small Business,UPI
ORD-2023-10138,2023-12-15,CUST-0003,FUR-DS-2004,Furniture,2,576.0,0.1,56.0,West,Consumer,Debit Card
ORD-2023-11228,2023-12-15,CUST-0418,FUR-CH-2001,Furniture,2,360.0,0.0,80.0,West,Consumer,Credit Card
ORD-2023-11294,2023-12-15,CUST-0141,OFF-ST-3003,Office Supplies,2,35.0,0.3,7.0,West,Corporate,Debit Card
ORD-2023-11714,2023-12-15,CUST-0328,OFF-PA-3001,Office Supplies,1,18.0,0.0,9.0,North,Corporate,Net Banking
ORD-2023-12112,2023-12-15,CUST-0425,FUR-TB-2002,Furniture,1,360.0,0.2,-30.0,North,Corporate,Net Banking
ORD-2023-13040,2023-12-15,CUST-0007,OFF-PA-3001,Office Supplies,1,17.1,0.05,8.1,South,Consumer,Debit Card
ORD-2023-13832,2023-12-15,CUST-0005,OFF-ST-3003,Office Supplies,3,75.0,0.0,33.0,East,Small Business,Net Banking
ORD-2023-14062,2023-12-15,CUST-0367,TEC-LP-1002,Technology,2,2160.0,0.1,360.0,South,Corporate,Credit Card
ORD-2023-14226,2023-12-15,CUST-0614,OFF-ST-3003,Office Supplies,2,50.0,0.0,22.0,South,Consumer,Credit Card
ORD-2024-10103,2023-12-15,CUST-0347,OFF-LA-3006,Office Supplies,2,28.5,0.05,14.5,South,Consumer,Credit Card
ORD-2024-10871,2023-12-15,CUST-0502,FUR-SF-2005,Furniture,3,1755.0,0.1,105.0,South,Consumer,Net Banking
ORD-2024-12261,2023-12-15,CUST-0519,OFF-ST-3003,Office Supplies,1,22.5,0.1,8.5,North,Consumer,Credit Card
ORD-2024-14913,2023-12-15,CUST-0609,FUR-DS-2004,Furniture,1,256.0,0.2,-4.0,East,Corporate,Debit Card
ORD-2024-14975,2023-12-15,CUST-0548,FUR-SF-2005,Furniture,1,390.0,0.4,-160.0,East,Small Business,Debit Card
ORD-2024-15325,2023-12-15,CUST-0223,FUR-SF-2005,Furniture,2,1040.0,0.2,-60.0,North,Consumer,Credit Card
ORD-2023-11178,2023-12-16,CUST-0186,OFF-ST-3003,Office Supplies,1,23.75,0.05,9.75,North,Consumer,UPI
ORD-2023-11196,2023-12-16,CUST-0069,TEC-PR-1005,Technology,1,250.0,0.0,60.0,North,Corporate,Net Banking
ORD-2023-11280,2023-12-16,CUST-0477,OFF-BI-3002,Office Supplies,3,25.2,0.3,10.2,West,Corporate,Credit Card
ORD-2023-11854,2023-12-16,CUST-0422,FUR-TB-2002,Furniture,5,1575.0,0.3,-375.0,North,Consumer,Cash on Delivery
ORD-2023-11954,2023-12-16,CUST-0289,TEC-AC-1004,Technology,1,45.0,0.0,23.0,East,Consumer,Credit Card
ORD-2023-12040,2023-12-16,CUST-0035,FUR-BK-2003,Furniture,1,198.0,0.1,23.0,East,Consumer,Debit Card
ORD-2023-13946,2023-12-16,CUST-0134,TEC-AC-1004,Technology,1,40.5,0.1,18.5,North,Corporate,Credit Card
ORD-2023-14552,2023-12-16,CUST-0430,OFF-PA-3001,Office Supplies,3,54.0,0.0,27.0,North,Consumer,Credit Card
ORD-2023-15408,2023-12-16,CUST-0356,OFF-EN-3005,Office Supplies,5,40.0,0.0,25.0,North,Corporate,Credit Card
ORD-2024-11143,2023-12-16,CUST-0621,TEC-PR-1005,Technology,2,500.0,0.0,120.0,East,Corporate,UPI
ORD-2024-11515,2023-12-16,CUST-0212,FUR-TB-2002,Furniture,1,405.0,0.1,15.0,North,Corporate,Cash on Delivery
ORD-2024-11795,2023-12-16,CUST-0609,TEC-LP-1002,Technology,5,5700.0,0.05,1200.0,East,Corporate,Credit Card
ORD-2024-12167,2023-12-16,CUST-0142,OFF-AP-3004,Office Supplies,1,76.5,0.1,21.5,North,Consumer,UPI
ORD-2024-15461,2023-12-16,CUST-0010,OFF-EN-3005,Office Supplies,3,22.8,0.05,13.8,North,Corporate,Credit Card
ORD-2023-10572,2023-12-17,CUST-0189,OFF-BI-3002,Office Supplies,1,11.4,0.05,6.4,East,Consumer,Debit Card
ORD-2023-10590,2023-12-17,CUST-0155,OFF-EN-3005,Office Supplies,1,7.6,0.05,4.6,East,Corporate,Credit Card
ORD-2023-10772,2023-12-17,CUST-0360,OFF-EN-3005,Office Supplies,1,7.6,0.05,4.6,North,Corporate,Debit Card
ORD-2023-11932,2023-12-17,CUST-0629,FUR-BK-2003,Furniture,1,176.0,0.2,1.0,South,Consumer,UPI
ORD-2023-12236,2023-12-17,CUST-0500,FUR-BK-2003,Furniture,2,352.0,0.2,2.0,South,Consumer,Credit Card
ORD-2023-12536,2023-12-17,CUST-0440,TEC-MN-1003,Technology,3,900.0,0.0,270.0,North,Corporate,Debit Card
ORD-2023-13112,2023-12-17,CUST-0042,FUR-TB-2002,Furniture,1,270.0,0.4,-120.0,North,Consumer,Credit Card
ORD-2023-14078,2023-12-17,CUST-0314,OFF-PA-3001,Office Supplies,1,14.4,0.2,5.4,North,Corporate,Credit Card
ORD-2023-14272,2023-12-17,CUST-0372,OFF-BI-3002,Office Supplies,1,9.6,0.2,4.6,East,Corporate,Credit Card
ORD-2023-14588,2023-12-17,CUST-0445,FUR-CH-2001,Furniture,5,900.0,0.0,200.0,North,Consumer,Net Banking
ORD-2023-14616,2023-12-17,CUST-0221,TEC-AC-1004,Technology,1,45.0,0.0,23.0,Central,Consumer,Net Banking
ORD-2024-11659,2023-12-17,CUST-0075,TEC-LP-1002,Technology,2,2400.0,0.0,600.0,South,Consumer,Debit Card
ORD-2024-11891,2023-12-17,CUST-0232,TEC-AC-1004,Technology,4,171.0,0.05,83.0,North,Consumer,Credit Card
ORD-2024-12523,2023-12-17,CUST-0100,OFF-AP-3004,Office Supplies,2,153.0,0.1,43.0,East,Consumer,Debit Card
ORD-2024-14043,2023-12-17,CUST-0404,TEC-AC-1004,Technology,2,90.0,0.0,46.0,South,Small Business,Credit Card
ORD-2024-15193,2023-12-17,CUST-0509,TEC-PH-1001,Technology,3,2167.5,0.15,367.5,North,Consumer,Net Banking
ORD-2023-10508,2023-12-18,CUST-0217,TEC-MN-1003,Technology,3,855.0,0.05,225.0,East,Corporate,UPI
ORD-2023-10806,2023-12-18,CUST-0332,FUR-SF-2005,Furniture,2,1300.0,0.0,200.0,South,Corporate,Debit Card
ORD-2023-11904,2023-12-18,CUST-0328,OFF-EN-3005,Office Supplies,2,16.0,0.0,10.0,North,Corporate,UPI
ORD-2023-13772,2023-12-18,CUST-0326,TEC-PR-1005,Technology,3,712.5,0.05,142.5,North,Consumer,Cash on Delivery
ORD-2024-10001,2023-12-18,CUST-0566,TEC-MN-1003,Technology,1,300.0,0.0,90.0,North,Consumer,UPI
ORD-2024-10647,2023-12-18,CUST-0525,TEC-PR-1005,Technology,2,500.0,0.0,120.0,West,Corporate,UPI
ORD-2024-11693,2023-12-18,CUST-0582,TEC-PH-1001,Technology,1,637.5,0.25,37.5,South,Consumer,Debit Card
ORD-2024-12027,2023-12-18,CUST-0138,OFF-LA-3006,Office Supplies,2,27.0,0.1,13.0,Central,Small Business,Credit Card
ORD-2024-12259,2023-12-18,CUST-0325,OFF-EN-3005,Office Supplies,4,28.8,0.1,16.8,North,Corporate,Debit Card
ORD-2023-10104,2023-12-19,CUST-0309,OFF-AP-3004,Office Supplies,2,153.0,0.1,43.0,North,Consumer,UPI
ORD-2023-10420,2023-12-19,CUST-0153,TEC-HD-1006,Technology,3,330.0,0.0,120.0,South,Consumer,UPI
ORD-2023-10898,2023-12-19,CUST-0587,TEC-PR-1005,Technology,1,212.5,0.15,22.5,West,Consumer,Credit Card
ORD-2023-12560,2023-12-19,CUST-0552,FUR-CH-2001,Furniture,4,720.0,0.0,160.0,North,Consumer,Debit Card
ORD-2023-12564,2023-12-19,CUST-0105,OFF-ST-3003,Office Supplies,1,23.75,0.05,9.75,Central,Consumer,Debit Card
ORD-2023-12936,2023-12-19,CUST-0127,FUR-DS-2004,Furniture,2,640.0,0.0,120.0,South,Corporate,UPI
ORD-2023-13258,2023-12-19,CUST-0535,FUR-BK-2003,Furniture,4,704.0,0.2,4.0,South,Consumer,Debit Card
ORD-2023-13894,2023-12-19,CUST-0552,TEC-PH-1001,Technology,10,8500.0,0.0,2500.0,North,Consumer,Credit Card
ORD-2023-13928,2023-12-19,CUST-0133,TEC-MN-1003,Technology,1,225.0,0.25,15.0,South,Small Business,UPI
ORD-2023-13968,2023-12-19,CUST-0650,TEC-PH-1001,Technology,2,1275.0,0.25,75.0,South,Consumer,Credit Card
ORD-2023-14172,2023-12-19,CUST-0479,OFF-EN-3005,Office Supplies,1,5.6,0.3,2.6,North,Consumer,Credit Card
ORD-2024-10125,2023-12-19,CUST-0420,OFF-ST-3003,Office Supplies,2,50.0,0.0,22.0,South,Consumer,UPI
ORD-2024-10667,2023-12-19,CUST-0270,FUR-CH-2001,Furniture,1,162.0,0.1,22.0,South,Small Business,Credit Card
ORD-2024-10745,2023-12-19,CUST-0473,FUR-DS-2004,Furniture,2,576.0,0.1,56.0,West,Consumer,Credit Card
ORD-2024-11165,2023-12-19,CUST-0564,OFF-AP-3004,Office Supplies,1,59.5,0.3,4.5,East,Corporate,Credit Card
ORD-2024-11321,2023-12-19,CUST-0328,FUR-CH-2001,Furniture,1,108.0,0.4,-32.0,North,Corporate,UPI
ORD-2024-11525,2023-12-19,CUST-0274,FUR-BK-2003,Furniture,3,660.0,0.0,135.0,West,Consumer,Credit Card
ORD-2024-11535,2023-12-19,CUST-0112,TEC-AC-1004,Technology,2,90.0,0.0,46.0,North,Consumer,UPI
ORD-2024-12217,2023-12-19,CUST-0116,FUR-SF-2005,Furniture,2,1040.0,0.2,-60.0,East,Corporate,Debit Card
ORD-2024-12285,2023-12-19,CUST-0071,FUR-TB-2002,Furniture,2,450.0,0.5,-330.0,East,Corporate,UPI
ORD-2024-12567,2023-12-19,CUST-0150,OFF-EN-3005,Office Supplies,2,16.0,0.0,10.0,South,Corporate,Credit Card
ORD-2024-12573,2023-12-19,CUST-0060,FUR-SF-2005,Furniture,1,585.0,0.1,35.0,Central,Consumer,UPI
ORD-2024-13177,2023-12-19,CUST-0350,OFF-ST-3003,Office Supplies,1,22.5,0.1,8.5,West,Consumer,UPI
ORD-2024-13317,2023-12-19,CUST-0197,TEC-AC-1004,Technology,2,90.0,0.0,46.0,North,Consumer,Credit Card
ORD-2024-13433,2023-12-19,CUST-0464,FUR-SF-2005,Furniture,1,650.0,0.0,100.0,South,Consumer,Credit Card
ORD-2024-13589,2023-12-19,CUST-0086,OFF-AP-3004,Office Supplies,1,85.0,0.0,30.0,Central,Corporate,Credit Card
ORD-2024-13913,2023-12-19,CUST-0593,FUR-DS-2004,Furniture,2,320.0,0.5,-200.0,South,Corporate,Credit Card
ORD-2024-14157,2023-12-19,CUST-0119,TEC-AC-1004,Technology,5,225.0,0.0,115.0,East,Consumer,Cash on Delivery
ORD-2024-14687,2023-12-19,CUST-0471,FUR-TB-2002,Furniture,2,810.0,0.1,30.0,North,Consumer,Credit Card
ORD-2024-15231,2023-12-19,CUST-0505,OFF-ST-3003,Office Supplies,1,23.75,0.05,9.75,North,Small Business,Credit Card
ORD-2024-15299,2023-12-19,CUST-0375,FUR-BK-2003,Furniture,10,1980.0,0.1,230.0,West,Small Business,Debit Card
ORD-2023-10140,2023-12-20,CUST-0355,FUR-SF-2005,Furniture,2,1170.0,0.1,70.0,South,Corporate,UPI
ORD-2023-11014,2023-12-20,CUST-0483,OFF-AP-3004,Office Supplies,3,178.5,0.3,13.5,West,Corporate,Debit Card
ORD-2023-11138,2023-12-20,CUST-0627,FUR-DS-2004,Furniture,1,256.0,0.2,-4.0,East,Consumer,UPI
ORD-2023-11824,2023-12-20,CUST-0252,OFF-ST-3003,Office Supplies,3,75.0,0.0,33.0,North,Consumer,UPI
ORD-2023-13436,2023-12-20,CUST-0269,TEC-HD-1006,Technology,2,220.0,0.0,80.0,West,Consumer,Debit Card
ORD-2023-13960,2023-12-20,CUST-0446,OFF-PA-3001,Office Supplies,1,18.0,0.0,9.0,South,Corporate,Debit Card
ORD-2024-10061,2023-12-20,CUST-0440,OFF-BI-3002,Office Supplies,1,12.0,0.0,7.0,North,Corporate,Debit Card
ORD-2024-10207,2023-12-20,CUST-0101,FUR-CH-2001,Furniture,3,324.0,0.4,-96.0,East,Consumer,Debit Card
ORD-2024-10403,2023-12-20,CUST-0280,TEC-MN-1003,Technology,5,1500.0,0.0,450.0,East,Consumer,UPI
ORD-2024-11959,2023-12-20,CUST-0125,TEC-HD-1006,Technology,2,187.0,0.15,47.0,East,Consumer,Cash on Delivery
ORD-2024-13271,2023-12-20,CUST-0151,FUR-CH-2001,Furniture,2,360.0,0.0,80.0,East,Corporate,Debit Card
ORD-2024-13713,2023-12-20,CUST-0387,OFF-PA-3001,Office Supplies,1,12.6,0.3,3.6,North,Small Business,UPI
ORD-2024-14311,2023-12-20,CUST-0642,OFF-PA-3001,Office Supplies,3,54.0,0.0,27.0,West,Consumer,Debit Card
ORD-2023-10762,2023-12-21,CUST-0634,TEC-LP-1002,Technology,4,4800.0,0.0,1200.0,East,Corporate,Credit Card
ORD-2023-11000,2023-12-21,CUST-0219,FUR-DS-2004,Furniture,3,672.0,0.3,-108.0,North,Consumer,Net Banking
ORD-2023-11114,2023-12-21,CUST-0180,OFF-AP-3004,Office Supplies,3,255.0,0.0,90.0,South,Consumer,Credit Card
ORD-2023-13008,2023-12-21,CUST-0544,TEC-HD-1006,Technology,5,550.0,0.0,200.0,West,Consumer,UPI
ORD-2023-13320,2023-12-21,CUST-0274,TEC-LP-1002,Technology,2,2400.0,0.0,600.0,West,Consumer,Credit Card
ORD-2023-13438,2023-12-21,CUST-0125,OFF-AP-3004,Office Supplies,1,76.5,0.1,21.5,North,Consumer,Credit Card
ORD-2023-15404,2023-12-21,CUST-0352,OFF-PA-3001,Office Supplies,3,51.3,0.05,24.3,Central,Corporate,UPI
ORD-2024-10149,2023-12-21,CUST-0326,OFF-LA-3006,Office Supplies,4,60.0,0.0,32.0,East,Consumer,Credit Card
ORD-2024-11277,2023-12-21,CUST-0395,FUR-CH-2001,Furniture,3,486.0,0.1,66.0,West,Corporate,UPI
ORD-2024-12367,2023-12-21,CUST-0414,OFF-LA-3006,Office Supplies,5,71.25,0.05,36.25,North,Consumer,UPI
ORD-2024-12515,2023-12-21,CUST-0317,TEC-HD-1006,Technology,1,110.0,0.0,40.0,East,Small Business,UPI
ORD-2024-12789,2023-12-21,CUST-0359,TEC-HD-1006,Technology,3,313.5,0.05,103.5,South,Small Business,Debit Card
ORD-2024-12869,2023-12-21,CUST-0058,OFF-PA-3001,Office Supplies,3,51.3,0.05,24.3,East,Consumer,Credit Card
ORD-2024-15257,2023-12-21,CUST-0332,OFF-LA-3006,Office Supplies,1,14.25,0.05,7.25,South,Corporate,Net Banking
ORD-2024-15451,2023-12-21,CUST-0531,OFF-EN-3005,Office Supplies,2,16.0,0.0,10.0,Central,Corporate,Credit Card
ORD-2023-10548,2023-12-22,CUST-0647,OFF-ST-3003,Office Supplies,1,23.75,0.05,9.75,East,Consumer,Debit Card
ORD-2023-10904,2023-12-22,CUST-0580,TEC-HD-1006,Technology,3,313.5,0.05,103.5,Central,Consumer,UPI
ORD-2023-11076,2023-12-22,CUST-0283,FUR-DS-2004,Furniture,3,576.0,0.4,-204.0,Central,Consumer,Credit Card
ORD-2023-11592,2023-12-22,CUST-0525,OFF-LA-3006,Office Supplies,2,28.5,0.05,14.5,West,Corporate,Credit Card
ORD-2023-11608,2023-12-22,CUST-0188,TEC-AC-1004,Technology,4,171.0,0.05,83.0,North,Consumer,Credit Card
ORD-2023-12352,2023-12-22,CUST-0033,TEC-AC-1004,Technology,2,85.5,0.05,41.5,Central,Corporate,Credit Card
ORD-2023-12412,2023-12-22,CUST-0613,TEC-MN-1003,Technology,2,540.0,0.1,120.0,South,Consumer,UPI
ORD-2023-12580,2023-12-22,CUST-0613,OFF-EN-3005,Office Supplies,1,8.0,0.0,5.0,South,Consumer,Net Banking
ORD-2023-12898,2023-12-22,CUST-0565,FUR-SF-2005,Furniture,4,2080.0,0.2,-120.0,North,Consumer,Cash on Delivery
ORD-2023-12978,2023-12-22,CUST-0212,OFF-AP-3004,Office Supplies,1,85.0,0.0,30.0,North,Corporate,UPI
ORD-2023-14024,2023-12-22,CUST-0573,TEC-PH-1001,Technology,1,765.0,0.1,165.0,East,Consumer,Credit Card
ORD-2023-14324,2023-12-22,CUST-0530,FUR-TB-2002,Furniture,2,630.0,0.3,-150.0,South,Consumer,Net Banking
ORD-2023-14444,2023-12-22,CUST-0215,FUR-BK-2003,Furniture,5,660.0,0.4,-215.0,South,Consumer,Net Banking
ORD-2023-14976,2023-12-22,CUST-0239,OFF-BI-3002,Office Supplies,2,24.0,0.0,14.0,Central,Consumer,Debit Card
ORD-2023-15024,2023-12-22,CUST-0054,FUR-DS-2004,Furniture,3,864.0,0.1,84.0,South,Corporate,Credit Card
ORD-2024-10395,2023-12-22,CUST-0380,TEC-PR-1005,Technology,5,1187.5,0.05,237.5,East,Consumer,Credit Card
ORD-2024-10743,2023-12-22,CUST-0069,OFF-PA-3001,Office Supplies,2,32.4,0.1,14.4,North,Corporate,Credit Card
ORD-2024-11311,2023-12-22,CUST-0281,TEC-HD-1006,Technology,1,104.5,0.05,34.5,East,Consumer,Credit Card
ORD-2024-11831,2023-12-22,CUST-0304,TEC-AC-1004,Technology,2,90.0,0.0,46.0,East,Consumer,Credit Card
ORD-2024-12671,2023-12-22,CUST-0019,FUR-BK-2003,Furniture,2,352.0,0.2,2.0,Central,Corporate,Debit Card
ORD-2024-13235,2023-12-22,CUST-0271,OFF-BI-3002,Office Supplies,1,12.0,0.0,7.0,West,Small Business,Net Banking
ORD-2024-15141,2023-12-22,CUST-0609,OFF-LA-3006,Office Supplies,1,15.0,0.0,8.0,East,Corporate,Credit Card
ORD-2024-15205,2023-12-22,CUST-0426,FUR-DS-2004,Furniture,2,640.0,0.0,120.0,Central,Consumer,UPI
ORD-2023-10484,2023-12-23,CUST-0617,FUR-BK-2003,Furniture,2,440.0,0.0,90.0,East,Small Business,Credit Card
ORD-2023-10794,2023-12-23,CUST-0111,TEC-PH-1001,Technology,3,2550.0,0.0,750.0,South,Consumer,Credit Card
ORD-2023-11428,2023-12-23,CUST-0389,FUR-TB-2002,Furniture,4,1440.0,0.2,-120.0,West,Consumer,Credit Card
ORD-2023-12034,2023-12-23,CUST-0227,TEC-HD-1006,Technology,1,110.0,0.0,40.0,West,Small Business,Credit Card
ORD-2023-14056,2023-12-23,CUST-0324,TEC-MN-1003,Technology,1,300.0,0.0,90.0,East,Consumer,Credit Card
ORD-2023-14162,2023-12-23,CUST-0503,OFF-LA-3006,Office Supplies,4,48.0,0.2,20.0,East,Corporate,Credit Card
ORD-2023-15302,2023-12-23,CUST-0023,FUR-CH-2001,Furniture,2,360.0,0.0,80.0,West,Consumer,Cash on Delivery
ORD-2024-10413,2023-12-23,CUST-0165,TEC-MN-1003,Technology,1,300.0,0.0,90.0,East,Consumer,UPI
ORD-2024-11355,2023-12-23,CUST-0347,OFF-BI-3002,Office Supplies,8,91.2,0.05,51.2,South,Consumer,Debit Card
ORD-2024-11781,2023-12-23,CUST-0117,TEC-MN-1003,Technology,3,900.0,0.0,270.0,East,Consumer,Credit Card
ORD-2024-12095,2023-12-23,CUST-0044,OFF-EN-3005,Office Supplies,3,22.8,0.05,13.8,South,Corporate,Credit Card
ORD-2024-12215,2023-12-23,CUST-0125,FUR-BK-2003,Furniture,1,132.0,0.4,-43.0,East,Consumer,UPI
ORD-2024-12865,2023-12-23,CUST-0451,TEC-HD-1006,Technology,3,297.0,0.1,87.0,Central,Small Business,Net Banking
ORD-2024-13431,2023-12-23,CUST-0127,TEC-HD-1006,Technology,1,110.0,0.0,40.0,South,Corporate,Net Banking
ORD-2024-13507,2023-12-23,CUST-0108,TEC-PR-1005,Technology,2,475.0,0.05,95.0,East,Corporate,UPI
ORD-2024-14491,2023-12-23,CUST-0493,FUR-DS-2004,Furniture,1,256.0,0.2,-4.0,West,Corporate,Credit Card
ORD-2024-15067,2023-12-23,CUST-0150,OFF-BI-3002,Office Supplies,1,12.0,0.0,7.0,South,Corporate,Debit Card
ORD-2023-10208,2023-12-24,CUST-0555,TEC-AC-1004,Technology,4,180.0,0.0,92.0,South,Small Business,Debit Card
ORD-2023-10862,2023-12-24,CUST-0454,TEC-PR-1005,Technology,1,237.5,0.05,47.5,Central,Corporate,UPI
ORD-2023-11586,2023-12-24,CUST-0355,TEC-LP-1002,Technology,3,3060.0,0.15,360.0,South,Corporate,Debit Card
ORD-2023-12764,2023-12-24,CUST-0150,FUR-TB-2002,Furniture,1,360.0,0.2,-30.0,North,Corporate,Credit Card
ORD-2023-13450,2023-12-24,CUST-0435,TEC-PR-1005,Technology,2,500.0,0.0,120.0,West,Consumer,Debit Card
ORD-2023-14242,2023-12-24,CUST-0123,OFF-BI-3002,Office Supplies,3,36.0,0.0,21.0,Central,Small Business,Credit Card
ORD-2023-14468,2023-12-24,CUST-0326,TEC-HD-1006,Technology,2,209.0,0.05,69.0,East,Consumer,Net Banking
ORD-2023-14824,2023-12-24,CUST-0197,OFF-PA-3001,Office Supplies,1,17.1,0.05,8.1,North,Consumer,Credit Card
ORD-2024-11283,2023-12-24,CUST-0118,FUR-DS-2004,Furniture,1,160.0,0.5,-100.0,East,Small Business,Cash on Delivery
ORD-2024-11433,2023-12-24,CUST-0475,TEC-AC-1004,Technology,1,40.5,0.1,18.5,North,Consumer,UPI
ORD-2024-12593,2023-12-24,CUST-0356,TEC-HD-1006,Technology,3,330.0,0.0,120.0,Central,Corporate,Credit Card
ORD-2024-14555,2023-12-24,CUST-0531,FUR-BK-2003,Furniture,1,198.0,0.1,23.0,Central,Corporate,Net Banking
ORD-2023-11194,2023-12-25,CUST-0551,OFF-BI-3002,Office Supplies,1,11.4,0.05,6.4,South,Consumer,Credit Card
ORD-2023-11516,2023-12-25,CUST-0118,OFF-PA-3001,Office Supplies,1,18.0,0.0,9.0,North,Small Business,Credit Card
ORD-2023-12340,2023-12-25,CUST-0203,OFF-PA-3001,Office Supplies,3,51.3,0.05,24.3,South,Consumer,Credit Card
ORD-2023-12660,2023-12-25,CUST-0574,FUR-BK-2003,Furniture,10,1540.0,0.3,-210.0,Central,Consumer,Net Banking
ORD-2023-13178,2023-12-25,CUST-0309,FUR-DS-2004,Furniture,1,256.0,0.2,-4.0,North,Consumer,Debit Card
ORD-2023-13472,2023-12-25,CUST-0019,OFF-AP-3004,Office Supplies,1,80.75,0.05,25.75,South,Corporate,Credit Card
ORD-2023-15182,2023-12-25,CUST-0363,OFF-EN-3005,Office Supplies,1,8.0,0.0,5.0,North,Corporate,Debit Card
ORD-2023-15454,2023-12-25,CUST-0222,FUR-SF-2005,Furniture,1,585.0,0.1,35.0,North,Consumer,Net Banking
ORD-2024-10057,2023-12-25,CUST-0219,FUR-CH-2001,Furniture,1,108.0,0.4,-32.0,North,Consumer,UPI
ORD-2024-10263,2023-12-25,CUST-0543,TEC-MN-1003,Technology,10,2850.0,0.05,750.0,East,Consumer,Cash on Delivery
ORD-2024-10645,2023-12-25,CUST-0099,FUR-DS-2004,Furniture,5,1440.0,0.1,140.0,East,Consumer,Net Banking
ORD-2024-10973,2023-12-25,CUST-0605,FUR-DS-2004,Furniture,1,320.0,0.0,60.0,North,Consumer,UPI
ORD-2024-12347,2023-12-25,CUST-0501,FUR-DS-2004,Furniture,3,768.0,0.2,-12.0,North,Corporate,Credit Card
ORD-2024-12647,2023-12-25,CUST-0124,FUR-TB-2002,Furniture,1,405.0,0.1,15.0,East,Consumer,UPI
ORD-2024-13779,2023-12-25,CUST-0370,FUR-DS-2004,Furniture,2,320.0,0.5,-200.0,West,Corporate,Net Banking
ORD-2024-14101,2023-12-25,CUST-0314,OFF-EN-3005,Office Supplies,1,6.4,0.2,3.4,West,Corporate,Debit Card
ORD-2024-14227,2023-12-25,CUST-0060,FUR-CH-2001,Furniture,2,360.0,0.0,80.0,Central,Consumer,Net Banking
ORD-2024-14711,2023-12-25,CUST-0172,TEC-PH-1001,Technology,2,1700.0,0.0,500.0,North,Small Business,Credit Card
ORD-2024-15471,2023-12-25,CUST-0051,OFF-EN-3005,Office Supplies,1,7.6,0.05,4.6,North,Small Business,Credit Card
ORD-2023-12798,2023-12-26,CUST-0337,TEC-PH-1001,Technology,2,1700.0,0.0,500.0,East,Consumer,UPI
ORD-2023-13804,2023-12-26,CUST-0179,TEC-PR-1005,Technology,1,250.0,0.0,60.0,Central,Corporate,Debit Card
ORD-2023-13830,2023-12-26,CUST-0077,OFF-LA-3006,Office Supplies,3,36.0,0.2,15.0,East,Small Business,Debit Card
ORD-2023-15052,2023-12-26,CUST-0443,TEC-HD-1006,Technology,1,110.0,0.0,40.0,West,Consumer,UPI
ORD-2024-10175,2023-12-26,CUST-0575,TEC-PR-1005,Technology,4,900.0,0.1,140.0,North,Consumer,Debit Card
ORD-2024-10275,2023-12-26,CUST-0498,FUR-BK-2003,Furniture,3,528.0,0.2,3.0,North,Consumer,Debit Card
ORD-2024-10853,2023-12-26,CUST-0502,FUR-CH-2001,Furniture,3,540.0,0.0,120.0,South,Consumer,UPI
ORD-2024-12663,2023-12-26,CUST-0111,TEC-HD-1006,Technology,2,209.0,0.05,69.0,West,Consumer,Net Banking
ORD-2024-15241,2023-12-26,CUST-0235,TEC-PH-1001,Technology,1,765.0,0.1,165.0,North,Consumer,UPI
ORD-2024-15333,2023-12-26,CUST-0104,FUR-SF-2005,Furniture,1,520.0,0.2,-30.0,South,Consumer,Debit Card
ORD-2023-10046,2023-12-27,CUST-0100,TEC-PR-1005,Technology,2,500.0,0.0,120.0,East,Consumer,UPI
ORD-2023-10784,2023-12-27,CUST-0303,OFF-ST-3003,Office Supplies,2,50.0,0.0,22.0,West,Corporate,Cash on Delivery
ORD-2023-10986,2023-12-27,CUST-0452,TEC-LP-1002,Technology,1,900.0,0.25,0.0,East,Corporate,Credit Card
ORD-2023-12054,2023-12-27,CUST-0332,FUR-SF-2005,Furniture,3,1560.0,0.2,-90.0,South,Corporate,Credit Card
ORD-2023-13364,2023-12-27,CUST-0004,FUR-DS-2004,Furniture,1,256.0,0.2,-4.0,North,Corporate,Credit Card
ORD-2023-14128,2023-12-27,CUST-0117,TEC-MN-1003,Technology,1,300.0,0.0,90.0,East,Consumer,Credit Card
ORD-2023-14360,2023-12-27,CUST-0625,TEC-PR-1005,Technology,2,475.0,0.05,95.0,West,Corporate,Credit Card
ORD-2024-10673,2023-12-27,CUST-0055,FUR-BK-2003,Furniture,1,220.0,0.0,45.0,East,Corporate,UPI
ORD-2024-12057,2023-12-27,CUST-0219,FUR-DS-2004,Furniture,1,256.0,0.2,-4.0,North,Consumer,Credit Card
ORD-2024-12349,2023-12-27,CUST-0367,TEC-AC-1004,Technology,1,42.75,0.05,20.75,South,Corporate,Credit Card
ORD-2024-13983,2023-12-27,CUST-0093,OFF-LA-3006,Office Supplies,2,30.0,0.0,16.0,East,Corporate,Cash on Delivery
ORD-2024-14679,2023-12-27,CUST-0153,OFF-ST-3003,Office Supplies,2,50.0,0.0,22.0,South,Consumer,Cash on Delivery
ORD-2024-14855,2023-12-27,CUST-0416,TEC-PR-1005,Technology,2,475.0,0.05,95.0,South,Corporate,Net Banking
ORD-2024-14861,2023-12-27,CUST-0093,TEC-MN-1003,Technology,3,855.0,0.05,225.0,East,Corporate,Credit Card
ORD-2024-15219,2023-12-27,CUST-0535,TEC-PH-1001,Technology,1,850.0,0.0,250.0,South,Consumer,Credit Card
ORD-2023-10606,2023-12-28,CUST-0543,OFF-ST-3003,Office Supplies,1,23.75,0.05,9.75,East,Consumer,Debit Card
ORD-2023-10994,2023-12-28,CUST-0066,FUR-BK-2003,Furniture,4,792.0,0.1,92.0,West,Consumer,Credit Card
ORD-2023-11558,2023-12-28,CUST-0085,FUR-SF-2005,Furniture,1,520.0,0.2,-30.0,West,Small Business,Debit Card
ORD-2023-11640,2023-12-28,CUST-0571,FUR-SF-2005,Furniture,1,520.0,0.2,-30.0,North,Consumer,Cash on Delivery
ORD-2023-11940,2023-12-28,CUST-0063,FUR-DS-2004,Furniture,1,320.0,0.0,60.0,East,Corporate,UPI
ORD-2023-12126,2023-12-28,CUST-0271,TEC-LP-1002,Technology,3,3600.0,0.0,900.0,West,Small Business,Net Banking
ORD-2023-12432,2023-12-28,CUST-0339,TEC-AC-1004,Technology,3,128.25,0.05,62.25,Central,Corporate,Net Banking
ORD-2023-13198,2023-12-28,CUST-0458,FUR-DS-2004,Furniture,1,224.0,0.3,-36.0,West,Consumer,Debit Card
ORD-2023-14902,2023-12-28,CUST-0241,OFF-PA-3001,Office Supplies,5,72.0,0.2,27.0,North,Small Business,Debit Card
ORD-2023-15252,2023-12-28,CUST-0058,FUR-CH-2001,Furniture,3,486.0,0.1,66.0,West,Consumer,Cash on Delivery
ORD-2024-10241,2023-12-28,CUST-0603,FUR-TB-2002,Furniture,2,810.0,0.1,30.0,North,Corporate,UPI
ORD-2024-10545,2023-12-28,CUST-0084,OFF-BI-3002,Office Supplies,1,9.6,0.2,4.6,South,Small Business,Debit Card
ORD-2024-12341,2023-12-28,CUST-0270,OFF-EN-3005,Office Supplies,1,7.6,0.05,4.6,South,Small Business,Credit Card
ORD-2024-12919,2023-12-28,CUST-0328,TEC-PR-1005,Technology,1,237.5,0.05,47.5,North,Corporate,UPI
ORD-2024-13323,2023-12-28,CUST-0598,OFF-PA-3001,Office Supplies,4,50.4,0.3,14.4,East,Corporate,Credit Card
ORD-2024-15251,2023-12-28,CUST-0166,TEC-AC-1004,Technology,3,135.0,0.0,69.0,East,Consumer,Debit Card
ORD-2024-15313,2023-12-28,CUST-0220,FUR-BK-2003,Furniture,1,176.0,0.2,1.0,East,Consumer,UPI
ORD-2024-15475,2023-12-28,CUST-0328,FUR-SF-2005,Furniture,2,780.0,0.4,-320.0,North,Corporate,Credit Card
ORD-2023-10030,2023-12-29,CUST-0054,TEC-AC-1004,Technology,1,45.0,0.0,23.0,South,Corporate,Credit Card
ORD-2023-10144,2023-12-29,CUST-0380,TEC-MN-1003,Technology,3,810.0,0.1,180.0,South,Consumer,Net Banking
ORD-2023-11318,2023-12-29,CUST-0446,TEC-MN-1003,Technology,2,600.0,0.0,180.0,North,Corporate,Credit Card
ORD-2023-11430,2023-12-29,CUST-0642,TEC-PH-1001,Technology,2,1445.0,0.15,245.0,West,Consumer,Net Banking
ORD-2023-11762,2023-12-29,CUST-0300,OFF-ST-3003,Office Supplies,2,50.0,0.0,22.0,North,Small Business,Debit Card
ORD-2023-11776,2023-12-29,CUST-0213,FUR-SF-2005,Furniture,4,2340.0,0.1,140.0,North,Corporate,Credit Card
ORD-2023-11964,2023-12-29,CUST-0338,TEC-PH-1001,Technology,4,3230.0,0.05,830.0,Central,Small Business,Debit Card
ORD-2023-12784,2023-12-29,CUST-0188,OFF-ST-3003,Office Supplies,4,80.0,0.2,24.0,North,Consumer,UPI
ORD-2023-13238,2023-12-29,CUST-0060,FUR-BK-2003,Furniture,10,1760.0,0.2,10.0,Central,Consumer,UPI
ORD-2023-13702,2023-12-29,CUST-0531,OFF-LA-3006,Office Supplies,2,30.0,0.0,16.0,Central,Corporate,UPI
ORD-2023-13706,2023-12-29,CUST-0122,FUR-BK-2003,Furniture,2,352.0,0.2,2.0,Central,Corporate,Debit Card
ORD-2023-14478,2023-12-29,CUST-0633,FUR-SF-2005,Furniture,1,650.0,0.0,100.0,North,Corporate,Net Banking
ORD-2023-14580,2023-12-29,CUST-0440,OFF-BI-3002,Office Supplies,1,12.0,0.0,7.0,North,Corporate,Net Banking
ORD-2023-14916,2023-12-29,CUST-0422,TEC-PH-1001,Technology,2,1615.0,0.05,415.0,North,Consumer,Debit Card
ORD-2024-12339,2023-12-29,CUST-0376,OFF-LA-3006,Office Supplies,2,28.5,0.05,14.5,North,Corporate,UPI
ORD-2024-14003,2023-12-29,CUST-0119,FUR-BK-2003,Furniture,1,198.0,0.1,23.0,East,Consumer,UPI
ORD-2024-14159,2023-12-29,CUST-0514,TEC-AC-1004,Technology,1,40.5,0.1,18.5,West,Corporate,UPI
ORD-2024-14723,2023-12-29,CUST-0234,OFF-ST-3003,Office Supplies,5,125.0,0.0,55.0,East,Consumer,Credit Card
ORD-2024-14989,2023-12-29,CUST-0346,OFF-AP-3004,Office Supplies,1,80.75,0.05,25.75,South,Corporate,Debit Card
ORD-2024-15083,2023-12-29,CUST-0401,OFF-PA-3001,Office Supplies,1,17.1,0.05,8.1,North,Corporate,Credit Card
ORD-2023-10022,2023-12-30,CUST-0287,FUR-TB-2002,Furniture,1,360.0,0.2,-30.0,North,Corporate,Debit Card
ORD-2023-10816,2023-12-30,CUST-0367,TEC-LP-1002,Technology,4,4800.0,0.0,1200.0,South,Corporate,Credit Card
ORD-2023-11572,2023-12-30,CUST-0596,OFF-AP-3004,Office Supplies,3,204.0,0.2,39.0,North,Small Business,UPI
ORD-2023-12348,2023-12-30,CUST-0042,TEC-MN-1003,Technology,1,300.0,0.0,90.0,West,Consumer,Debit Card
ORD-2023-13372,2023-12-30,CUST-0028,FUR-BK-2003,Furniture,2,264.0,0.4,-86.0,Central,Corporate,Debit Card
ORD-2023-13920,2023-12-30,CUST-0128,TEC-HD-1006,Technology,1,82.5,0.25,12.5,Central,Corporate,UPI
ORD-2023-13964,2023-12-30,CUST-0559,OFF-BI-3002,Office Supplies,3,36.0,0.0,21.0,South,Corporate,Debit Card
ORD-2023-14316,2023-12-30,CUST-0495,OFF-BI-3002,Office Supplies,1,11.4,0.05,6.4,North,Corporate,Credit Card
ORD-2023-14630,2023-12-30,CUST-0328,OFF-LA-3006,Office Supplies,2,24.0,0.2,10.0,North,Corporate,Net Banking
ORD-2024-10453,2023-12-30,CUST-0484,OFF-LA-3006,Office Supplies,1,15.0,0.0,8.0,East,Corporate,Credit Card
ORD-2024-12583,2023-12-30,CUST-0330,TEC-HD-1006,Technology,1,99.0,0.1,29.0,North,Consumer,Debit Card
ORD-2024-12779,2023-12-30,CUST-0327,OFF-EN-3005,Office Supplies,1,8.0,0.0,5.0,East,Consumer,Debit Card
ORD-2024-12889,2023-12-30,CUST-0094,FUR-DS-2004,Furniture,1,256.0,0.2,-4.0,West,Corporate,Net Banking
ORD-2024-13355,2023-12-30,CUST-0053,FUR-BK-2003,Furniture,4,616.0,0.3,-84.0,West,Corporate,Credit Card
ORD-2024-13653,2023-12-30,CUST-0531,TEC-MN-1003,Technology,2,540.0,0.1,120.0,Central,Corporate,UPI
ORD-2024-15191,2023-12-30,CUST-0233,TEC-PH-1001,Technology,2,1615.0,0.05,415.0,Central,Consumer,Debit Card
ORD-2023-10088,2023-12-31,CUST-0626,TEC-PH-1001,Technology,3,2550.0,0.0,750.0,East,Corporate,Cash on Delivery
ORD-2023-11054,2023-12-31,CUST-0376,FUR-BK-2003,Furniture,5,550.0,0.5,-325.0,Central,Corporate,Net Banking
ORD-2023-11374,2023-12-31,CUST-0003,OFF-BI-3002,Office Supplies,1,9.6,0.2,4.6,West,Consumer,Credit Card
ORD-2023-11702,2023-12-31,CUST-0365,TEC-MN-1003,Technology,2,570.0,0.05,150.0,East,Corporate,Credit Card
ORD-2023-12508,2023-12-31,CUST-0236,OFF-BI-3002,Office Supplies,2,19.2,0.2,9.2,South,Small Business,Credit Card
ORD-2023-12626,2023-12-31,CUST-0428,FUR-TB-2002,Furniture,3,1080.0,0.2,-90.0,East,Corporate,Debit Card
ORD-2023-13176,2023-12-31,CUST-0623,FUR-SF-2005,Furniture,1,520.0,0.2,-30.0,North,Consumer,UPI
ORD-2023-14066,2023-12-31,CUST-0127,TEC-PR-1005,Technology,2,475.0,0.05,95.0,West,Corporate,Credit Card
ORD-2023-14382,2023-12-31,CUST-0311,TEC-AC-1004,Technology,1,42.75,0.05,20.75,West,Consumer,Debit Card
ORD-2023-14624,2023-12-31,CUST-0220,FUR-DS-2004,Furniture,1,320.0,0.0,60.0,East,Consumer,Net Banking
ORD-2023-15244,2023-12-31,CUST-0496,OFF-LA-3006,Office Supplies,1,14.25,0.05,7.25,South,Consumer,UPI
ORD-2023-15340,2023-12-31,CUST-0605,OFF-AP-3004,Office Supplies,1,80.75,0.05,25.75,North,Consumer,Credit Card
ORD-2024-10101,2023-12-31,CUST-0300,FUR-TB-2002,Furniture,1,270.0,0.4,-120.0,North,Small Business,UPI
ORD-2024-10481,2023-12-31,CUST-0200,TEC-HD-1006,Technology,1,93.5,0.15,23.5,North,Consumer,Net Banking
ORD-2024-10765,2023-12-31,CUST-0094,FUR-TB-2002,Furniture,3,1080.0,0.2,-90.0,West,Corporate,Debit Card
ORD-2024-11473,2023-12-31,CUST-0104,TEC-PH-1001,Technology,1,850.0,0.0,250.0,South,Consumer,Debit Card
ORD-2024-11617,2023-12-31,CUST-0531,OFF-BI-3002,Office Supplies,1,11.4,0.0,6.4,Central,Corporate,Credit Card
ORD-2024-11737,2023-12-31,CUST-0475,TEC-MN-1003,Technology,1,285.0,0.05,75.0,North,Consumer,UPI
ORD-2024-12835,2023-12-31,CUST-0050,FUR-BK-2003,Furniture,3,396.0,0.4,-129.0,North,Corporate,UPI
ORD-2024-12949,2023-12-31,CUST-0509,TEC-PH-1001,Technology,1,850.0,0.0,250.0,North,Consumer,Debit Card
ORD-2024-13349,2023-12-31,CUST-0543,OFF-LA-3006,Office Supplies,8,120.0,0.0,64.0,East,Consumer,Net Banking
ORD-2024-13657,2023-12-31,CUST-0445,TEC-LP-1002,Technology,1,1140.0,0.05,240.0,Central,Consumer,Net Banking
ORD-2024-14309,2023-12-31,CUST-0501,OFF-BI-3002,Office Supplies,3,34.2,0.05,19.2,South,Corporate,Credit Card
ORD-2023-12462,2024-01-01,CUST-0235,OFF-ST-3003,Office Supplies,3,75.0,0.0,33.0,North,Consumer,Credit Card
ORD-2024-12471,2024-01-01,CUST-0154,TEC-AC-1004,Technology,2,81.0,0.1,37.0,North,Consumer,Debit Card
ORD-2024-13191,2024-01-01,CUST-0397,FUR-DS-2004,Furniture,2,640.0,0.0,120.0,West,Consumer,Credit Card
ORD-2023-11684,2024-01-02,CUST-0184,OFF-LA-3006,Office Supplies,2,30.0,0.0,16.0,East,Corporate,Credit Card
ORD-2023-14184,2024-01-02,CUST-0532,FUR-TB-2002,Furniture,2,630.0,0.3,-150.0,West,Consumer,Net Banking
ORD-2024-12765,2024-01-02,CUST-0550,OFF-ST-3003,Office Supplies,2,50.0,0.0,22.0,South,Small Business,Credit Card
ORD-2024-13395,2024-01-02,CUST-0397,OFF-LA-3006,Office Supplies,1,15.0,0.0,8.0,West,Consumer,Credit Card
ORD-2023-11140,2024-01-03,CUST-0488,OFF-AP-3004,Office Supplies,1,76.5,0.1,21.5,North,Corporate,Credit Card
ORD-2023-13316,2024-01-03,CUST-0215,FUR-TB-2002,Furniture,1,450.0,0.0,60.0,South,Consumer,Net Banking
ORD-2023-15258,2024-01-03,CUST-0578,FUR-CH-2001,Furniture,1,180.0,0.0,40.0,East,Corporate,Net Banking
ORD-2024-11457,2024-01-03,CUST-0096,TEC-LP-1002,Technology,2,2400.0,0.0,600.0,South,Consumer,UPI
ORD-2024-13105,2024-01-03,CUST-0060,TEC-MN-1003,Technology,2,600.0,0.0,180.0,East,Consumer,UPI
ORD-2023-10786,2024-01-04,CUST-0274,TEC-LP-1002,Technology,1,1140.0,0.05,240.0,West,Consumer,UPI
ORD-2023-13084,2024-01-04,CUST-0328,OFF-EN-3005,Office Supplies,5,40.0,0.0,25.0,North,Corporate,Debit Card
ORD-2024-12213,2024-01-04,CUST-0300,TEC-MN-1003,Technology,4,1080.0,0.1,240.0,North,Small Business,Debit Card
ORD-2024-12323,2024-01-04,CUST-0423,OFF-ST-3003,Office Supplies,2,45.0,0.1,17.0,North,Consumer,Debit Card
ORD-2023-10634,2024-01-05,CUST-0536,TEC-PH-1001,Technology,1,850.0,0.0,250.0,North,Corporate,Credit Card
ORD-2023-10778,2024-01-05,CUST-0383,FUR-BK-2003,Furniture,3,594.0,0.1,69.0,North,Corporate,Credit Card
ORD-2023-14300,2024-01-05,CUST-0609,OFF-AP-3004,Office Supplies,8,646.0,0.05,206.0,East,Corporate,Debit Card
ORD-2023-15002,2024-01-05,CUST-0527,OFF-PA-3001,Office Supplies,8,100.8,0.3,28.8,Central,Corporate,Debit Card
ORD-2024-11179,2024-01-05,CUST-0600,OFF-ST-3003,Office Supplies,2,35.0,0.3,7.0,North,Consumer,Credit Card
ORD-2024-11517,2024-01-05,CUST-0134,TEC-PR-1005,Technology,1,225.0,0.1,35.0,North,Corporate,Credit Card
ORD-2024-11975,2024-01-05,CUST-0150,OFF-AP-3004,Office Supplies,5,340.0,0.2,65.0,South,Corporate,Debit Card
ORD-2023-10096,2024-01-06,CUST-0139,OFF-LA-3006,Office Supplies,2,24.0,0.2,10.0,South,Corporate,Credit Card
ORD-2023-10266,2024-01-06,CUST-0145,FUR-TB-2002,Furniture,3,1080.0,0.2,-90.0,North,Corporate,Credit Card
ORD-2023-12060,2024-01-06,CUST-0302,FUR-CH-2001,Furniture,5,540.0,0.4,-160.0,South,Corporate,Credit Card
ORD-2023-12804,2024-01-06,CUST-0244,OFF-ST-3003,Office Supplies,2,40.0,0.2,12.0,North,Consumer,Net Banking
ORD-2023-14108,2024-01-06,CUST-0340,TEC-MN-1003,Technology,2,600.0,0.0,180.0,Central,Corporate,Credit Card
ORD-2023-14658,2024-01-06,CUST-0624,TEC-PH-1001,Technology,5,4250.0,0.0,1250.0,West,Corporate,Debit Card
ORD-2024-10131,2024-01-06,CUST-0420,FUR-CH-2001,Furniture,3,540.0,0.0,120.0,North,Consumer,Credit Card
ORD-2024-14131,2024-01-06,CUST-0609,FUR-CH-2001,Furniture,1,180.0,0.0,40.0,East,Corporate,Credit Card
ORD-2024-15199,2024-01-06,CUST-0145,OFF-EN-3005,Office Supplies,2,14.4,0.1,8.4,North,Corporate,UPI
ORD-2023-12368,2024-01-07,CUST-0422,TEC-MN-1003,Technology,2,600.0,0.0,180.0,North,Consumer,Credit Card
ORD-2023-15036,2024-01-07,CUST-0112,FUR-CH-2001,Furniture,1,144.0,0.2,4.0,North,Consumer,Cash on Delivery
ORD-2023-15040,2024-01-07,CUST-0032,TEC-PH-1001,Technology,5,3825.0,0.1,825.0,West,Corporate,Net Banking
ORD-2024-11913,2024-01-07,CUST-0607,FUR-SF-2005,Furniture,3,1755.0,0.1,105.0,South,Corporate,Credit Card
ORD-2024-13461,2024-01-07,CUST-0623,FUR-SF-2005,Furniture,2,650.0,0.5,-450.0,North,Consumer,Net Banking
ORD-2024-14667,2024-01-07,CUST-0067,TEC-PR-1005,Technology,2,450.0,0.1,70.0,West,Small Business,Cash on Delivery
ORD-2024-15263,2024-01-07,CUST-0392,OFF-LA-3006,Office Supplies,2,28.5,0.05,14.5,East,Consumer,Credit Card
ORD-2024-10063,2024-01-08,CUST-0307,TEC-AC-1004,Technology,1,40.5,0.1,18.5,North,Corporate,Credit Card
ORD-2024-10257,2024-01-08,CUST-0148,OFF-AP-3004,Office Supplies,4,340.0,0.0,120.0,South,Small Business,Net Banking
ORD-2024-10465,2024-01-08,CUST-0026,OFF-ST-3003,Office Supplies,2,50.0,0.0,22.0,West,Corporate,Debit Card
ORD-2024-11419,2024-01-08,CUST-0507,FUR-DS-2004,Furniture,1,192.0,0.4,-68.0,Central,Consumer,Credit Card
ORD-2024-13427,2024-01-08,CUST-0020,TEC-PH-1001,Technology,2,1700.0,0.0,500.0,North,Consumer,UPI
ORD-2024-15285,2024-01-08,CUST-0109,FUR-CH-2001,Furniture,1,162.0,0.1,22.0,West,Small Business,Cash on Delivery
ORD-2023-11646,2024-01-09,CUST-0283,OFF-LA-3006,Office Supplies,5,75.0,0.0,40.0,Central,Consumer,Credit Card
ORD-2024-14409,2024-01-09,CUST-0023,FUR-SF-2005,Furniture,5,2275.0,0.3,-475.0,West,Consumer,Credit Card
ORD-2023-11480,2024-01-10,CUST-0411,OFF-ST-3003,Office Supplies,3,75.0,0.0,33.0,North,Small Business,Debit Card
ORD-2023-12502,2024-01-10,CUST-0428,TEC-LP-1002,Technology,1,1020.0,0.15,120.0,East,Corporate,Credit Card
ORD-2023-13756,2024-01-10,CUST-0517,OFF-AP-3004,Office Supplies,2,170.0,0.0,60.0,South,Consumer,UPI
ORD-2023-14550,2024-01-10,CUST-0358,FUR-BK-2003,Furniture,4,616.0,0.3,-84.0,North,Consumer,Credit Card
ORD-2023-15184,2024-01-10,CUST-0418,FUR-CH-2001,Furniture,5,810.0,0.1,110.0,North,Consumer,Credit Card
ORD-2024-10411,2024-01-10,CUST-0249,OFF-EN-3005,Office Supplies,1,8.0,0.0,5.0,West,Consumer,Credit Card
ORD-2024-14795,2024-01-10,CUST-0566,OFF-ST-3003,Office Supplies,3,60.0,0.2,18.0,West,Consumer,UPI
ORD-2023-15028,2024-01-11,CUST-0076,OFF-EN-3005,Office Supplies,2,16.0,0.0,10.0,Central,Consumer,Net Banking
ORD-2024-11721,2024-01-11,CUST-0501,FUR-BK-2003,Furniture,3,396.0,0.4,-129.0,South,Corporate,Debit Card
ORD-2024-14169,2024-01-11,CUST-0127,OFF-ST-3003,Office Supplies,1,25.0,0.0,11.0,South,Corporate,Credit Card
ORD-2023-10230,2024-01-12,CUST-0419,FUR-DS-2004,Furniture,3,480.0,0.5,-300.0,South,Corporate,UPI
ORD-2024-10325,2024-01-12,CUST-0116,OFF-AP-3004,Office Supplies,3,255.0,0.0,90.0,East,Corporate,Credit Card
ORD-2024-15321,2024-01-12,CUST-0326,FUR-BK-2003,Furniture,1,220.0,0.0,45.0,East,Consumer,UPI
ORD-2023-10294,2024-01-13,CUST-0313,TEC-PH-1001,Technology,1,807.5,0.05,207.5,Central,Consumer,UPI
ORD-2023-11142,2024-01-13,CUST-0325,OFF-LA-3006,Office Supplies,3,42.75,0.05,21.75,North,Corporate,UPI
ORD-2023-11376,2024-01-13,CUST-0458,FUR-CH-2001,Furniture,1,162.0,0.1,22.0,West,Consumer,Debit Card
ORD-2023-11616,2024-01-13,CUST-0005,FUR-BK-2003,Furniture,1,110.0,0.5,-65.0,North,Small Business,Credit Card
ORD-2023-14274,2024-01-13,CUST-0506,OFF-LA-3006,Office Supplies,1,12.0,0.2,5.0,East,Consumer,Net Banking
ORD-2024-12709,2024-01-13,CUST-0595,OFF-AP-3004,Office Supplies,8,680.0,0.0,240.0,East,Consumer,Credit Card
ORD-2024-15271,2024-01-13,CUST-0073,TEC-PR-1005,Technology,2,450.0,0.1,70.0,Central,Consumer,Credit Card
ORD-2024-15369,2024-01-13,CUST-0359,FUR-BK-2003,Furniture,1,176.0,0.2,1.0,North,Small Business,Net Banking
ORD-2023-10196,2024-01-14,CUST-0422,TEC-LP-1002,Technology,3,3240.0,0.1,540.0,North,Consumer,Credit Card
ORD-2023-13552,2024-01-14,CUST-0381,FUR-CH-2001,Furniture,1,126.0,0.3,-14.0,South,Small Business,Debit Card
ORD-2023-15294,2024-01-14,CUST-0125,TEC-LP-1002,Technology,2,2400.0,0.0,600.0,East,Consumer,Credit Card
ORD-2024-11273,2024-01-14,CUST-0503,OFF-ST-3003,Office Supplies,1,25.0,0.0,11.0,Central,Corporate,Credit Card
ORD-2024-12741,2024-01-14,CUST-0548,OFF-LA-3006,Office Supplies,2,30.0,0.0,16.0,East,Small Business,Debit Card
ORD-2023-12842,2024-01-15,CUST-0069,FUR-TB-2002,Furniture,1,315.0,0.3,-75.0,North,Corporate,Debit Card
ORD-2023-13620,2024-01-15,CUST-0344,TEC-AC-1004,Technology,1,42.75,0.05,20.75,North,Small Business,UPI
ORD-2023-15494,2024-01-15,CUST-0350,TEC-MN-1003,Technology,1,255.0,0.15,45.0,West,Consumer,UPI
ORD-2024-12181,2024-01-15,CUST-0292,FUR-CH-2001,Furniture,3,540.0,0.0,120.0,North,Consumer,Debit Card
ORD-2024-12849,2024-01-15,CUST-0265,TEC-MN-1003,Technology,2,600.0,0.0,180.0,East,Corporate,Debit Card
ORD-2023-12108,2024-01-16,CUST-0124,FUR-TB-2002,Furniture,1,450.0,0.0,60.0,North,Consumer,UPI
ORD-2024-10755,2024-01-16,CUST-0309,TEC-PR-1005,Technology,2,500.0,0.0,120.0,North,Consumer,UPI
ORD-2024-13903,2024-01-16,CUST-0293,OFF-AP-3004,Office Supplies,1,85.0,0.0,30.0,East,Corporate,Credit Card
ORD-2023-10544,2024-01-17,CUST-0345,OFF-PA-3001,Office Supplies,2,34.2,0.05,16.2,North,Consumer,Net Banking
ORD-2023-14262,2024-01-17,CUST-0137,FUR-DS-2004,Furniture,2,512.0,0.2,-8.0,North,Small Business,Credit Card
ORD-2024-12861,2024-01-17,CUST-0298,OFF-LA-3006,Office Supplies,3,40.5,0.1,19.5,West,Small Business,Cash on Delivery
ORD-2024-13799,2024-01-17,CUST-0574,OFF-BI-3002,Office Supplies,2,22.8,0.05,12.8,North,Consumer,Debit Card
ORD-2024-14417,2024-01-17,CUST-0514,FUR-DS-2004,Furniture,1,256.0,0.2,-4.0,East,Corporate,UPI
ORD-2024-14553,2024-01-17,CUST-0157,TEC-LP-1002,Technology,3,3420.0,0.05,720.0,Central,Consumer,UPI
ORD-2023-11614,2024-01-18,CUST-0153,TEC-PH-1001,Technology,2,1530.0,0.1,330.0,South,Consumer,Credit Card
ORD-2024-13923,2024-01-18,CUST-0467,TEC-LP-1002,Technology,2,2160.0,0.1,360.0,West,Corporate,Credit Card
ORD-2023-11352,2024-01-19,CUST-0368,OFF-BI-3002,Office Supplies,2,24.0,0.0,14.0,East,Small Business,Cash on Delivery
ORD-2023-12016,2024-01-19,CUST-0037,OFF-BI-3002,Office Supplies,1,12.0,0.0,7.0,North,Consumer,Debit Card
ORD-2023-12138,2024-01-19,CUST-0119,OFF-AP-3004,Office Supplies,1,85.0,0.0,30.0,East,Consumer,Debit Card
ORD-2023-14098,2024-01-19,CUST-0160,FUR-BK-2003,Furniture,4,528.0,0.4,-172.0,Central,Corporate,Debit Card
ORD-2024-10335,2024-01-19,CUST-0271,TEC-PR-1005,Technology,3,712.5,0.05,142.5,West,Small Business,Net Banking
ORD-2024-13641,2024-01-19,CUST-0136,OFF-EN-3005,Office Supplies,3,19.2,0.2,10.2,West,Small Business,Credit Card
ORD-2023-12482,2024-01-20,CUST-0084,TEC-PR-1005,Technology,3,750.0,0.0,180.0,North,Small Business,Credit Card
ORD-2024-10689,2024-01-20,CUST-0294,TEC-AC-1004,Technology,2,90.0,0.0,46.0,North,Consumer,Net Banking
ORD-2024-11371,2024-01-20,CUST-0631,OFF-EN-3005,Office Supplies,1,8.0,0.0,5.0,South,Consumer,Debit Card
ORD-2023-13096,2024-01-21,CUST-0248,OFF-BI-3002,Office Supplies,2,22.8,0.05,12.8,West,Consumer,Net Banking
ORD-2024-10393,2024-01-21,CUST-0343,FUR-CH-2001,Furniture,2,360.0,0.0,80.0,West,Small Business,Cash on Delivery
ORD-2024-10549,2024-01-21,CUST-0211,OFF-LA-3006,Office Supplies,2,28.5,0.05,14.5,West,Corporate,Credit Card
ORD-2024-10809,2024-01-21,CUST-0048,TEC-LP-1002,Technology,2,2280.0,0.05,480.0,East,Consumer,Debit Card
ORD-2024-14239,2024-01-21,CUST-0634,OFF-ST-3003,Office Supplies,1,23.75,0.05,9.75,East,Corporate,Credit Card
ORD-2024-14853,2024-01-21,CUST-0024,FUR-BK-2003,Furniture,2,396.0,0.1,46.0,West,Small Business,Credit Card
ORD-2024-15179,2024-01-21,CUST-0083,OFF-ST-3003,Office Supplies,4,100.0,0.0,44.0,Central,Consumer,Debit Card
ORD-2023-11800,2024-01-22,CUST-0566,TEC-MN-1003,Technology,2,540.0,0.1,120.0,North,Consumer,Cash on Delivery
ORD-2024-10371,2024-01-22,CUST-0011,TEC-MN-1003,Technology,1,300.0,0.0,90.0,North,Corporate,UPI
ORD-2024-14155,2024-01-22,CUST-0221,FUR-BK-2003,Furniture,2,396.0,0.1,46.0,Central,Consumer,UPI
ORD-2024-14445,2024-01-22,CUST-0321,TEC-HD-1006,Technology,5,550.0,0.0,200.0,East,Consumer,Debit Card
ORD-2023-11910,2024-01-23,CUST-0087,FUR-CH-2001,Furniture,5,900.0,0.0,200.0,North,Corporate,Credit Card
ORD-2023-13032,2024-01-23,CUST-0494,FUR-DS-2004,Furniture,3,864.0,0.1,84.0,West,Consumer,UPI
ORD-2023-10852,2024-01-24,CUST-0527,OFF-EN-3005,Office Supplies,1,7.6,0.05,4.6,East,Corporate,Credit Card
ORD-2024-12321,2024-01-24,CUST-0022,FUR-TB-2002,Furniture,3,945.0,0.3,-225.0,South,Consumer,Net Banking
ORD-2024-14827,2024-01-24,CUST-0353,TEC-PH-1001,Technology,2,1615.0,0.05,415.0,South,Corporate,Credit Card
ORD-2023-13944,2024-01-25,CUST-0350,FUR-BK-2003,Furniture,2,220.0,0.5,-130.0,West,Consumer,Credit Card
ORD-2024-12461,2024-01-25,CUST-0166,FUR-SF-2005,Furniture,2,910.0,0.3,-190.0,East,Consumer,Debit Card
ORD-2024-12749,2024-01-25,CUST-0293,TEC-MN-1003,Technology,1,255.0,0.15,45.0,East,Corporate,UPI
ORD-2024-13523,2024-01-25,CUST-0241,FUR-CH-2001,Furniture,2,180.0,0.5,-100.0,West,Small Business,Debit Card
ORD-2024-14571,2024-01-25,CUST-0009,TEC-PR-1005,Technology,1,250.0,0.0,60.0,West,Consumer,Debit Card
ORD-2023-12232,2024-01-26,CUST-0083,FUR-CH-2001,Furniture,1,144.0,0.2,4.0,Central,Consumer,Debit Card
ORD-2023-13326,2024-01-26,CUST-0287,TEC-PR-1005,Technology,4,1000.0,0.0,240.0,North,Corporate,Credit Card
ORD-2023-14994,2024-01-26,CUST-0100,FUR-TB-2002,Furniture,3,1080.0,0.2,-90.0,Central,Consumer,Credit Card
ORD-2023-15194,2024-01-26,CUST-0351,FUR-TB-2002,Furniture,2,720.0,0.2,-60.0,East,Small Business,Debit Card
ORD-2024-10625,2024-01-26,CUST-0583,TEC-LP-1002,Technology,3,3600.0,0.0,900.0,North,Consumer,Credit Card
ORD-2024-11317,2024-01-26,CUST-0141,TEC-PH-1001,Technology,5,4037.5,0.05,1037.5,West,Corporate,UPI
ORD-2024-12619,2024-01-26,CUST-0338,TEC-PH-1001,Technology,2,1530.0,0.1,330.0,Central,Small Business,UPI
ORD-2024-14901,2024-01-26,CUST-0464,FUR-DS-2004,Furniture,1,320.0,0.0,60.0,North,Consumer,Debit Card
ORD-2023-10056,2024-01-27,CUST-0192,OFF-AP-3004,Office Supplies,1,80.75,0.05,25.75,West,Corporate,UPI
ORD-2023-10924,2024-01-27,CUST-0581,OFF-PA-3001,Office Supplies,5,90.0,0.0,45.0,North,Small Business,Credit Card
ORD-2023-11966,2024-01-27,CUST-0199,OFF-LA-3006,Office Supplies,2,27.0,0.1,13.0,South,Small Business,Debit Card
ORD-2024-10231,2024-01-27,CUST-0125,TEC-PR-1005,Technology,1,250.0,0.0,60.0,Central,Consumer,UPI
ORD-2024-12885,2024-01-27,CUST-0601,OFF-BI-3002,Office Supplies,2,19.2,0.2,9.2,East,Small Business,Debit Card
ORD-2023-10570,2024-01-28,CUST-0051,FUR-DS-2004,Furniture,2,512.0,0.2,-8.0,East,Small Business,Net Banking
ORD-2023-12758,2024-01-28,CUST-0587,FUR-BK-2003,Furniture,3,330.0,0.5,-195.0,East,Consumer,Credit Card
ORD-2024-10079,2024-01-28,CUST-0062,FUR-SF-2005,Furniture,2,780.0,0.4,-320.0,North,Small Business,Net Banking
ORD-2024-11917,2024-01-28,CUST-0313,TEC-PH-1001,Technology,1,850.0,0.0,250.0,Central,Consumer,Cash on Delivery
ORD-2024-13817,2024-01-28,CUST-0235,TEC-MN-1003,Technology,1,300.0,0.0,90.0,North,Consumer,Cash on Delivery
ORD-2024-15425,2024-01-28,CUST-0311,TEC-MN-1003,Technology,3,765.0,0.15,135.0,West,Consumer,Credit Card
ORD-2023-12198,2024-01-29,CUST-0075,OFF-AP-3004,Office Supplies,2,153.0,0.1,43.0,South,Consumer,UPI
ORD-2024-10215,2024-01-29,CUST-0044,FUR-CH-2001,Furniture,2,288.0,0.2,8.0,South,Corporate,Credit Card
ORD-2024-10377,2024-01-29,CUST-0531,OFF-LA-3006,Office Supplies,1,12.0,0.2,5.0,Central,Corporate,UPI
ORD-2024-12581,2024-01-29,CUST-0489,TEC-MN-1003,Technology,5,1500.0,0.0,450.0,North,Small Business,Debit Card
ORD-2024-13301,2024-01-29,CUST-0138,OFF-EN-3005,Office Supplies,1,6.4,0.2,3.4,South,Small Business,Net Banking
ORD-2024-14643,2024-01-29,CUST-0185,TEC-AC-1004,Technology,1,45.0,0.0,23.0,East,Corporate,Credit Card
ORD-2023-13036,2024-01-30,CUST-0026,FUR-SF-2005,Furniture,1,520.0,0.2,-30.0,West,Corporate,Cash on Delivery
ORD-2023-14750,2024-01-30,CUST-0256,FUR-DS-2004,Furniture,1,256.0,0.2,-4.0,West,Corporate,UPI
ORD-2024-13929,2024-01-30,CUST-0513,FUR-DS-2004,Furniture,3,960.0,0.0,180.0,East,Consumer,Net Banking
ORD-2023-13234,2024-01-31,CUST-0356,OFF-PA-3001,Office Supplies,3,54.0,0.0,27.0,North,Corporate,UPI
ORD-2023-13834,2024-01-31,CUST-0107,TEC-AC-1004,Technology,1,40.5,0.1,18.5,North,Consumer,UPI
ORD-2023-14346,2024-01-31,CUST-0155,FUR-SF-2005,Furniture,2,910.0,0.3,-190.0,East,Corporate,UPI
ORD-2024-11303,2024-01-31,CUST-0507,OFF-AP-3004,Office Supplies,1,85.0,0.0,30.0,Central,Consumer,Credit Card
ORD-2024-12813,2024-01-31,CUST-0220,OFF-LA-3006,Office Supplies,1,10.5,0.3,3.5,East,Consumer,Net Banking
ORD-2024-14619,2024-01-31,CUST-0367,FUR-CH-2001,Furniture,2,360.0,0.0,80.0,South,Corporate,Credit Card
ORD-2023-12218,2024-02-01,CUST-0015,FUR-DS-2004,Furniture,3,576.0,0.4,-204.0,Central,Consumer,Credit Card
ORD-2023-12702,2024-02-01,CUST-0185,TEC-MN-1003,Technology,1,285.0,0.05,75.0,East,Corporate,Debit Card
ORD-2023-13738,2024-02-01,CUST-0194,OFF-LA-3006,Office Supplies,2,28.5,0.05,14.5,South,Consumer,Credit Card
ORD-2023-14246,2024-02-01,CUST-0141,FUR-CH-2001,Furniture,1,162.0,0.1,22.0,West,Corporate,UPI
ORD-2024-10451,2024-02-01,CUST-0344,TEC-HD-1006,Technology,2,165.0,0.25,25.0,North,Small Business,Debit Card
ORD-2024-12127,2024-02-01,CUST-0153,TEC-LP-1002,Technology,4,4560.0,0.05,960.0,South,Consumer,UPI
ORD-2024-12171,2024-02-01,CUST-0458,TEC-HD-1006,Technology,5,467.5,0.15,117.5,West,Consumer,Credit Card
ORD-2024-12417,2024-02-01,CUST-0028,FUR-CH-2001,Furniture,2,288.0,0.2,8.0,South,Corporate,Cash on Delivery
ORD-2024-15195,2024-02-01,CUST-0504,TEC-AC-1004,Technology,2,76.5,0.15,32.5,West,Corporate,Cash on Delivery
ORD-2023-12132,2024-02-02,CUST-0336,OFF-ST-3003,Office Supplies,2,35.0,0.3,7.0,East,Corporate,UPI
ORD-2023-13094,2024-02-02,CUST-0418,TEC-HD-1006,Technology,2,198.0,0.1,58.0,North,Consumer,UPI
ORD-2023-13992,2024-02-02,CUST-0340,FUR-SF-2005,Furniture,1,520.0,0.2,-30.0,West,Corporate,Credit Card
ORD-2023-15306,2024-02-02,CUST-0286,OFF-BI-3002,Office Supplies,1,12.0,0.0,7.0,East,Consumer,Credit Card
ORD-2024-10169,2024-02-02,CUST-0522,TEC-PR-1005,Technology,2,500.0,0.0,120.0,West,Consumer,Debit Card
ORD-2024-10415,2024-02-02,CUST-0273,OFF-EN-3005,Office Supplies,5,40.0,0.0,25.0,South,Corporate,Credit Card
ORD-2024-11141,2024-02-02,CUST-0398,OFF-ST-3003,Office Supplies,1,25.0,0.0,11.0,South,Corporate,Debit Card
ORD-2024-11279,2024-02-02,CUST-0486,OFF-LA-3006,Office Supplies,1,12.0,0.2,5.0,East,Small Business,Credit Card
ORD-2023-11306,2024-02-03,CUST-0132,OFF-ST-3003,Office Supplies,2,45.0,0.1,17.0,East,Corporate,Credit Card
ORD-2023-12200,2024-02-03,CUST-0261,OFF-PA-3001,Office Supplies,1,18.0,0.0,9.0,East,Corporate,Credit Card
ORD-2023-13118,2024-02-03,CUST-0116,TEC-LP-1002,Technology,1,1140.0,0.05,240.0,North,Corporate,Credit Card
ORD-2023-13488,2024-02-03,CUST-0605,OFF-PA-3001,Office Supplies,4,72.0,0.0,36.0,South,Consumer,Cash on Delivery
ORD-2023-15064,2024-02-03,CUST-0081,OFF-AP-3004,Office Supplies,3,242.25,0.05,77.25,Central,Small Business,Cash on Delivery
ORD-2023-15418,2024-02-03,CUST-0129,FUR-DS-2004,Furniture,2,320.0,0.5,-200.0,West,Corporate,UPI
ORD-2024-14257,2024-02-03,CUST-0266,TEC-PR-1005,Technology,1,250.0,0.0,60.0,Central,Small Business,UPI
ORD-2023-14970,2024-02-04,CUST-0270,TEC-LP-1002,Technology,1,1080.0,0.1,180.0,South,Small Business,Credit Card
ORD-2023-15150,2024-02-04,CUST-0090,TEC-PR-1005,Technology,2,500.0,0.0,120.0,South,Corporate,Cash on Delivery
ORD-2024-11685,2024-02-04,CUST-0124,FUR-SF-2005,Furniture,3,1365.0,0.3,-285.0,North,Consumer,Credit Card
ORD-2024-14869,2024-02-04,CUST-0503,TEC-HD-1006,Technology,5,550.0,0.0,200.0,East,Corporate,UPI
ORD-2023-10456,2024-02-05,CUST-0624,TEC-MN-1003,Technology,2,570.0,0.05,150.0,West,Corporate,Credit Card
ORD-2023-14888,2024-02-05,CUST-0316,TEC-PH-1001,Technology,2,1700.0,0.0,500.0,North,Consumer,Credit Card
ORD-2023-15354,2024-02-05,CUST-0214,FUR-TB-2002,Furniture,1,360.0,0.2,-30.0,South,Consumer,Cash on Delivery
ORD-2023-14464,2024-02-06,CUST-0197,OFF-PA-3001,Office Supplies,1,16.2,0.1,7.2,North,Consumer,Debit Card
ORD-2024-10449,2024-02-06,CUST-0634,OFF-BI-3002,Office Supplies,5,60.0,0.0,35.0,West,Corporate,UPI
ORD-2024-11637,2024-02-06,CUST-0531,FUR-CH-2001,Furniture,4,576.0,0.2,16.0,Central,Corporate,Credit Card
ORD-2024-14321,2024-02-06,CUST-0026,OFF-BI-3002,Office Supplies,1,11.4,0.05,6.4,West,Corporate,UPI
ORD-2023-10838,2024-02-07,CUST-0176,FUR-CH-2001,Furniture,2,180.0,0.5,-100.0,South,Consumer,Credit Card
ORD-2023-12292,2024-02-07,CUST-0317,FUR-SF-2005,Furniture,1,390.0,0.4,-160.0,East,Small Business,Credit Card
ORD-2023-12912,2024-02-07,CUST-0125,TEC-PH-1001,Technology,3,2550.0,0.0,750.0,East,Consumer,Credit Card
ORD-2023-13948,2024-02-07,CUST-0634,TEC-MN-1003,Technology,1,285.0,0.05,75.0,East,Corporate,UPI
ORD-2023-14384,2024-02-07,CUST-0341,FUR-SF-2005,Furniture,1,520.0,0.2,-30.0,South,Corporate,Credit Card
ORD-2023-14654,2024-02-07,CUST-0430,OFF-AP-3004,Office Supplies,1,68.0,0.2,13.0,North,Consumer,UPI
ORD-2024-13175,2024-02-07,CUST-0398,OFF-BI-3002,Office Supplies,10,114.0,0.05,64.0,South,Corporate,UPI
ORD-2024-14023,2024-02-07,CUST-0430,TEC-PR-1005,Technology,5,1250.0,0.0,300.0,West,Consumer,Cash on Delivery
ORD-2023-10718,2024-02-08,CUST-0439,OFF-AP-3004,Office Supplies,2,161.5,0.05,51.5,Central,Consumer,Credit Card
ORD-2023-11132,2024-02-08,CUST-0099,TEC-PH-1001,Technology,1,637.5,0.25,37.5,South,Consumer,Debit Card
ORD-2023-12050,2024-02-08,CUST-0498,OFF-AP-3004,Office Supplies,1,80.75,0.05,25.75,North,Consumer,UPI
ORD-2023-13332,2024-02-08,CUST-0274,OFF-PA-3001,Office Supplies,4,57.6,0.2,21.6,West,Consumer,UPI
ORD-2023-14416,2024-02-08,CUST-0431,OFF-BI-3002,Office Supplies,1,10.8,0.1,5.8,East,Consumer,Net Banking
ORD-2024-10979,2024-02-08,CUST-0088,FUR-TB-2002,Furniture,1,270.0,0.0,-120.0,North,Small Business,Credit Card
ORD-2023-10200,2024-02-09,CUST-0147,FUR-CH-2001,Furniture,1,162.0,0.1,22.0,North,Corporate,Credit Card
ORD-2023-12116,2024-02-09,CUST-0081,OFF-EN-3005,Office Supplies,4,30.4,0.05,18.4,Central,Small Business,UPI
ORD-2023-14430,2024-02-09,CUST-0090,FUR-TB-2002,Furniture,2,810.0,0.1,30.0,South,Corporate,Credit Card
ORD-2024-10305,2024-02-09,CUST-0144,FUR-DS-2004,Furniture,5,1280.0,0.2,-20.0,North,Consumer,Debit Card
ORD-2024-12731,2024-02-09,CUST-0474,TEC-MN-1003,Technology,1,285.0,0.05,75.0,South,Small Business,Net Banking
ORD-2023-11978,2024-02-10,CUST-0505,OFF-LA-3006,Office Supplies,2,28.5,0.05,14.5,North,Small Business,Net Banking
ORD-2023-13712,2024-02-10,CUST-0261,OFF-ST-3003,Office Supplies,3,75.0,0.0,33.0,East,Corporate,Credit Card
ORD-2023-14746,2024-02-10,CUST-0422,TEC-PH-1001,Technology,2,1700.0,0.0,500.0,North,Consumer,Net Banking
ORD-2024-13615,2024-02-10,CUST-0011,TEC-PR-1005,Technology,3,562.5,0.25,-7.5,North,Corporate,Debit Card
ORD-2024-15041,2024-02-10,CUST-0619,OFF-BI-3002,Office Supplies,1,11.4,0.05,6.4,North,Small Business,UPI
ORD-2023-10092,2024-02-11,CUST-0430,FUR-TB-2002,Furniture,1,450.0,0.0,60.0,North,Consumer,Debit Card
ORD-2023-11088,2024-02-11,CUST-0122,OFF-LA-3006,Office Supplies,1,15.0,0.0,8.0,Central,Corporate,UPI
ORD-2023-12678,2024-02-11,CUST-0054,TEC-HD-1006,Technology,2,220.0,0.0,80.0,South,Corporate,Net Banking
ORD-2023-13060,2024-02-11,CUST-0153,OFF-PA-3001,Office Supplies,1,17.1,0.05,8.1,Central,Consumer,Net Banking
ORD-2023-15282,2024-02-11,CUST-0266,FUR-CH-2001,Furniture,3,324.0,0.4,-96.0,North,Small Business,Credit Card
ORD-2024-13103,2024-02-11,CUST-0148,FUR-SF-2005,Furniture,1,585.0,0.1,35.0,Central,Small Business,Net Banking
ORD-2024-14437,2024-02-11,CUST-0274,TEC-PH-1001,Technology,3,2422.5,0.05,622.5,West,Consumer,UPI
ORD-2023-10614,2024-02-12,CUST-0407,OFF-ST-3003,Office Supplies,8,200.0,0.0,88.0,South,Corporate,Credit Card
ORD-2023-12992,2024-02-12,CUST-0079,TEC-HD-1006,Technology,1,99.0,0.1,29.0,West,Consumer,Credit Card
ORD-2023-13658,2024-02-12,CUST-0350,OFF-AP-3004,Office Supplies,1,80.75,0.05,25.75,West,Consumer,Cash on Delivery
ORD-2023-14398,2024-02-12,CUST-0574,FUR-TB-2002,Furniture,8,2520.0,0.3,-600.0,North,Consumer,Debit Card
ORD-2024-10835,2024-02-12,CUST-0272,OFF-ST-3003,Office Supplies,3,67.5,0.1,25.5,West,Small Business,Net Banking
ORD-2024-11363,2024-02-12,CUST-0126,TEC-AC-1004,Technology,3,114.75,0.15,48.75,North,Consumer,Credit Card
ORD-2024-11483,2024-02-12,CUST-0488,OFF-AP-3004,Office Supplies,2,170.0,0.0,60.0,South,Corporate,Debit Card
ORD-2024-14503,2024-02-12,CUST-0404,TEC-MN-1003,Technology,4,1200.0,0.0,360.0,South,Small Business,UPI
ORD-2024-15339,2024-02-12,CUST-0145,OFF-ST-3003,Office Supplies,2,45.0,0.1,17.0,North,Corporate,Net Banking
ORD-2023-10058,2024-02-13,CUST-0639,OFF-LA-3006,Office Supplies,2,21.0,0.3,7.0,West,Consumer,Debit Card
ORD-2023-13906,2024-02-13,CUST-0450,FUR-BK-2003,Furniture,4,792.0,0.1,92.0,East,Consumer,Credit Card
ORD-2024-11661,2024-02-13,CUST-0180,FUR-DS-2004,Furniture,1,320.0,0.0,60.0,Central,Consumer,Debit Card
ORD-2024-11865,2024-02-13,CUST-0549,FUR-SF-2005,Furniture,2,650.0,0.5,-450.0,West,Consumer,Credit Card
ORD-2024-13121,2024-02-13,CUST-0107,TEC-PR-1005,Technology,1,237.5,0.05,47.5,North,Consumer,Debit Card
ORD-2024-13687,2024-02-13,CUST-0337,TEC-AC-1004,Technology,1,45.0,0.0,23.0,East,Consumer,Debit Card
ORD-2024-14319,2024-02-13,CUST-0317,TEC-PH-1001,Technology,3,2295.0,0.1,495.0,East,Small Business,Debit Card
ORD-2023-11928,2024-02-14,CUST-0624,TEC-AC-1004,Technology,1,45.0,0.0,23.0,West,Corporate,UPI
ORD-2023-14780,2024-02-14,CUST-0123,TEC-PH-1001,Technology,2,1700.0,0.0,500.0,West,Small Business,Credit Card
ORD-2024-10059,2024-02-14,CUST-0309,FUR-BK-2003,Furniture,8,1408.0,0.2,8.0,North,Consumer,UPI
ORD-2024-11379,2024-02-14,CUST-0323,OFF-EN-3005,Office Supplies,1,7.6,0.05,4.6,South,Corporate,UPI
ORD-2024-14575,2024-02-14,CUST-0456,OFF-PA-3001,Office Supplies,1,16.2,0.1,7.2,West,Consumer,Net Banking
ORD-2024-14631,2024-02-14,CUST-0418,OFF-LA-3006,Office Supplies,2,24.0,0.2,10.0,North,Consumer,Credit Card
ORD-2024-15407,2024-02-14,CUST-0623,FUR-BK-2003,Furniture,1,198.0,0.1,23.0,East,Consumer,UPI
ORD-2023-10012,2024-02-15,CUST-0422,FUR-CH-2001,Furniture,2,360.0,0.0,80.0,East,Consumer,Credit Card
ORD-2023-10112,2024-02-15,CUST-0054,FUR-DS-2004,Furniture,1,320.0,0.0,60.0,South,Corporate,Credit Card
ORD-2023-12056,2024-02-15,CUST-0165,FUR-SF-2005,Furniture,1,455.0,0.3,-95.0,North,Consumer,Credit Card
ORD-2024-14477,2024-02-15,CUST-0346,FUR-BK-2003,Furniture,3,594.0,0.1,69.0,South,Corporate,Net Banking
ORD-2023-15174,2024-02-16,CUST-0029,OFF-PA-3001,Office Supplies,1,16.2,0.1,7.2,Central,Consumer,Credit Card
ORD-2024-11009,2024-02-16,CUST-0257,TEC-LP-1002,Technology,1,1200.0,0.0,300.0,West,Consumer,Credit Card
ORD-2024-14145,2024-02-16,CUST-0623,FUR-TB-2002,Furniture,1,450.0,0.0,60.0,North,Consumer,UPI
ORD-2023-12598,2024-02-17,CUST-0408,TEC-LP-1002,Technology,1,1020.0,0.15,120.0,South,Consumer,UPI
ORD-2023-14536,2024-02-17,CUST-0145,TEC-PH-1001,Technology,3,2167.5,0.15,367.5,North,Corporate,Net Banking
ORD-2023-14940,2024-02-17,CUST-0368,FUR-TB-2002,Furniture,1,315.0,0.3,-75.0,West,Small Business,Debit Card
ORD-2024-12599,2024-02-17,CUST-0376,TEC-PR-1005,Technology,1,237.5,0.05,47.5,North,Corporate,UPI
ORD-2024-13005,2024-02-17,CUST-0600,TEC-PR-1005,Technology,2,500.0,0.0,120.0,North,Consumer,Net Banking
ORD-2024-13897,2024-02-17,CUST-0235,OFF-PA-3001,Office Supplies,2,34.2,0.05,16.2,North,Consumer,Debit Card
ORD-2024-11291,2024-02-18,CUST-0633,OFF-LA-3006,Office Supplies,4,57.0,0.05,29.0,North,Corporate,UPI
ORD-2024-12013,2024-02-18,CUST-0232,TEC-HD-1006,Technology,3,313.5,0.05,103.5,North,Consumer,UPI
ORD-2024-12099,2024-02-18,CUST-0023,FUR-SF-2005,Furniture,1,520.0,0.2,-30.0,West,Consumer,Credit Card
ORD-2023-12526,2024-02-19,CUST-0035,TEC-MN-1003,Technology,2,510.0,0.15,90.0,North,Consumer,Credit Card
ORD-2023-13346,2024-02-19,CUST-0322,TEC-LP-1002,Technology,2,2400.0,0.0,600.0,North,Consumer,Credit Card
ORD-2023-15342,2024-02-19,CUST-0057,FUR-SF-2005,Furniture,3,1560.0,0.2,-90.0,East,Consumer,Credit Card
ORD-2024-11005,2024-02-19,CUST-0439,TEC-PH-1001,Technology,1,765.0,0.1,165.0,South,Consumer,Debit Card
ORD-2024-13765,2024-02-19,CUST-0196,FUR-TB-2002,Furniture,1,315.0,0.3,-75.0,North,Consumer,UPI
ORD-2023-10066,2024-02-20,CUST-0196,FUR-SF-2005,Furniture,3,1560.0,0.2,-90.0,North,Consumer,Credit Card
ORD-2023-10702,2024-02-20,CUST-0067,FUR-DS-2004,Furniture,2,448.0,0.3,-72.0,Central,Small Business,Credit Card
ORD-2023-12370,2024-02-20,CUST-0345,OFF-PA-3001,Office Supplies,1,18.0,0.0,9.0,East,Consumer,Credit Card
ORD-2023-12372,2024-02-20,CUST-0166,TEC-HD-1006,Technology,1,104.5,0.05,34.5,East,Consumer,Debit Card
ORD-2023-13156,2024-02-20,CUST-0173,FUR-DS-2004,Furniture,1,192.0,0.4,-68.0,Central,Consumer,Credit Card
ORD-2023-14498,2024-02-20,CUST-0297,TEC-PH-1001,Technology,1,807.5,0.05,207.5,North,Consumer,UPI
ORD-2024-13539,2024-02-20,CUST-0026,TEC-PH-1001,Technology,1,765.0,0.1,165.0,West,Corporate,UPI
ORD-2024-14183,2024-02-20,CUST-0401,FUR-BK-2003,Furniture,3,594.0,0.1,69.0,North,Corporate,Credit Card
ORD-2024-14633,2024-02-20,CUST-0033,OFF-AP-3004,Office Supplies,3,229.5,0.1,64.5,West,Corporate,Credit Card
ORD-2024-15357,2024-02-20,CUST-0332,TEC-PR-1005,Technology,1,250.0,0.0,60.0,North,Corporate,Debit Card
ORD-2023-14008,2024-02-21,CUST-0355,FUR-TB-2002,Furniture,2,630.0,0.3,-150.0,South,Corporate,Net Banking
ORD-2023-15106,2024-02-21,CUST-0594,OFF-EN-3005,Office Supplies,1,8.0,0.0,5.0,North,Small Business,Debit Card
ORD-2024-14301,2024-02-21,CUST-0225,FUR-DS-2004,Furniture,3,672.0,0.3,-108.0,East,Consumer,UPI
ORD-2024-15269,2024-02-21,CUST-0235,OFF-ST-3003,Office Supplies,1,25.0,0.0,11.0,North,Consumer,UPI
ORD-2023-11698,2024-02-22,CUST-0316,OFF-LA-3006,Office Supplies,1,14.25,0.05,7.25,North,Consumer,Credit Card
ORD-2023-13554,2024-02-22,CUST-0270,OFF-EN-3005,Office Supplies,4,32.0,0.0,20.0,South,Small Business,Credit Card
ORD-2024-12083,2024-02-22,CUST-0319,FUR-DS-2004,Furniture,2,576.0,0.1,56.0,South,Consumer,Debit Card
ORD-2024-12559,2024-02-22,CUST-0418,OFF-BI-3002,Office Supplies,1,12.0,0.0,7.0,North,Consumer,UPI
ORD-2024-13137,2024-02-22,CUST-0241,OFF-BI-3002,Office Supplies,3,34.2,0.05,19.2,North,Small Business,UPI
ORD-2024-13879,2024-02-23,CUST-0186,OFF-EN-3005,Office Supplies,1,8.0,0.0,5.0,North,Consumer,Cash on Delivery
ORD-2024-14045,2024-02-23,CUST-0397,TEC-PH-1001,Technology,8,6800.0,0.0,2000.0,East,Consumer,Credit Card
ORD-2024-14761,2024-02-23,CUST-0115,TEC-LP-1002,Technology,1,1200.0,0.0,300.0,East,Consumer,UPI
ORD-2023-15498,2024-02-24,CUST-0078,OFF-AP-3004,Office Supplies,1,59.5,0.3,4.5,East,Corporate,Credit Card
ORD-2024-10269,2024-02-24,CUST-0217,OFF-AP-3004,Office Supplies,4,340.0,0.0,120.0,East,Corporate,Debit Card
ORD-2024-14981,2024-02-24,CUST-0152,OFF-LA-3006,Office Supplies,2,28.5,0.05,14.5,North,Small Business,Credit Card
ORD-2023-10228,2024-02-25,CUST-0421,OFF-AP-3004,Office Supplies,3,255.0,0.0,90.0,West,Consumer,Credit Card
ORD-2023-12504,2024-02-25,CUST-0442,TEC-PH-1001,Technology,1,807.5,0.05,207.5,Central,Consumer,Credit Card
ORD-2024-12985,2024-02-25,CUST-0144,OFF-AP-3004,Office Supplies,3,242.25,0.05,77.25,North,Consumer,UPI
ORD-2023-10150,2024-02-26,CUST-0164,OFF-BI-3002,Office Supplies,1,11.4,0.05,6.4,South,Small Business,UPI
ORD-2023-15236,2024-02-26,CUST-0235,TEC-PH-1001,Technology,3,2550.0,0.0,750.0,Central,Consumer,Net Banking
ORD-2024-10055,2024-02-26,CUST-0236,TEC-AC-1004,Technology,1,38.25,0.15,16.25,South,Small Business,UPI
ORD-2024-12517,2024-02-26,CUST-0452,OFF-LA-3006,Office Supplies,5,75.0,0.0,40.0,East,Corporate,Debit Card
ORD-2024-14577,2024-02-26,CUST-0273,TEC-LP-1002,Technology,4,4800.0,0.0,1200.0,South,Corporate,UPI
ORD-2024-15415,2024-02-26,CUST-0583,TEC-HD-1006,Technology,1,110.0,0.0,40.0,North,Consumer,Debit Card
ORD-2023-10744,2024-02-27,CUST-0010,TEC-PR-1005,Technology,1,250.0,0.0,60.0,East,Corporate,UPI
ORD-2023-11082,2024-02-27,CUST-0125,FUR-TB-2002,Furniture,5,2025.0,0.1,75.0,East,Consumer,UPI
ORD-2023-11716,2024-02-27,CUST-0468,TEC-PH-1001,Technology,2,1530.0,0.1,330.0,North,Consumer,Credit Card
ORD-2023-11930,2024-02-27,CUST-0166,FUR-CH-2001,Furniture,1,144.0,0.2,4.0,East,Consumer,Credit Card
ORD-2024-11575,2024-02-27,CUST-0370,OFF-PA-3001,Office Supplies,1,18.0,0.0,9.0,East,Corporate,Credit Card
ORD-2023-10824,2024-02-28,CUST-0574,TEC-PR-1005,Technology,1,250.0,0.0,60.0,East,Consumer,Cash on Delivery
ORD-2023-11568,2024-02-28,CUST-0401,FUR-SF-2005,Furniture,4,2340.0,0.1,140.0,North,Corporate,Credit Card
ORD-2023-14284,2024-02-28,CUST-0441,TEC-AC-1004,Technology,3,101.25,0.25,35.25,North,Consumer,UPI
ORD-2023-14594,2024-02-28,CUST-0464,FUR-CH-2001,Furniture,1,126.0,0.3,-14.0,North,Consumer,UPI
ORD-2023-14954,2024-02-28,CUST-0495,OFF-EN-3005,Office Supplies,1,7.6,0.05,4.6,North,Corporate,UPI
ORD-2023-15110,2024-02-28,CUST-0433,OFF-BI-3002,Office Supplies,3,36.0,0.0,21.0,North,Consumer,Credit Card
ORD-2024-10185,2024-02-28,CUST-0390,FUR-SF-2005,Furniture,2,650.0,0.5,-450.0,North,Corporate,Credit Card
ORD-2024-13081,2024-02-28,CUST-0401,TEC-AC-1004,Technology,2,90.0,0.0,46.0,North,Corporate,Credit Card
ORD-2024-13585,2024-02-28,CUST-0584,OFF-EN-3005,Office Supplies,3,21.6,0.1,12.6,East,Consumer,Credit Card
ORD-2024-14463,2024-02-28,CUST-0033,OFF-EN-3005,Office Supplies,1,8.0,0.0,5.0,South,Corporate,Debit Card
ORD-2023-10170,2024-02-29,CUST-0590,FUR-BK-2003,Furniture,2,352.0,0.2,2.0,South,Consumer,Debit Card
ORD-2024-13527,2024-02-29,CUST-0004,OFF-BI-3002,Office Supplies,2,24.0,0.0,14.0,North,Corporate,Credit Card
ORD-2024-13719,2024-02-29,CUST-0020,FUR-TB-2002,Furniture,3,1080.0,0.2,-90.0,South,Consumer,Debit Card
ORD-2024-15287,2024-02-29,CUST-0587,TEC-PH-1001,Technology,1,850.0,0.0,250.0,East,Consumer,Net Banking
ORD-2023-10136,2024-03-01,CUST-0227,TEC-PR-1005,Technology,1,212.5,0.15,22.5,West,Small Business,Credit Card
ORD-2023-10454,2024-03-01,CUST-0494,TEC-PR-1005,Technology,2,450.0,0.1,70.0,West,Consumer,UPI
ORD-2023-11160,2024-03-01,CUST-0575,FUR-DS-2004,Furniture,1,256.0,0.2,-4.0,North,Consumer,UPI
ORD-2023-12532,2024-03-01,CUST-0581,OFF-PA-3001,Office Supplies,2,36.0,0.0,18.0,West,Small Business,Credit Card
ORD-2023-12948,2024-03-01,CUST-0071,OFF-BI-3002,Office Supplies,1,10.8,0.1,5.8,East,Corporate,Credit Card
ORD-2024-11015,2024-03-01,CUST-0647,OFF-ST-3003,Office Supplies,1,23.75,0.05,9.75,North,Consumer,Credit Card
ORD-2024-12111,2024-03-01,CUST-0141,FUR-BK-2003,Furniture,1,110.0,0.5,-65.0,West,Corporate,Net Banking
ORD-2024-14153,2024-03-01,CUST-0172,OFF-BI-3002,Office Supplies,1,11.4,0.05,6.4,North,Small Business,UPI
ORD-2023-14200,2024-03-02,CUST-0642,TEC-AC-1004,Technology,2,85.5,0.05,41.5,West,Consumer,UPI
ORD-2023-15384,2024-03-02,CUST-0401,TEC-PR-1005,Technology,1,250.0,0.0,60.0,North,Corporate,UPI
ORD-2024-10959,2024-03-02,CUST-0458,FUR-CH-2001,Furniture,2,360.0,0.0,80.0,West,Consumer,UPI
ORD-2024-11199,2024-03-02,CUST-0112,OFF-AP-3004,Office Supplies,2,170.0,0.0,60.0,North,Consumer,Credit Card
ORD-2024-14151,2024-03-02,CUST-0167,TEC-AC-1004,Technology,1,45.0,0.0,23.0,Central,Small Business,Credit Card
ORD-2023-14308,2024-03-03,CUST-0146,OFF-EN-3005,Office Supplies,1,8.0,0.0,5.0,North,Corporate,UPI
ORD-2024-13133,2024-03-03,CUST-0637,TEC-LP-1002,Technology,5,6000.0,0.0,1500.0,North,Consumer,Credit Card
ORD-2024-13851,2024-03-03,CUST-0401,TEC-LP-1002,Technology,1,1140.0,0.05,240.0,North,Corporate,Credit Card
ORD-2024-14035,2024-03-03,CUST-0313,TEC-PH-1001,Technology,2,1615.0,0.05,415.0,Central,Consumer,Credit Card
ORD-2023-11514,2024-03-04,CUST-0474,FUR-TB-2002,Furniture,3,1080.0,0.2,-90.0,South,Small Business,Credit Card
ORD-2023-12382,2024-03-04,CUST-0215,FUR-CH-2001,Furniture,3,432.0,0.2,12.0,South,Consumer,Net Banking
ORD-2023-12748,2024-03-04,CUST-0085,FUR-CH-2001,Furniture,1,180.0,0.0,40.0,South,Small Business,Net Banking
ORD-2023-12790,2024-03-04,CUST-0100,FUR-SF-2005,Furniture,1,455.0,0.3,-95.0,East,Consumer,Credit Card
ORD-2023-13490,2024-03-04,CUST-0531,FUR-CH-2001,Furniture,2,252.0,0.3,-28.0,Central,Corporate,Credit Card
ORD-2023-14190,2024-03-04,CUST-0147,OFF-EN-3005,Office Supplies,2,11.2,0.3,5.2,North,Corporate,Debit Card
ORD-2024-10579,2024-03-04,CUST-0549,FUR-DS-2004,Furniture,2,512.0,0.2,-8.0,West,Consumer,Net Banking
ORD-2024-11479,2024-03-04,CUST-0605,OFF-PA-3001,Office Supplies,2,34.2,0.05,16.2,Central,Consumer,Debit Card
ORD-2024-13245,2024-03-04,CUST-0600,TEC-PH-1001,Technology,2,1700.0,0.0,500.0,Central,Consumer,Cash on Delivery
ORD-2024-14465,2024-03-04,CUST-0422,TEC-PR-1005,Technology,1,250.0,0.0,60.0,North,Consumer,UPI
ORD-2023-10082,2024-03-05,CUST-0579,FUR-TB-2002,Furniture,2,900.0,0.0,120.0,West,Consumer,Debit Card
ORD-2023-13972,2024-03-05,CUST-0053,FUR-CH-2001,Furniture,4,504.0,0.3,-56.0,West,Corporate,UPI
ORD-2024-10511,2024-03-05,CUST-0438,OFF-BI-3002,Office Supplies,1,11.4,0.05,6.4,East,Small Business,Credit Card
ORD-2024-12045,2024-03-05,CUST-0257,TEC-AC-1004,Technology,1,45.0,0.0,23.0,West,Consumer,UPI
ORD-2024-13423,2024-03-05,CUST-0164,TEC-HD-1006,Technology,2,209.0,0.05,69.0,South,Small Business,Credit Card
ORD-2024-14305,2024-03-05,CUST-0625,OFF-BI-3002,Office Supplies,1,11.4,0.05,6.4,West,Corporate,UPI
ORD-2023-10560,2024-03-06,CUST-0180,OFF-AP-3004,Office Supplies,4,306.0,0.1,86.0,South,Consumer,UPI
ORD-2023-10578,2024-03-06,CUST-0258,TEC-PR-1005,Technology,1,225.0,0.1,35.0,North,Small Business,Credit Card
ORD-2023-11666,2024-03-06,CUST-0538,OFF-ST-3003,Office Supplies,3,75.0,0.0,33.0,East,Corporate,Credit Card
ORD-2023-12882,2024-03-06,CUST-0186,TEC-LP-1002,Technology,1,1020.0,0.15,120.0,West,Consumer,UPI
ORD-2024-11997,2024-03-06,CUST-0324,FUR-DS-2004,Furniture,1,256.0,0.2,-4.0,East,Consumer,Credit Card
ORD-2024-14141,2024-03-06,CUST-0274,OFF-BI-3002,Office Supplies,4,43.2,0.1,23.2,West,Consumer,UPI
ORD-2023-10732,2024-03-07,CUST-0070,FUR-SF-2005,Furniture,3,1170.0,0.4,-480.0,North,Corporate,UPI
ORD-2023-12836,2024-03-07,CUST-0527,FUR-CH-2001,Furniture,2,324.0,0.1,44.0,East,Corporate,Credit Card
ORD-2023-14530,2024-03-07,CUST-0008,OFF-LA-3006,Office Supplies,2,28.5,0.05,14.5,South,Consumer,UPI
ORD-2024-10913,2024-03-07,CUST-0269,TEC-LP-1002,Technology,1,1200.0,0.0,300.0,West,Consumer,Debit Card
ORD-2024-13955,2024-03-07,CUST-0391,TEC-HD-1006,Technology,1,110.0,0.0,40.0,Central,Corporate,UPI
ORD-2023-10620,2024-03-08,CUST-0022,TEC-LP-1002,Technology,1,1200.0,0.0,300.0,South,Consumer,Credit Card
ORD-2023-11084,2024-03-08,CUST-0125,TEC-PH-1001,Technology,1,850.0,0.0,250.0,East,Consumer,Cash on Delivery
ORD-2024-10749,2024-03-08,CUST-0587,FUR-DS-2004,Furniture,2,640.0,0.0,120.0,East,Consumer,Credit Card
ORD-2024-11883,2024-03-08,CUST-0180,TEC-AC-1004,Technology,1,45.0,0.0,23.0,South,Consumer,Cash on Delivery
ORD-2023-10802,2024-03-09,CUST-0255,TEC-PH-1001,Technology,5,4037.5,0.05,1037.5,West,Consumer,UPI
ORD-2023-11600,2024-03-09,CUST-0217,OFF-BI-3002,Office Supplies,1,8.4,0.3,3.4,East,Corporate,Debit Card
ORD-2023-13222,2024-03-09,CUST-0634,FUR-SF-2005,Furniture,5,3250.0,0.0,500.0,East,Corporate,UPI
ORD-2023-13776,2024-03-09,CUST-0435,TEC-PH-1001,Technology,1,807.5,0.05,207.5,East,Consumer,UPI
ORD-2024-10333,2024-03-09,CUST-0043,OFF-EN-3005,Office Supplies,2,15.2,0.05,9.2,North,Corporate,Credit Card
ORD-2024-13633,2024-03-09,CUST-0325,OFF-LA-3006,Office Supplies,5,60.0,0.2,25.0,North,Corporate,Credit Card
ORD-2024-13753,2024-03-09,CUST-0200,OFF-ST-3003,Office Supplies,2,45.0,0.1,17.0,North,Consumer,Credit Card
ORD-2024-13797,2024-03-09,CUST-0338,TEC-PH-1001,Technology,1,850.0,0.0,250.0,West,Small Business,Net Banking
ORD-2023-11886,2024-03-10,CUST-0512,TEC-PH-1001,Technology,2,1700.0,0.0,500.0,South,Consumer,Credit Card
ORD-2023-14212,2024-03-10,CUST-0189,FUR-CH-2001,Furniture,1,126.0,0.3,-14.0,East,Consumer,Credit Card
ORD-2023-14766,2024-03-10,CUST-0026,OFF-PA-3001,Office Supplies,2,36.0,0.0,18.0,West,Corporate,UPI
ORD-2024-11731,2024-03-10,CUST-0496,OFF-BI-3002,Office Supplies,5,60.0,0.0,35.0,South,Consumer,UPI
ORD-2024-14939,2024-03-10,CUST-0009,FUR-BK-2003,Furniture,3,594.0,0.1,69.0,West,Consumer,Debit Card
ORD-2023-13506,2024-03-11,CUST-0023,OFF-AP-3004,Office Supplies,1,85.0,0.0,30.0,West,Consumer,Credit Card
ORD-2023-13710,2024-03-11,CUST-0583,TEC-HD-1006,Technology,2,198.0,0.1,58.0,North,Consumer,Cash on Delivery
ORD-2024-11803,2024-03-11,CUST-0188,TEC-AC-1004,Technology,8,306.0,0.15,130.0,North,Consumer,Credit Card
ORD-2024-14271,2024-03-11,CUST-0621,OFF-EN-3005,Office Supplies,2,12.8,0.2,6.8,East,Corporate,Credit Card
ORD-2023-10954,2024-03-12,CUST-0373,TEC-PR-1005,Technology,4,1000.0,0.0,240.0,West,Consumer,Net Banking
ORD-2023-11344,2024-03-12,CUST-0549,OFF-ST-3003,Office Supplies,2,47.5,0.05,19.5,West,Consumer,Credit Card
ORD-2023-14710,2024-03-12,CUST-0453,FUR-DS-2004,Furniture,1,224.0,0.3,-36.0,South,Small Business,Credit Card
ORD-2023-15460,2024-03-12,CUST-0650,FUR-CH-2001,Furniture,1,180.0,0.0,40.0,South,Consumer,UPI
ORD-2024-10075,2024-03-12,CUST-0148,OFF-EN-3005,Office Supplies,1,6.4,0.2,3.4,South,Small Business,Credit Card
ORD-2024-11285,2024-03-12,CUST-0270,FUR-BK-2003,Furniture,1,154.0,0.3,-21.0,East,Small Business,Credit Card
ORD-2024-12721,2024-03-12,CUST-0478,TEC-AC-1004,Technology,1,45.0,0.0,23.0,East,Corporate,UPI
ORD-2024-13571,2024-03-12,CUST-0093,FUR-BK-2003,Furniture,1,176.0,0.2,1.0,East,Corporate,UPI
ORD-2023-10186,2024-03-13,CUST-0124,OFF-EN-3005,Office Supplies,1,6.4,0.2,3.4,North,Consumer,Debit Card
ORD-2024-10855,2024-03-13,CUST-0397,OFF-PA-3001,Office Supplies,1,17.1,0.05,8.1,West,Consumer,Debit Card
ORD-2024-11405,2024-03-13,CUST-0043,OFF-EN-3005,Office Supplies,1,8.0,0.0,5.0,West,Corporate,Credit Card
ORD-2024-13173,2024-03-13,CUST-0050,FUR-DS-2004,Furniture,1,256.0,0.2,-4.0,North,Corporate,Credit Card
ORD-2023-12540,2024-03-14,CUST-0049,TEC-AC-1004,Technology,4,171.0,0.05,83.0,North,Consumer,UPI
ORD-2024-11455,2024-03-14,CUST-0254,OFF-AP-3004,Office Supplies,2,170.0,0.0,60.0,North,Corporate,Credit Card
ORD-2024-12793,2024-03-14,CUST-0636,OFF-BI-3002,Office Supplies,1,12.0,0.0,7.0,Central,Consumer,Debit Card
ORD-2024-14977,2024-03-14,CUST-0060,OFF-PA-3001,Office Supplies,1,18.0,0.0,9.0,West,Consumer,Debit Card
ORD-2023-14412,2024-03-15,CUST-0647,TEC-PR-1005,Technology,2,500.0,0.0,120.0,North,Consumer,UPI
ORD-2024-11463,2024-03-15,CUST-0410,FUR-DS-2004,Furniture,1,320.0,0.0,60.0,Central,Consumer,Debit Card
ORD-2024-12883,2024-03-15,CUST-0212,FUR-DS-2004,Furniture,2,512.0,0.2,-8.0,East,Corporate,Credit Card
ORD-2024-13325,2024-03-15,CUST-0609,FUR-DS-2004,Furniture,1,160.0,0.5,-100.0,East,Corporate,Credit Card
ORD-2024-13639,2024-03-15,CUST-0475,FUR-SF-2005,Furniture,2,910.0,0.3,-190.0,North,Consumer,Credit Card
ORD-2023-13996,2024-03-16,CUST-0213,TEC-MN-1003,Technology,1,285.0,0.05,75.0,North,Corporate,UPI
ORD-2024-11061,2024-03-16,CUST-0332,OFF-BI-3002,Office Supplies,2,22.8,0.05,12.8,South,Corporate,Credit Card
ORD-2024-11657,2024-03-16,CUST-0052,OFF-PA-3001,Office Supplies,2,34.2,0.05,16.2,Central,Consumer,Cash on Delivery
ORD-2024-12845,2024-03-16,CUST-0416,OFF-BI-3002,Office Supplies,3,36.0,0.0,21.0,North,Corporate,Credit Card
ORD-2024-13813,2024-03-16,CUST-0574,OFF-PA-3001,Office Supplies,2,36.0,0.0,18.0,North,Consumer,UPI
ORD-2023-12694,2024-03-17,CUST-0011,OFF-AP-3004,Office Supplies,2,170.0,0.0,60.0,North,Corporate,Cash on Delivery
ORD-2024-11113,2024-03-17,CUST-0266,FUR-CH-2001,Furniture,8,1440.0,0.0,320.0,Central,Consumer,Credit Card
ORD-2024-12077,2024-03-17,CUST-0368,OFF-AP-3004,Office Supplies,1,85.0,0.0,30.0,West,Small Business,Credit Card
ORD-2024-12785,2024-03-17,CUST-0634,TEC-HD-1006,Technology,1,82.5,0.25,12.5,East,Corporate,Credit Card
ORD-2024-10925,2024-03-18,CUST-0259,FUR-BK-2003,Furniture,1,198.0,0.1,23.0,North,Corporate,Credit Card
ORD-2024-14783,2024-03-18,CUST-0025,FUR-SF-2005,Furniture,1,390.0,0.4,-160.0,North,Consumer,Debit Card
ORD-2024-15111,2024-03-18,CUST-0464,OFF-PA-3001,Office Supplies,1,18.0,0.0,9.0,North,Consumer,Debit Card
ORD-2024-15453,2024-03-18,CUST-0389,FUR-CH-2001,Furniture,2,252.0,0.3,-28.0,West,Consumer,Debit Card
ORD-2023-10644,2024-03-19,CUST-0111,TEC-MN-1003,Technology,1,285.0,0.05,75.0,West,Consumer,UPI
ORD-2023-14540,2024-03-19,CUST-0186,FUR-CH-2001,Furniture,1,180.0,0.0,40.0,South,Consumer,Debit Card
ORD-2023-14868,2024-03-19,CUST-0295,FUR-BK-2003,Furniture,1,220.0,0.0,45.0,Central,Consumer,Cash on Delivery
ORD-2024-11077,2024-03-19,CUST-0313,OFF-LA-3006,Office Supplies,2,24.0,0.2,10.0,Central,Consumer,Debit Card
ORD-2024-13457,2024-03-19,CUST-0308,OFF-PA-3001,Office Supplies,1,12.6,0.3,3.6,West,Consumer,Debit Card
ORD-2024-14207,2024-03-19,CUST-0386,TEC-HD-1006,Technology,3,330.0,0.0,120.0,North,Corporate,Credit Card
ORD-2023-11494,2024-03-20,CUST-0082,OFF-AP-3004,Office Supplies,2,153.0,0.1,43.0,North,Consumer,Cash on Delivery
ORD-2023-11696,2024-03-20,CUST-0191,TEC-PH-1001,Technology,3,2550.0,0.0,750.0,West,Corporate,Debit Card
ORD-2023-12566,2024-03-20,CUST-0416,OFF-BI-3002,Office Supplies,2,21.6,0.1,11.6,North,Corporate,Debit Card
ORD-2023-13848,2024-03-20,CUST-0055,TEC-MN-1003,Technology,1,300.0,0.0,90.0,Central,Corporate,Debit Card
ORD-2024-12365,2024-03-20,CUST-0395,OFF-BI-3002,Office Supplies,8,96.0,0.0,56.0,Central,Corporate,Debit Card
ORD-2024-13219,2024-03-20,CUST-0060,OFF-EN-3005,Office Supplies,1,7.2,0.1,4.2,Central,Consumer,Credit Card
ORD-2024-14195,2024-03-20,CUST-0083,FUR-DS-2004,Furniture,1,256.0,0.2,-4.0,North,Consumer,UPI
ORD-2023-12498,2024-03-21,CUST-0033,FUR-BK-2003,Furniture,1,198.0,0.1,23.0,South,Corporate,Credit Card
ORD-2023-13116,2024-03-21,CUST-0373,TEC-PH-1001,Technology,1,807.5,0.05,207.5,West,Consumer,Credit Card
ORD-2023-13638,2024-03-21,CUST-0606,FUR-CH-2001,Furniture,5,720.0,0.2,20.0,South,Small Business,Debit Card
ORD-2023-14048,2024-03-21,CUST-0492,FUR-CH-2001,Furniture,1,162.0,0.1,22.0,South,Consumer,Cash on Delivery
ORD-2023-14578,2024-03-21,CUST-0391,TEC-MN-1003,Technology,1,300.0,0.0,90.0,Central,Corporate,UPI
ORD-2024-11111,2024-03-21,CUST-0573,FUR-TB-2002,Furniture,8,2880.0,0.2,-240.0,East,Consumer,Credit Card
ORD-2024-13479,2024-03-21,CUST-0606,OFF-PA-3001,Office Supplies,2,36.0,0.0,18.0,South,Small Business,UPI
ORD-2024-13971,2024-03-21,CUST-0022,OFF-PA-3001,Office Supplies,1,18.0,0.0,9.0,South,Consumer,Credit Card
ORD-2023-10098,2024-03-22,CUST-0301,FUR-BK-2003,Furniture,1,176.0,0.2,1.0,North,Consumer,Cash on Delivery
ORD-2023-11124,2024-03-22,CUST-0356,TEC-PR-1005,Technology,2,500.0,0.0,120.0,North,Corporate,Credit Card
ORD-2023-12276,2024-03-22,CUST-0051,OFF-PA-3001,Office Supplies,1,12.6,0.3,3.6,North,Small Business,Credit Card
ORD-2023-14356,2024-03-22,CUST-0060,TEC-LP-1002,Technology,4,4560.0,0.05,960.0,Central,Consumer,UPI
ORD-2024-12545,2024-03-22,CUST-0466,TEC-PR-1005,Technology,1,250.0,0.0,60.0,South,Small Business,Cash on Delivery
ORD-2024-13135,2024-03-22,CUST-0168,OFF-LA-3006,Office Supplies,1,14.25,0.05,7.25,South,Corporate,UPI
ORD-2024-13403,2024-03-22,CUST-0030,OFF-LA-3006,Office Supplies,1,15.0,0.0,8.0,West,Corporate,Debit Card
ORD-2024-13671,2024-03-22,CUST-0574,FUR-BK-2003,Furniture,1,220.0,0.0,45.0,North,Consumer,UPI
ORD-2024-14111,2024-03-22,CUST-0634,TEC-LP-1002,Technology,4,4560.0,0.05,960.0,East,Corporate,UPI
ORD-2024-15373,2024-03-22,CUST-0065,TEC-PH-1001,Technology,1,807.5,0.05,207.5,East,Small Business,UPI
ORD-2023-13370,2024-03-23,CUST-0428,TEC-PR-1005,Technology,2,500.0,0.0,120.0,East,Corporate,Debit Card
ORD-2024-12317,2024-03-23,CUST-0299,OFF-LA-3006,Office Supplies,1,12.0,0.2,5.0,North,Corporate,Credit Card
ORD-2023-12274,2024-03-24,CUST-0406,OFF-LA-3006,Office Supplies,1,15.0,0.0,8.0,North,Consumer,Credit Card
ORD-2023-12840,2024-03-24,CUST-0531,OFF-ST-3003,Office Supplies,1,22.5,0.1,8.5,Central,Corporate,Debit Card
ORD-2023-13154,2024-03-24,CUST-0019,OFF-AP-3004,Office Supplies,1,85.0,0.0,30.0,Central,Corporate,Debit Card
ORD-2023-13358,2024-03-24,CUST-0126,TEC-PH-1001,Technology,2,1445.0,0.15,245.0,West,Consumer,Cash on Delivery
ORD-2023-14772,2024-03-24,CUST-0124,TEC-PR-1005,Technology,2,500.0,0.0,120.0,North,Consumer,UPI
ORD-2024-11173,2024-03-24,CUST-0630,TEC-AC-1004,Technology,3,114.75,0.15,48.75,West,Consumer,Net Banking
ORD-2024-12353,2024-03-24,CUST-0395,OFF-LA-3006,Office Supplies,1,14.25,0.05,7.25,Central,Corporate,Debit Card
ORD-2024-12747,2024-03-24,CUST-0059,TEC-LP-1002,Technology,1,1200.0,0.0,300.0,East,Corporate,UPI
ORD-2024-12881,2024-03-24,CUST-0228,TEC-PR-1005,Technology,3,712.5,0.05,142.5,North,Consumer,Debit Card
ORD-2024-14479,2024-03-24,CUST-0623,FUR-DS-2004,Furniture,5,1280.0,0.2,-20.0,North,Consumer,Credit Card
ORD-2024-14877,2024-03-24,CUST-0004,FUR-TB-2002,Furniture,1,360.0,0.2,-30.0,North,Corporate,UPI
ORD-2023-11438,2024-03-25,CUST-0481,OFF-ST-3003,Office Supplies,4,100.0,0.0,44.0,North,Small Business,Cash on Delivery
ORD-2023-12988,2024-03-25,CUST-0270,OFF-LA-3006,Office Supplies,2,30.0,0.0,16.0,South,Small Business,Net Banking
ORD-2024-11099,2024-03-25,CUST-0635,TEC-LP-1002,Technology,3,3420.0,0.05,720.0,North,Corporate,UPI
ORD-2024-12909,2024-03-25,CUST-0533,OFF-LA-3006,Office Supplies,1,13.5,0.1,6.5,West,Consumer,Net Banking
ORD-2024-13647,2024-03-25,CUST-0535,FUR-SF-2005,Furniture,5,2275.0,0.3,-475.0,South,Consumer,UPI
ORD-2023-10390,2024-03-26,CUST-0626,FUR-DS-2004,Furniture,1,288.0,0.1,28.0,South,Corporate,Credit Card
ORD-2023-11044,2024-03-26,CUST-0257,FUR-CH-2001,Furniture,2,360.0,0.0,80.0,West,Consumer,Credit Card
ORD-2023-11092,2024-03-26,CUST-0045,OFF-PA-3001,Office Supplies,1,18.0,0.0,9.0,South,Consumer,Credit Card
ORD-2023-12946,2024-03-26,CUST-0429,FUR-TB-2002,Furniture,1,405.0,0.1,15.0,East,Consumer,Credit Card
ORD-2023-13634,2024-03-26,CUST-0127,TEC-MN-1003,Technology,2,600.0,0.0,180.0,South,Corporate,Debit Card
ORD-2023-13708,2024-03-26,CUST-0510,OFF-PA-3001,Office Supplies,4,72.0,0.0,36.0,West,Consumer,Debit Card
ORD-2023-13990,2024-03-26,CUST-0231,FUR-TB-2002,Furniture,3,810.0,0.4,-360.0,South,Consumer,Debit Card
ORD-2023-14250,2024-03-26,CUST-0543,OFF-AP-3004,Office Supplies,1,85.0,0.0,30.0,North,Consumer,UPI
ORD-2024-10523,2024-03-26,CUST-0186,TEC-PR-1005,Technology,1,250.0,0.0,60.0,North,Consumer,Credit Card
ORD-2024-11967,2024-03-26,CUST-0166,OFF-EN-3005,Office Supplies,1,8.0,0.0,5.0,East,Consumer,Credit Card
ORD-2024-12723,2024-03-26,CUST-0369,TEC-PR-1005,Technology,1,237.5,0.05,47.5,North,Small Business,Credit Card
ORD-2024-13179,2024-03-26,CUST-0215,OFF-BI-3002,Office Supplies,1,11.4,0.05,6.4,South,Consumer,Credit Card
ORD-2024-13327,2024-03-26,CUST-0494,TEC-PH-1001,Technology,2,1700.0,0.0,500.0,West,Consumer,UPI
ORD-2023-12578,2024-03-27,CUST-0125,OFF-AP-3004,Office Supplies,1,85.0,0.0,30.0,East,Consumer,UPI
ORD-2023-13792,2024-03-27,CUST-0097,TEC-LP-1002,Technology,2,2280.0,0.05,480.0,East,Consumer,Credit Card
ORD-2024-10877,2024-03-27,CUST-0125,TEC-PH-1001,Technology,8,6460.0,0.05,1660.0,East,Consumer,Cash on Delivery
ORD-2024-11367,2024-03-27,CUST-0610,FUR-DS-2004,Furniture,3,576.0,0.4,-204.0,West,Small Business,Debit Card
ORD-2023-14406,2024-03-28,CUST-0589,TEC-PH-1001,Technology,1,850.0,0.0,250.0,South,Consumer,Credit Card
ORD-2023-14928,2024-03-28,CUST-0326,OFF-EN-3005,Office Supplies,1,8.0,0.0,5.0,West,Consumer,UPI
ORD-2023-15304,2024-03-28,CUST-0496,OFF-EN-3005,Office Supplies,2,12.8,0.2,6.8,South,Consumer,Credit Card
ORD-2024-12119,2024-03-28,CUST-0367,FUR-CH-2001,Furniture,1,162.0,0.1,22.0,South,Corporate,Credit Card
ORD-2024-14733,2024-03-28,CUST-0514,OFF-BI-3002,Office Supplies,3,34.2,0.05,19.2,West,Corporate,Credit Card
ORD-2024-15349,2024-03-28,CUST-0100,FUR-TB-2002,Furniture,3,1080.0,0.2,-90.0,East,Consumer,UPI
ORD-2023-11062,2024-03-29,CUST-0418,FUR-DS-2004,Furniture,1,160.0,0.5,-100.0,North,Consumer,Credit Card
ORD-2023-15210,2024-03-29,CUST-0485,FUR-BK-2003,Furniture,1,220.0,0.0,45.0,South,Small Business,UPI
ORD-2024-10033,2024-03-29,CUST-0091,TEC-PH-1001,Technology,1,765.0,0.1,165.0,West,Corporate,Debit Card
ORD-2024-11097,2024-03-29,CUST-0363,FUR-DS-2004,Furniture,1,288.0,0.1,28.0,East,Corporate,Cash on Delivery
ORD-2024-12705,2024-03-29,CUST-0388,TEC-PH-1001,Technology,2,1700.0,0.0,500.0,South,Consumer,Credit Card
ORD-2024-14757,2024-03-29,CUST-0514,OFF-BI-3002,Office Supplies,8,86.4,0.1,46.4,West,Corporate,Net Banking
ORD-2024-15211,2024-03-29,CUST-0555,TEC-PR-1005,Technology,2,500.0,0.0,120.0,East,Small Business,Credit Card
ORD-2023-11524,2024-03-30,CUST-0272,TEC-LP-1002,Technology,1,1200.0,0.0,300.0,West,Small Business,Credit Card
ORD-2023-14826,2024-03-30,CUST-0370,OFF-AP-3004,Office Supplies,2,170.0,0.0,60.0,East,Corporate,UPI
ORD-2023-14832,2024-03-30,CUST-0422,OFF-ST-3003,Office Supplies,2,50.0,0.0,22.0,North,Consumer,Cash on Delivery
ORD-2024-10997,2024-03-30,CUST-0141,FUR-TB-2002,Furniture,3,945.0,0.3,-225.0,West,Corporate,Credit Card
ORD-2024-12135,2024-03-30,CUST-0314,OFF-BI-3002,Office Supplies,4,45.6,0.05,25.6,North,Corporate,Credit Card
ORD-2024-13609,2024-03-30,CUST-0574,FUR-SF-2005,Furniture,2,1170.0,0.1,70.0,North,Consumer,Credit Card
ORD-2024-15305,2024-03-30,CUST-0450,FUR-DS-2004,Furniture,1,320.0,0.0,60.0,Central,Consumer,UPI
ORD-2023-11284,2024-03-31,CUST-0028,FUR-SF-2005,Furniture,1,585.0,0.1,35.0,South,Corporate,Credit Card
ORD-2023-13200,2024-03-31,CUST-0507,FUR-SF-2005,Furniture,5,2600.0,0.2,-150.0,Central,Consumer,Cash on Delivery
ORD-2023-13486,2024-03-31,CUST-0073,TEC-HD-1006,Technology,1,110.0,0.0,40.0,West,Consumer,Credit Card
ORD-2024-11775,2024-03-31,CUST-0079,TEC-AC-1004,Technology,2,90.0,0.0,46.0,East,Consumer,Debit Card
ORD-2024-14363,2024-03-31,CUST-0149,TEC-LP-1002,Technology,1,1140.0,0.05,240.0,East,Corporate,Net Banking
ORD-2024-14373,2024-03-31,CUST-0217,TEC-LP-1002,Technology,1,1140.0,0.05,240.0,East,Corporate,Credit Card
ORD-2024-14617,2024-03-31,CUST-0289,TEC-LP-1002,Technology,1,1200.0,0.0,300.0,East,Consumer,Debit Card
ORD-2024-15209,2024-03-31,CUST-0464,FUR-BK-2003,Furniture,2,308.0,0.3,-42.0,North,Consumer,Credit Card
ORD-2023-10402,2024-04-01,CUST-0565,TEC-PR-1005,Technology,2,500.0,0.0,120.0,North,Consumer,UPI
ORD-2023-12224,2024-04-01,CUST-0488,FUR-CH-2001,Furniture,1,90.0,0.5,-50.0,North,Corporate,Credit Card
ORD-2023-13280,2024-04-01,CUST-0178,TEC-PH-1001,Technology,2,1700.0,0.0,500.0,Central,Small Business,UPI
ORD-2023-14256,2024-04-01,CUST-0030,OFF-EN-3005,Office Supplies,1,6.4,0.2,3.4,South,Corporate,Net Banking
ORD-2024-11383,2024-04-01,CUST-0522,FUR-CH-2001,Furniture,1,108.0,0.4,-32.0,West,Consumer,Credit Card
ORD-2024-13393,2024-04-01,CUST-0147,TEC-MN-1003,Technology,1,225.0,0.25,15.0,North,Corporate,UPI
ORD-2024-14143,2024-04-01,CUST-0650,OFF-ST-3003,Office Supplies,4,95.0,0.05,39.0,South,Consumer,Credit Card
ORD-2023-10694,2024-04-02,CUST-0091,OFF-BI-3002,Office Supplies,1,11.4,0.05,6.4,West,Corporate,Credit Card
ORD-2023-11808,2024-04-02,CUST-0616,TEC-PR-1005,Technology,2,500.0,0.0,120.0,North,Consumer,UPI
ORD-2023-15280,2024-04-02,CUST-0016,TEC-AC-1004,Technology,2,90.0,0.0,46.0,South,Corporate,Credit Card
ORD-2024-14843,2024-04-02,CUST-0127,OFF-AP-3004,Office Supplies,1,85.0,0.0,30.0,South,Corporate,Debit Card
ORD-2023-11540,2024-04-03,CUST-0265,OFF-ST-3003,Office Supplies,2,50.0,0.0,22.0,East,Corporate,Debit Card
ORD-2023-12094,2024-04-03,CUST-0063,OFF-PA-3001,Office Supplies,2,36.0,0.0,18.0,East,Corporate,Debit Card
ORD-2024-12153,2024-04-03,CUST-0572,FUR-SF-2005,Furniture,1,585.0,0.1,35.0,North,Consumer,Debit Card
ORD-2024-14049,2024-04-03,CUST-0274,TEC-HD-1006,Technology,2,198.0,0.1,58.0,East,Consumer,Debit Card
ORD-2024-14639,2024-04-03,CUST-0508,FUR-DS-2004,Furniture,2,640.0,0.0,120.0,South,Small Business,UPI
ORD-2023-10238,2024-04-04,CUST-0018,TEC-PR-1005,Technology,4,1000.0,0.0,240.0,Central,Corporate,UPI
ORD-2023-11164,2024-04-04,CUST-0196,OFF-EN-3005,Office Supplies,4,30.4,0.05,18.4,North,Consumer,Credit Card
ORD-2023-13070,2024-04-04,CUST-0148,TEC-PR-1005,Technology,1,237.5,0.05,47.5,South,Small Business,UPI
ORD-2023-14532,2024-04-04,CUST-0428,FUR-TB-2002,Furniture,3,945.0,0.3,-225.0,East,Corporate,UPI
ORD-2024-11755,2024-04-04,CUST-0112,OFF-ST-3003,Office Supplies,1,23.75,0.05,9.75,South,Consumer,Credit Card
ORD-2024-15361,2024-04-04,CUST-0352,TEC-AC-1004,Technology,2,85.5,0.05,41.5,Central,Corporate,UPI
ORD-2023-10076,2024-04-05,CUST-0494,OFF-LA-3006,Office Supplies,3,45.0,0.0,24.0,West,Consumer,UPI
ORD-2023-10424,2024-04-05,CUST-0081,TEC-AC-1004,Technology,3,128.25,0.05,62.25,Central,Small Business,Credit Card
ORD-2023-13686,2024-04-05,CUST-0188,OFF-LA-3006,Office Supplies,2,21.0,0.3,7.0,North,Consumer,Cash on Delivery
ORD-2024-12343,2024-04-05,CUST-0122,FUR-DS-2004,Furniture,1,224.0,0.3,-36.0,Central,Corporate,UPI
ORD-2023-12808,2024-04-06,CUST-0203,FUR-DS-2004,Furniture,4,1024.0,0.2,-16.0,South,Consumer,Debit Card
ORD-2023-12820,2024-04-06,CUST-0013,FUR-SF-2005,Furniture,2,1040.0,0.2,-60.0,North,Consumer,Credit Card
ORD-2024-10735,2024-04-06,CUST-0019,FUR-TB-2002,Furniture,3,1215.0,0.1,45.0,Central,Corporate,Credit Card
ORD-2024-13413,2024-04-06,CUST-0018,OFF-BI-3002,Office Supplies,3,34.2,0.05,19.2,North,Corporate,Debit Card
ORD-2023-11106,2024-04-07,CUST-0248,FUR-SF-2005,Furniture,2,1170.0,0.1,70.0,West,Consumer,Debit Card
ORD-2023-11282,2024-04-07,CUST-0215,OFF-BI-3002,Office Supplies,4,45.6,0.05,25.6,South,Consumer,UPI
ORD-2023-14598,2024-04-07,CUST-0093,TEC-MN-1003,Technology,3,765.0,0.15,135.0,East,Corporate,UPI
ORD-2024-10479,2024-04-07,CUST-0111,FUR-DS-2004,Furniture,1,192.0,0.4,-68.0,West,Consumer,Credit Card
ORD-2024-14751,2024-04-07,CUST-0099,TEC-PH-1001,Technology,3,2295.0,0.1,495.0,East,Consumer,Credit Card
ORD-2024-14849,2024-04-07,CUST-0218,TEC-AC-1004,Technology,1,45.0,0.0,23.0,East,Corporate,Credit Card
ORD-2023-10896,2024-04-08,CUST-0428,FUR-CH-2001,Furniture,5,810.0,0.1,110.0,East,Corporate,UPI
ORD-2024-12759,2024-04-08,CUST-0328,FUR-SF-2005,Furniture,1,520.0,0.2,-30.0,North,Corporate,UPI
ORD-2024-13727,2024-04-08,CUST-0063,TEC-MN-1003,Technology,3,900.0,0.0,270.0,East,Corporate,UPI
ORD-2023-11078,2024-04-09,CUST-0015,OFF-LA-3006,Office Supplies,3,45.0,0.0,24.0,Central,Consumer,Cash on Delivery
ORD-2023-11256,2024-04-09,CUST-0095,TEC-MN-1003,Technology,1,300.0,0.0,90.0,North,Consumer,Credit Card
ORD-2023-12020,2024-04-09,CUST-0107,OFF-LA-3006,Office Supplies,1,14.25,0.05,7.25,North,Consumer,Credit Card
ORD-2023-15362,2024-04-09,CUST-0026,TEC-AC-1004,Technology,1,40.5,0.1,18.5,West,Corporate,Cash on Delivery
ORD-2024-14791,2024-04-09,CUST-0464,OFF-EN-3005,Office Supplies,4,25.6,0.2,13.6,North,Consumer,Cash on Delivery
ORD-2023-10704,2024-04-10,CUST-0248,OFF-LA-3006,Office Supplies,10,150.0,0.0,80.0,West,Consumer,Credit Card
ORD-2023-11574,2024-04-10,CUST-0345,OFF-AP-3004,Office Supplies,1,85.0,0.0,30.0,East,Consumer,UPI
ORD-2023-12396,2024-04-10,CUST-0276,OFF-AP-3004,Office Supplies,2,161.5,0.05,51.5,South,Small Business,Credit Card
ORD-2023-12852,2024-04-10,CUST-0554,TEC-HD-1006,Technology,1,99.0,0.1,29.0,East,Consumer,Debit Card
ORD-2023-13276,2024-04-10,CUST-0033,FUR-TB-2002,Furniture,1,450.0,0.0,60.0,South,Corporate,Debit Card
ORD-2023-14462,2024-04-10,CUST-0339,OFF-EN-3005,Office Supplies,2,15.2,0.05,9.2,East,Corporate,Net Banking
ORD-2023-15114,2024-04-10,CUST-0399,FUR-SF-2005,Furniture,2,1170.0,0.1,70.0,South,Consumer,UPI
ORD-2024-10165,2024-04-10,CUST-0249,OFF-PA-3001,Office Supplies,3,48.6,0.1,21.6,West,Consumer,Debit Card
ORD-2024-10905,2024-04-10,CUST-0427,FUR-TB-2002,Furniture,2,630.0,0.3,-150.0,East,Consumer,UPI
ORD-2024-12131,2024-04-10,CUST-0119,TEC-HD-1006,Technology,3,313.5,0.05,103.5,East,Consumer,Credit Card
ORD-2024-13091,2024-04-10,CUST-0435,TEC-LP-1002,Technology,1,1200.0,0.0,300.0,East,Consumer,UPI
ORD-2024-15239,2024-04-10,CUST-0617,OFF-LA-3006,Office Supplies,2,30.0,0.0,16.0,East,Small Business,Debit Card
ORD-2023-10884,2024-04-11,CUST-0447,FUR-TB-2002,Furniture,1,450.0,0.0,60.0,North,Consumer,UPI
ORD-2023-14688,2024-04-11,CUST-0195,OFF-PA-3001,Office Supplies,1,18.0,0.0,9.0,South,Consumer,Cash on Delivery
ORD-2023-14720,2024-04-11,CUST-0223,FUR-BK-2003,Furniture,3,660.0,0.0,135.0,North,Consumer,Credit Card
ORD-2023-15490,2024-04-11,CUST-0549,TEC-PR-1005,Technology,3,675.0,0.1,105.0,West,Consumer,Cash on Delivery
ORD-2024-10571,2024-04-11,CUST-0314,TEC-PR-1005,Technology,2,475.0,0.05,95.0,North,Corporate,Credit Card
ORD-2024-11201,2024-04-11,CUST-0538,TEC-AC-1004,Technology,1,45.0,0.0,23.0,East,Corporate,Cash on Delivery
ORD-2024-14441,2024-04-11,CUST-0011,FUR-TB-2002,Furniture,1,360.0,0.2,-30.0,North,Corporate,Credit Card
ORD-2023-14408,2024-04-12,CUST-0265,OFF-ST-3003,Office Supplies,1,22.5,0.1,8.5,East,Corporate,Credit Card
ORD-2023-15464,2024-04-12,CUST-0313,TEC-MN-1003,Technology,2,570.0,0.05,150.0,Central,Consumer,Debit Card
ORD-2024-12243,2024-04-12,CUST-0352,OFF-PA-3001,Office Supplies,1,16.2,0.1,7.2,Central,Corporate,Debit Card
ORD-2023-10608,2024-04-13,CUST-0241,OFF-ST-3003,Office Supplies,4,100.0,0.0,44.0,North,Small Business,UPI
ORD-2023-10610,2024-04-13,CUST-0133,OFF-LA-3006,Office Supplies,2,28.5,0.05,14.5,North,Small Business,Net Banking
ORD-2023-14038,2024-04-13,CUST-0606,TEC-MN-1003,Technology,5,1425.0,0.05,375.0,South,Small Business,Debit Card
ORD-2023-14454,2024-04-13,CUST-0059,FUR-BK-2003,Furniture,1,110.0,0.5,-65.0,North,Corporate,UPI
ORD-2024-10421,2024-04-13,CUST-0477,TEC-AC-1004,Technology,1,42.75,0.05,20.75,West,Corporate,Credit Card
ORD-2024-12229,2024-04-13,CUST-0154,FUR-DS-2004,Furniture,1,224.0,0.3,-36.0,West,Consumer,UPI
ORD-2024-13063,2024-04-13,CUST-0147,TEC-PH-1001,Technology,1,722.5,0.15,122.5,North,Corporate,UPI
ORD-2024-14785,2024-04-13,CUST-0152,TEC-HD-1006,Technology,1,110.0,0.0,40.0,West,Small Business,UPI
ORD-2024-15439,2024-04-13,CUST-0440,FUR-DS-2004,Furniture,2,448.0,0.3,-72.0,West,Corporate,UPI
ORD-2023-13980,2024-04-14,CUST-0195,TEC-PH-1001,Technology,1,850.0,0.0,250.0,South,Consumer,UPI
ORD-2024-12055,2024-04-14,CUST-0151,FUR-SF-2005,Furniture,8,4160.0,0.2,-240.0,East,Corporate,Debit Card
ORD-2023-11686,2024-04-15,CUST-0263,FUR-DS-2004,Furniture,1,256.0,0.2,-4.0,South,Corporate,Credit Card
ORD-2024-10369,2024-04-15,CUST-0194,TEC-MN-1003,Technology,2,450.0,0.25,30.0,South,Consumer,UPI
ORD-2024-14047,2024-04-15,CUST-0125,OFF-ST-3003,Office Supplies,1,23.75,0.05,9.75,East,Consumer,Cash on Delivery
ORD-2024-14245,2024-04-15,CUST-0345,FUR-CH-2001,Furniture,3,540.0,0.0,120.0,North,Consumer,UPI
ORD-2024-14331,2024-04-15,CUST-0342,OFF-AP-3004,Office Supplies,2,170.0,0.0,60.0,Central,Small Business,Credit Card
ORD-2023-11670,2024-04-16,CUST-0186,FUR-SF-2005,Furniture,2,910.0,0.3,-190.0,North,Consumer,Cash on Delivery
ORD-2023-12964,2024-04-16,CUST-0265,OFF-PA-3001,Office Supplies,2,28.8,0.2,10.8,East,Corporate,Debit Card
ORD-2023-13646,2024-04-16,CUST-0558,TEC-HD-1006,Technology,1,110.0,0.0,40.0,West,Small Business,Credit Card
ORD-2023-14090,2024-04-16,CUST-0326,TEC-HD-1006,Technology,1,110.0,0.0,40.0,West,Consumer,Debit Card
ORD-2023-14396,2024-04-16,CUST-0553,OFF-ST-3003,Office Supplies,1,25.0,0.0,11.0,South,Corporate,Credit Card
ORD-2023-15406,2024-04-16,CUST-0516,TEC-PH-1001,Technology,2,1275.0,0.25,75.0,West,Consumer,Debit Card
ORD-2024-12855,2024-04-16,CUST-0069,TEC-PR-1005,Technology,1,250.0,0.0,60.0,North,Corporate,UPI
ORD-2024-12953,2024-04-16,CUST-0035,OFF-BI-3002,Office Supplies,1,12.0,0.0,7.0,East,Consumer,UPI
ORD-2024-12983,2024-04-16,CUST-0626,TEC-LP-1002,Technology,1,1200.0,0.0,300.0,West,Corporate,Credit Card
ORD-2023-11610,2024-04-17,CUST-0375,OFF-LA-3006,Office Supplies,2,21.0,0.3,7.0,West,Small Business,Credit Card
ORD-2023-11814,2024-04-17,CUST-0075,TEC-MN-1003,Technology,2,570.0,0.05,150.0,West,Consumer,Credit Card
ORD-2023-14252,2024-04-17,CUST-0512,TEC-PR-1005,Technology,2,425.0,0.15,45.0,South,Consumer,Debit Card
ORD-2023-14676,2024-04-17,CUST-0596,TEC-HD-1006,Technology,4,418.0,0.05,138.0,East,Small Business,Net Banking
ORD-2023-14848,2024-04-17,CUST-0188,FUR-BK-2003,Furniture,1,198.0,0.1,23.0,North,Consumer,Credit Card
ORD-2023-15376,2024-04-17,CUST-0477,TEC-MN-1003,Technology,4,1140.0,0.05,300.0,West,Corporate,Debit Card
ORD-2024-10887,2024-04-17,CUST-0255,TEC-PR-1005,Technology,5,1250.0,0.0,300.0,West,Consumer,Credit Card
ORD-2024-11629,2024-04-17,CUST-0228,OFF-AP-3004,Office Supplies,4,340.0,0.0,120.0,North,Consumer,Credit Card
ORD-2024-13677,2024-04-17,CUST-0062,OFF-LA-3006,Office Supplies,1,13.5,0.1,6.5,Central,Small Business,Credit Card
ORD-2023-11310,2024-04-18,CUST-0275,OFF-AP-3004,Office Supplies,2,161.5,0.05,51.5,South,Consumer,Debit Card
ORD-2023-12986,2024-04-18,CUST-0372,OFF-ST-3003,Office Supplies,1,23.75,0.05,9.75,East,Corporate,Debit Card
ORD-2023-14438,2024-04-18,CUST-0235,FUR-TB-2002,Furniture,3,1080.0,0.2,-90.0,North,Consumer,Debit Card
ORD-2024-11235,2024-04-18,CUST-0011,TEC-PH-1001,Technology,1,850.0,0.0,250.0,North,Corporate,Credit Card
ORD-2024-14753,2024-04-18,CUST-0551,OFF-LA-3006,Office Supplies,5,75.0,0.0,40.0,East,Consumer,UPI
ORD-2024-10983,2024-04-19,CUST-0377,OFF-PA-3001,Office Supplies,1,18.0,0.0,9.0,North,Consumer,Credit Card
ORD-2024-11451,2024-04-19,CUST-0057,OFF-AP-3004,Office Supplies,3,242.25,0.05,77.25,East,Consumer,Debit Card
ORD-2023-13406,2024-04-20,CUST-0471,TEC-AC-1004,Technology,2,76.5,0.15,32.5,North,Consumer,UPI
ORD-2023-13918,2024-04-20,CUST-0108,FUR-TB-2002,Furniture,3,945.0,0.3,-225.0,East,Corporate,Debit Card
ORD-2024-11225,2024-04-20,CUST-0627,TEC-LP-1002,Technology,3,3240.0,0.1,540.0,North,Consumer,Credit Card
ORD-2024-11255,2024-04-20,CUST-0536,TEC-PH-1001,Technology,2,1445.0,0.15,245.0,North,Corporate,UPI
ORD-2024-13481,2024-04-20,CUST-0456,OFF-ST-3003,Office Supplies,2,40.0,0.2,12.0,West,Consumer,UPI
ORD-2023-10090,2024-04-21,CUST-0160,TEC-AC-1004,Technology,1,38.25,0.15,16.25,Central,Corporate,Credit Card
ORD-2023-15356,2024-04-21,CUST-0428,TEC-AC-1004,Technology,4,171.0,0.05,83.0,East,Corporate,Net Banking
ORD-2024-10067,2024-04-21,CUST-0487,TEC-HD-1006,Technology,2,198.0,0.1,58.0,East,Consumer,Credit Card
ORD-2024-10883,2024-04-21,CUST-0642,TEC-AC-1004,Technology,3,135.0,0.0,69.0,West,Consumer,Debit Card
ORD-2024-11605,2024-04-21,CUST-0157,OFF-BI-3002,Office Supplies,1,12.0,0.0,7.0,Central,Consumer,UPI
ORD-2024-12073,2024-04-21,CUST-0442,OFF-EN-3005,Office Supplies,1,7.6,0.05,4.6,Central,Consumer,Debit Card
ORD-2023-10270,2024-04-22,CUST-0623,TEC-HD-1006,Technology,4,396.0,0.1,116.0,North,Consumer,Credit Card
ORD-2023-11244,2024-04-22,CUST-0048,TEC-LP-1002,Technology,1,1200.0,0.0,300.0,South,Consumer,Debit Card
ORD-2023-12690,2024-04-22,CUST-0104,TEC-MN-1003,Technology,1,300.0,0.0,90.0,South,Consumer,Credit Card
ORD-2024-14135,2024-04-22,CUST-0286,OFF-ST-3003,Office Supplies,1,25.0,0.0,11.0,North,Consumer,Credit Card
ORD-2023-11732,2024-04-23,CUST-0132,FUR-BK-2003,Furniture,1,132.0,0.4,-43.0,East,Corporate,UPI
ORD-2023-11864,2024-04-23,CUST-0412,OFF-ST-3003,Office Supplies,1,25.0,0.0,11.0,West,Consumer,Credit Card
ORD-2024-11597,2024-04-23,CUST-0488,FUR-BK-2003,Furniture,1,132.0,0.4,-43.0,South,Corporate,Credit Card
ORD-2024-15051,2024-04-23,CUST-0271,TEC-HD-1006,Technology,3,297.0,0.1,87.0,West,Small Business,UPI
ORD-2023-10122,2024-04-24,CUST-0259,OFF-EN-3005,Office Supplies,3,16.8,0.3,7.8,North,Corporate,Credit Card
ORD-2023-12360,2024-04-24,CUST-0512,TEC-MN-1003,Technology,1,225.0,0.25,15.0,South,Consumer,Debit Card
ORD-2023-12010,2024-04-25,CUST-0234,OFF-PA-3001,Office Supplies,3,48.6,0.1,21.6,East,Consumer,UPI
ORD-2023-12172,2024-04-25,CUST-0059,OFF-LA-3006,Office Supplies,3,31.5,0.3,10.5,North,Corporate,Credit Card
ORD-2023-12294,2024-04-25,CUST-0319,TEC-MN-1003,Technology,1,300.0,0.0,90.0,South,Consumer,Debit Card
ORD-2023-12362,2024-04-25,CUST-0418,FUR-SF-2005,Furniture,3,1560.0,0.2,-90.0,North,Consumer,UPI
ORD-2024-10145,2024-04-25,CUST-0464,TEC-MN-1003,Technology,4,1200.0,0.0,360.0,North,Consumer,Credit Card
ORD-2024-11261,2024-04-25,CUST-0270,TEC-PR-1005,Technology,3,750.0,0.0,180.0,Central,Small Business,UPI
ORD-2023-10992,2024-04-26,CUST-0510,OFF-PA-3001,Office Supplies,4,72.0,0.0,36.0,West,Consumer,Credit Card
ORD-2023-14186,2024-04-26,CUST-0314,TEC-LP-1002,Technology,2,2040.0,0.15,240.0,North,Corporate,Credit Card
ORD-2023-10452,2024-04-27,CUST-0014,TEC-PH-1001,Technology,1,850.0,0.0,250.0,North,Consumer,Credit Card
ORD-2023-13762,2024-04-27,CUST-0559,OFF-PA-3001,Office Supplies,1,17.1,0.05,8.1,South,Corporate,Cash on Delivery
ORD-2024-11347,2024-04-27,CUST-0409,OFF-EN-3005,Office Supplies,2,14.4,0.1,8.4,East,Consumer,Credit Card
ORD-2024-14523,2024-04-27,CUST-0033,TEC-LP-1002,Technology,1,1200.0,0.0,300.0,South,Corporate,Debit Card
ORD-2023-10494,2024-04-28,CUST-0222,FUR-TB-2002,Furniture,2,720.0,0.2,-60.0,North,Consumer,Cash on Delivery
ORD-2023-10562,2024-04-28,CUST-0359,OFF-ST-3003,Office Supplies,1,25.0,0.0,11.0,South,Small Business,Debit Card
ORD-2024-13359,2024-04-28,CUST-0421,TEC-PH-1001,Technology,2,1700.0,0.0,500.0,West,Consumer,UPI
ORD-2024-14697,2024-04-28,CUST-0201,OFF-AP-3004,Office Supplies,2,170.0,0.0,60.0,North,Consumer,Credit Card
ORD-2023-11372,2024-04-29,CUST-0314,FUR-SF-2005,Furniture,2,1170.0,0.1,70.0,North,Corporate,UPI
ORD-2023-11660,2024-04-29,CUST-0512,OFF-ST-3003,Office Supplies,2,47.5,0.05,19.5,South,Consumer,UPI
ORD-2023-14076,2024-04-29,CUST-0486,FUR-TB-2002,Furniture,4,1620.0,0.1,60.0,East,Small Business,UPI
ORD-2023-14910,2024-04-29,CUST-0249,TEC-PH-1001,Technology,1,850.0,0.0,250.0,West,Consumer,Debit Card
ORD-2024-10725,2024-04-29,CUST-0358,OFF-LA-3006,Office Supplies,2,24.0,0.2,10.0,North,Consumer,UPI
ORD-2024-10759,2024-04-29,CUST-0302,TEC-LP-1002,Technology,2,2160.0,0.1,360.0,South,Corporate,Credit Card
ORD-2024-12639,2024-04-29,CUST-0117,TEC-PH-1001,Technology,2,1700.0,0.0,500.0,East,Consumer,Debit Card
ORD-2024-15147,2024-04-29,CUST-0602,TEC-PR-1005,Technology,3,750.0,0.0,180.0,South,Consumer,UPI
ORD-2023-11642,2024-04-30,CUST-0231,TEC-LP-1002,Technology,1,1020.0,0.15,120.0,South,Consumer,Debit Card
ORD-2023-12398,2024-04-30,CUST-0340,FUR-TB-2002,Furniture,1,225.0,0.5,-165.0,Central,Corporate,Debit Card
ORD-2023-14604,2024-04-30,CUST-0416,FUR-DS-2004,Furniture,1,320.0,0.0,60.0,East,Corporate,Credit Card
ORD-2024-10291,2024-04-30,CUST-0395,FUR-SF-2005,Furniture,5,2925.0,0.1,175.0,Central,Corporate,UPI
ORD-2024-10577,2024-04-30,CUST-0514,FUR-DS-2004,Furniture,3,864.0,0.1,84.0,West,Corporate,UPI
ORD-2024-10923,2024-04-30,CUST-0410,OFF-AP-3004,Office Supplies,2,119.0,0.3,9.0,Central,Consumer,Debit Card
ORD-2023-12148,2024-05-01,CUST-0200,TEC-HD-1006,Technology,1,82.5,0.25,12.5,North,Consumer,UPI
ORD-2023-13396,2024-05-01,CUST-0508,FUR-BK-2003,Furniture,1,154.0,0.3,-21.0,South,Small Business,UPI
ORD-2023-14934,2024-05-01,CUST-0543,OFF-PA-3001,Office Supplies,1,16.2,0.1,7.2,East,Consumer,UPI
ORD-2024-11935,2024-05-01,CUST-0142,TEC-PR-1005,Technology,1,250.0,0.0,60.0,North,Consumer,Credit Card
ORD-2024-12277,2024-05-01,CUST-0134,TEC-HD-1006,Technology,3,330.0,0.0,120.0,North,Corporate,Credit Card
ORD-2024-14001,2024-05-01,CUST-0630,OFF-LA-3006,Office Supplies,10,135.0,0.1,65.0,West,Consumer,Cash on Delivery
ORD-2023-11212,2024-05-02,CUST-0507,TEC-PH-1001,Technology,3,2422.5,0.05,622.5,South,Consumer,Credit Card
ORD-2023-12306,2024-05-02,CUST-0116,OFF-PA-3001,Office Supplies,2,34.2,0.0,16.2,East,Corporate,Debit Card
ORD-2023-13082,2024-05-02,CUST-0299,TEC-AC-1004,Technology,2,90.0,0.0,46.0,West,Corporate,Credit Card
ORD-2024-10711,2024-05-02,CUST-0428,FUR-CH-2001,Furniture,2,324.0,0.1,44.0,East,Corporate,UPI
ORD-2024-11679,2024-05-02,CUST-0097,OFF-PA-3001,Office Supplies,4,72.0,0.0,36.0,West,Consumer,Debit Card
ORD-2024-13861,2024-05-02,CUST-0271,OFF-ST-3003,Office Supplies,4,95.0,0.05,39.0,West,Small Business,Debit Card
ORD-2024-15327,2024-05-02,CUST-0147,OFF-EN-3005,Office Supplies,1,6.4,0.2,3.4,North,Corporate,UPI
ORD-2023-12452,2024-05-03,CUST-0350,TEC-PR-1005,Technology,2,450.0,0.1,70.0,West,Consumer,Credit Card
ORD-2023-14510,2024-05-03,CUST-0569,OFF-PA-3001,Office Supplies,2,25.2,0.3,7.2,East,Consumer,Credit Card
ORD-2024-10321,2024-05-03,CUST-0180,OFF-AP-3004,Office Supplies,1,85.0,0.0,30.0,South,Consumer,UPI
ORD-2024-11435,2024-05-03,CUST-0514,TEC-PR-1005,Technology,1,250.0,0.0,60.0,West,Corporate,Debit Card
ORD-2024-11521,2024-05-03,CUST-0027,TEC-PR-1005,Technology,1,225.0,0.1,35.0,North,Consumer,Net Banking
ORD-2024-13495,2024-05-03,CUST-0325,OFF-EN-3005,Office Supplies,4,30.4,0.05,18.4,North,Corporate,Credit Card
ORD-2024-15031,2024-05-03,CUST-0362,OFF-BI-3002,Office Supplies,2,22.8,0.05,12.8,Central,Small Business,Credit Card
ORD-2023-11996,2024-05-04,CUST-0338,OFF-BI-3002,Office Supplies,1,11.4,0.05,6.4,Central,Small Business,UPI
ORD-2024-11369,2024-05-04,CUST-0007,TEC-PH-1001,Technology,4,3230.0,0.05,830.0,South,Consumer,Debit Card
ORD-2024-14147,2024-05-04,CUST-0049,TEC-PR-1005,Technology,1,250.0,0.0,60.0,North,Consumer,Credit Card
ORD-2024-14367,2024-05-04,CUST-0574,OFF-AP-3004,Office Supplies,1,80.75,0.05,25.75,North,Consumer,Net Banking
ORD-2024-14771,2024-05-04,CUST-0013,TEC-PH-1001,Technology,2,1530.0,0.1,330.0,East,Consumer,Net Banking
ORD-2023-11008,2024-05-05,CUST-0416,TEC-PH-1001,Technology,4,3230.0,0.05,830.0,North,Corporate,UPI
ORD-2023-14192,2024-05-05,CUST-0008,TEC-HD-1006,Technology,1,104.5,0.05,34.5,South,Consumer,Credit Card
ORD-2023-14648,2024-05-05,CUST-0338,FUR-BK-2003,Furniture,2,264.0,0.4,-86.0,Central,Small Business,UPI
ORD-2023-14800,2024-05-05,CUST-0054,TEC-PR-1005,Technology,1,237.5,0.05,47.5,North,Corporate,Credit Card
ORD-2023-15462,2024-05-05,CUST-0528,FUR-DS-2004,Furniture,2,576.0,0.1,56.0,East,Consumer,Cash on Delivery
ORD-2024-11459,2024-05-05,CUST-0105,OFF-EN-3005,Office Supplies,1,8.0,0.0,5.0,Central,Consumer,Cash on Delivery
ORD-2024-11719,2024-05-05,CUST-0073,FUR-CH-2001,Furniture,1,180.0,0.0,40.0,West,Consumer,Credit Card
ORD-2024-14683,2024-05-05,CUST-0257,TEC-PR-1005,Technology,2,450.0,0.1,70.0,West,Consumer,UPI
ORD-2024-10659,2024-05-06,CUST-0215,TEC-AC-1004,Technology,10,450.0,0.0,230.0,South,Consumer,UPI
ORD-2024-12283,2024-05-06,CUST-0345,FUR-CH-2001,Furniture,1,144.0,0.2,4.0,North,Consumer,Credit Card
ORD-2024-14341,2024-05-06,CUST-0553,OFF-EN-3005,Office Supplies,10,76.0,0.05,46.0,South,Corporate,Credit Card
ORD-2024-14355,2024-05-06,CUST-0546,FUR-BK-2003,Furniture,8,1408.0,0.2,8.0,South,Consumer,Net Banking
ORD-2024-14485,2024-05-06,CUST-0386,OFF-AP-3004,Office Supplies,4,340.0,0.0,120.0,North,Corporate,Cash on Delivery
ORD-2023-10800,2024-05-07,CUST-0626,OFF-LA-3006,Office Supplies,2,27.0,0.1,13.0,East,Corporate,UPI
ORD-2023-12492,2024-05-07,CUST-0629,TEC-LP-1002,Technology,1,1020.0,0.15,120.0,East,Consumer,UPI
ORD-2023-12824,2024-05-07,CUST-0350,OFF-AP-3004,Office Supplies,2,170.0,0.0,60.0,West,Consumer,Debit Card
ORD-2023-14874,2024-05-07,CUST-0401,FUR-SF-2005,Furniture,1,585.0,0.1,35.0,North,Corporate,Credit Card
ORD-2024-11267,2024-05-07,CUST-0307,FUR-CH-2001,Furniture,8,1152.0,0.2,32.0,West,Corporate,Credit Card
ORD-2024-12411,2024-05-07,CUST-0060,TEC-MN-1003,Technology,2,600.0,0.0,180.0,Central,Consumer,Credit Card
ORD-2024-13715,2024-05-07,CUST-0088,FUR-CH-2001,Furniture,1,180.0,0.0,40.0,West,Small Business,Net Banking
ORD-2024-13795,2024-05-07,CUST-0100,OFF-EN-3005,Office Supplies,2,12.8,0.2,6.8,North,Consumer,Debit Card
ORD-2024-15171,2024-05-07,CUST-0328,FUR-BK-2003,Furniture,1,198.0,0.1,23.0,North,Corporate,UPI
ORD-2023-10596,2024-05-08,CUST-0362,TEC-LP-1002,Technology,2,2280.0,0.05,480.0,Central,Small Business,UPI
ORD-2023-10890,2024-05-08,CUST-0531,OFF-ST-3003,Office Supplies,4,100.0,0.0,44.0,Central,Corporate,Net Banking
ORD-2023-11226,2024-05-08,CUST-0514,OFF-PA-3001,Office Supplies,4,68.4,0.05,32.4,West,Corporate,Credit Card
ORD-2023-13512,2024-05-08,CUST-0217,FUR-SF-2005,Furniture,1,455.0,0.3,-95.0,East,Corporate,Credit Card
ORD-2024-13493,2024-05-08,CUST-0069,FUR-BK-2003,Furniture,2,352.0,0.2,2.0,North,Corporate,Credit Card
ORD-2024-13833,2024-05-08,CUST-0018,TEC-PR-1005,Technology,1,237.5,0.05,47.5,Central,Corporate,Net Banking
ORD-2024-14327,2024-05-08,CUST-0600,TEC-MN-1003,Technology,1,300.0,0.0,90.0,North,Consumer,Credit Card
ORD-2024-14425,2024-05-08,CUST-0197,OFF-EN-3005,Office Supplies,10,56.0,0.3,26.0,North,Consumer,Credit Card
ORD-2023-11866,2024-05-09,CUST-0157,OFF-LA-3006,Office Supplies,1,13.5,0.1,6.5,Central,Consumer,Credit Card
ORD-2023-13454,2024-05-09,CUST-0494,FUR-CH-2001,Furniture,3,432.0,0.2,12.0,West,Consumer,UPI
ORD-2023-15122,2024-05-09,CUST-0270,OFF-EN-3005,Office Supplies,2,15.2,0.05,9.2,South,Small Business,UPI
ORD-2023-15226,2024-05-09,CUST-0437,OFF-BI-3002,Office Supplies,2,22.8,0.05,12.8,West,Consumer,Debit Card
ORD-2023-15400,2024-05-09,CUST-0439,TEC-MN-1003,Technology,1,285.0,0.05,75.0,East,Consumer,UPI
ORD-2023-10768,2024-05-11,CUST-0523,FUR-CH-2001,Furniture,1,162.0,0.1,22.0,North,Corporate,Debit Card
ORD-2023-11158,2024-05-11,CUST-0504,FUR-DS-2004,Furniture,1,160.0,0.5,-100.0,West,Corporate,Debit Card
ORD-2023-11674,2024-05-11,CUST-0051,TEC-AC-1004,Technology,2,90.0,0.0,46.0,North,Small Business,UPI
ORD-2023-13860,2024-05-11,CUST-0440,OFF-ST-3003,Office Supplies,1,23.75,0.05,9.75,North,Corporate,Credit Card
ORD-2024-10077,2024-05-11,CUST-0055,FUR-TB-2002,Furniture,2,720.0,0.2,-60.0,East,Corporate,Credit Card
ORD-2024-14235,2024-05-11,CUST-0543,FUR-BK-2003,Furniture,1,176.0,0.2,1.0,East,Consumer,Debit Card
ORD-2023-11086,2024-05-12,CUST-0060,FUR-DS-2004,Furniture,1,224.0,0.3,-36.0,Central,Consumer,Debit Card
ORD-2023-14386,2024-05-12,CUST-0356,OFF-LA-3006,Office Supplies,4,60.0,0.0,32.0,North,Corporate,Debit Card
ORD-2023-14554,2024-05-12,CUST-0069,TEC-PH-1001,Technology,2,1615.0,0.05,415.0,East,Corporate,UPI
ORD-2023-14566,2024-05-12,CUST-0534,FUR-CH-2001,Furniture,5,630.0,0.3,-70.0,North,Small Business,UPI
ORD-2024-10999,2024-05-12,CUST-0526,FUR-DS-2004,Furniture,3,576.0,0.4,-204.0,North,Consumer,UPI
ORD-2024-12867,2024-05-12,CUST-0455,FUR-BK-2003,Furniture,1,220.0,0.0,45.0,East,Corporate,Debit Card
ORD-2024-13473,2024-05-12,CUST-0188,OFF-ST-3003,Office Supplies,3,75.0,0.0,33.0,North,Consumer,Credit Card
ORD-2023-12188,2024-05-13,CUST-0410,OFF-EN-3005,Office Supplies,2,14.4,0.1,8.4,South,Consumer,UPI
ORD-2024-13067,2024-05-13,CUST-0340,TEC-LP-1002,Technology,4,4080.0,0.15,480.0,Central,Corporate,Credit Card
ORD-2023-12630,2024-05-14,CUST-0180,FUR-CH-2001,Furniture,1,126.0,0.3,-14.0,South,Consumer,UPI
ORD-2023-12856,2024-05-14,CUST-0072,TEC-PR-1005,Technology,2,475.0,0.0,95.0,West,Consumer,Debit Card
ORD-2024-12755,2024-05-14,CUST-0585,FUR-TB-2002,Furniture,1,360.0,0.2,-30.0,North,Consumer,Net Banking
ORD-2023-10360,2024-05-15,CUST-0473,OFF-PA-3001,Office Supplies,2,34.2,0.05,16.2,North,Consumer,UPI
ORD-2023-11408,2024-05-15,CUST-0165,OFF-BI-3002,Office Supplies,2,24.0,0.0,14.0,North,Consumer,Net Banking
ORD-2023-12164,2024-05-15,CUST-0332,FUR-SF-2005,Furniture,1,585.0,0.1,35.0,North,Corporate,Credit Card
ORD-2023-13950,2024-05-15,CUST-0274,OFF-BI-3002,Office Supplies,2,19.2,0.2,9.2,West,Consumer,UPI
ORD-2023-14288,2024-05-15,CUST-0464,OFF-LA-3006,Office Supplies,2,28.5,0.05,14.5,North,Consumer,Credit Card
ORD-2023-14496,2024-05-15,CUST-0186,FUR-BK-2003,Furniture,1,154.0,0.3,-21.0,North,Consumer,Credit Card
ORD-2024-14689,2024-05-15,CUST-0255,TEC-PR-1005,Technology,1,237.5,0.05,47.5,West,Consumer,Cash on Delivery
ORD-2023-13888,2024-05-16,CUST-0605,FUR-TB-2002,Furniture,4,1620.0,0.1,60.0,North,Consumer,Credit Card
ORD-2023-14714,2024-05-16,CUST-0300,OFF-LA-3006,Office Supplies,5,75.0,0.0,40.0,South,Small Business,UPI
ORD-2024-11353,2024-05-16,CUST-0064,TEC-LP-1002,Technology,2,2400.0,0.0,600.0,North,Consumer,UPI
ORD-2024-12787,2024-05-16,CUST-0023,FUR-DS-2004,Furniture,4,1152.0,0.1,112.0,West,Consumer,Cash on Delivery
ORD-2024-14701,2024-05-16,CUST-0147,FUR-SF-2005,Furniture,3,1560.0,0.2,-90.0,North,Corporate,UPI
ORD-2024-15237,2024-05-16,CUST-0598,OFF-PA-3001,Office Supplies,1,14.4,0.2,5.4,West,Corporate,Debit Card
ORD-2023-11012,2024-05-17,CUST-0056,OFF-BI-3002,Office Supplies,3,34.2,0.05,19.2,East,Small Business,Credit Card
ORD-2023-12496,2024-05-17,CUST-0138,FUR-DS-2004,Furniture,1,224.0,0.3,-36.0,Central,Small Business,Credit Card
ORD-2024-11139,2024-05-17,CUST-0289,TEC-PR-1005,Technology,2,375.0,0.25,-5.0,Central,Consumer,UPI
ORD-2024-11645,2024-05-17,CUST-0239,FUR-BK-2003,Furniture,1,176.0,0.2,1.0,Central,Consumer,Cash on Delivery
ORD-2024-15097,2024-05-17,CUST-0111,TEC-LP-1002,Technology,3,2700.0,0.25,0.0,West,Consumer,Credit Card
ORD-2024-15123,2024-05-17,CUST-0125,OFF-PA-3001,Office Supplies,2,34.2,0.05,16.2,East,Consumer,Net Banking
ORD-2023-10598,2024-05-18,CUST-0188,FUR-TB-2002,Furniture,3,945.0,0.3,-225.0,North,Consumer,Credit Card
ORD-2024-10537,2024-05-18,CUST-0219,OFF-AP-3004,Office Supplies,1,80.75,0.05,25.75,North,Consumer,Credit Card
ORD-2024-12595,2024-05-18,CUST-0412,OFF-ST-3003,Office Supplies,2,45.0,0.1,17.0,East,Consumer,UPI
ORD-2024-15009,2024-05-18,CUST-0380,OFF-ST-3003,Office Supplies,1,23.75,0.05,9.75,South,Consumer,Credit Card
ORD-2024-15315,2024-05-18,CUST-0497,OFF-LA-3006,Office Supplies,5,71.25,0.05,36.25,West,Consumer,Credit Card
ORD-2023-12214,2024-05-19,CUST-0313,OFF-BI-3002,Office Supplies,2,21.6,0.1,11.6,Central,Consumer,Credit Card
ORD-2023-13382,2024-05-19,CUST-0157,OFF-EN-3005,Office Supplies,4,30.4,0.05,18.4,Central,Consumer,Credit Card
ORD-2023-13898,2024-05-19,CUST-0286,TEC-PH-1001,Technology,2,1615.0,0.05,415.0,North,Consumer,Debit Card
ORD-2024-11059,2024-05-19,CUST-0507,OFF-LA-3006,Office Supplies,4,57.0,0.05,29.0,Central,Consumer,Debit Card
ORD-2024-12437,2024-05-19,CUST-0150,OFF-BI-3002,Office Supplies,3,36.0,0.0,21.0,South,Corporate,Debit Card
ORD-2024-13143,2024-05-19,CUST-0398,OFF-PA-3001,Office Supplies,3,51.3,0.05,24.3,South,Corporate,Credit Card
ORD-2023-12616,2024-05-20,CUST-0498,OFF-LA-3006,Office Supplies,2,24.0,0.2,10.0,North,Consumer,UPI
ORD-2023-14182,2024-05-20,CUST-0099,FUR-CH-2001,Furniture,1,126.0,0.3,-14.0,South,Consumer,Debit Card
ORD-2024-11613,2024-05-20,CUST-0533,TEC-AC-1004,Technology,5,202.5,0.1,92.5,West,Consumer,Net Banking
ORD-2024-14063,2024-05-20,CUST-0020,OFF-PA-3001,Office Supplies,1,18.0,0.0,9.0,North,Consumer,UPI
ORD-2024-15363,2024-05-20,CUST-0531,FUR-TB-2002,Furniture,2,630.0,0.3,-150.0,Central,Corporate,UPI
ORD-2023-11720,2024-05-21,CUST-0212,FUR-DS-2004,Furniture,1,192.0,0.4,-68.0,North,Corporate,Debit Card
ORD-2023-12246,2024-05-21,CUST-0326,FUR-BK-2003,Furniture,2,396.0,0.1,46.0,East,Consumer,Credit Card
ORD-2023-12614,2024-05-21,CUST-0523,OFF-ST-3003,Office Supplies,1,25.0,0.0,11.0,North,Corporate,Debit Card
ORD-2024-15043,2024-05-21,CUST-0200,OFF-ST-3003,Office Supplies,1,25.0,0.0,11.0,Central,Consumer,UPI
ORD-2023-10920,2024-05-22,CUST-0273,OFF-AP-3004,Office Supplies,1,76.5,0.1,21.5,South,Corporate,UPI
ORD-2023-11046,2024-05-22,CUST-0534,TEC-MN-1003,Technology,2,540.0,0.1,120.0,North,Small Business,Credit Card
ORD-2023-11144,2024-05-22,CUST-0076,OFF-ST-3003,Office Supplies,1,25.0,0.0,11.0,Central,Consumer,Debit Card
ORD-2023-12980,2024-05-22,CUST-0160,TEC-AC-1004,Technology,1,40.5,0.1,18.5,Central,Corporate,Credit Card
ORD-2023-13412,2024-05-22,CUST-0401,TEC-MN-1003,Technology,1,300.0,0.0,90.0,North,Corporate,UPI
ORD-2023-13662,2024-05-22,CUST-0410,OFF-PA-3001,Office Supplies,1,17.1,0.05,8.1,Central,Consumer,UPI
ORD-2023-14254,2024-05-22,CUST-0352,FUR-DS-2004,Furniture,1,288.0,0.1,28.0,Central,Corporate,Credit Card
ORD-2024-10143,2024-05-22,CUST-0430,TEC-AC-1004,Technology,1,40.5,0.1,18.5,North,Consumer,Debit Card
ORD-2023-10462,2024-05-23,CUST-0358,OFF-PA-3001,Office Supplies,1,14.4,0.2,5.4,South,Consumer,UPI
ORD-2023-13676,2024-05-24,CUST-0611,OFF-BI-3002,Office Supplies,3,36.0,0.0,21.0,East,Small Business,Credit Card
ORD-2023-15124,2024-05-24,CUST-0543,TEC-PR-1005,Technology,1,250.0,0.0,60.0,East,Consumer,Credit Card
ORD-2024-12675,2024-05-24,CUST-0535,TEC-PR-1005,Technology,5,1250.0,0.0,300.0,East,Consumer,Debit Card
ORD-2023-10712,2024-05-25,CUST-0159,FUR-TB-2002,Furniture,3,1215.0,0.1,45.0,South,Corporate,Credit Card
ORD-2023-11942,2024-05-25,CUST-0017,FUR-TB-2002,Furniture,1,405.0,0.1,15.0,Central,Corporate,Credit Card
ORD-2023-13912,2024-05-25,CUST-0125,OFF-PA-3001,Office Supplies,2,32.4,0.1,14.4,East,Consumer,Credit Card
ORD-2024-11057,2024-05-25,CUST-0351,FUR-SF-2005,Furniture,3,1755.0,0.1,105.0,East,Small Business,Credit Card
ORD-2024-12425,2024-05-25,CUST-0019,FUR-DS-2004,Furniture,2,576.0,0.1,56.0,Central,Corporate,Net Banking
ORD-2024-14777,2024-05-25,CUST-0649,FUR-CH-2001,Furniture,1,144.0,0.2,4.0,East,Corporate,Credit Card
ORD-2024-15007,2024-05-25,CUST-0037,OFF-LA-3006,Office Supplies,3,42.75,0.05,21.75,North,Consumer,Credit Card
ORD-2023-10372,2024-05-26,CUST-0309,TEC-AC-1004,Technology,2,85.5,0.05,41.5,North,Consumer,Credit Card
ORD-2023-12968,2024-05-26,CUST-0564,FUR-BK-2003,Furniture,1,176.0,0.2,1.0,North,Corporate,UPI
ORD-2023-14880,2024-05-26,CUST-0056,FUR-CH-2001,Furniture,1,180.0,0.0,40.0,South,Small Business,Credit Card
ORD-2023-14890,2024-05-26,CUST-0543,TEC-MN-1003,Technology,1,300.0,0.0,90.0,East,Consumer,Cash on Delivery
ORD-2023-14964,2024-05-26,CUST-0025,FUR-BK-2003,Furniture,4,528.0,0.4,-172.0,West,Consumer,Net Banking
ORD-2023-15386,2024-05-26,CUST-0450,FUR-DS-2004,Furniture,2,640.0,0.0,120.0,East,Consumer,Credit Card
ORD-2024-10947,2024-05-26,CUST-0427,TEC-LP-1002,Technology,2,2400.0,0.0,600.0,North,Consumer,Credit Card
ORD-2024-11053,2024-05-26,CUST-0560,OFF-BI-3002,Office Supplies,1,12.0,0.0,7.0,North,Consumer,UPI
ORD-2024-14393,2024-05-26,CUST-0609,TEC-AC-1004,Technology,2,85.5,0.05,41.5,East,Corporate,Net Banking
ORD-2023-13402,2024-05-27,CUST-0315,TEC-HD-1006,Technology,2,209.0,0.05,69.0,West,Corporate,Credit Card
ORD-2024-11041,2024-05-27,CUST-0482,TEC-AC-1004,Technology,2,81.0,0.1,37.0,West,Consumer,Debit Card
ORD-2024-11361,2024-05-27,CUST-0359,OFF-ST-3003,Office Supplies,2,50.0,0.0,22.0,South,Small Business,UPI
ORD-2024-14963,2024-05-27,CUST-0600,FUR-TB-2002,Furniture,2,720.0,0.2,-60.0,North,Consumer,Credit Card
ORD-2024-10299,2024-05-28,CUST-0619,TEC-PR-1005,Technology,2,500.0,0.0,120.0,North,Small Business,UPI
ORD-2024-11461,2024-05-28,CUST-0365,TEC-AC-1004,Technology,1,40.5,0.1,18.5,East,Corporate,Debit Card
ORD-2024-11539,2024-05-28,CUST-0626,FUR-SF-2005,Furniture,1,585.0,0.1,35.0,East,Corporate,UPI
ORD-2024-12497,2024-05-28,CUST-0271,OFF-LA-3006,Office Supplies,1,13.5,0.1,6.5,West,Small Business,Credit Card
ORD-2023-10274,2024-05-29,CUST-0560,FUR-SF-2005,Furniture,2,1300.0,0.0,200.0,North,Consumer,Credit Card
ORD-2023-11308,2024-05-29,CUST-0201,TEC-PR-1005,Technology,1,237.5,0.05,47.5,North,Consumer,UPI
ORD-2023-11632,2024-05-29,CUST-0328,TEC-AC-1004,Technology,1,38.25,0.15,16.25,North,Corporate,Credit Card
ORD-2023-11914,2024-05-29,CUST-0293,OFF-AP-3004,Office Supplies,3,255.0,0.0,90.0,East,Corporate,Net Banking
ORD-2023-14618,2024-05-29,CUST-0574,TEC-LP-1002,Technology,1,1140.0,0.05,240.0,North,Consumer,Debit Card
ORD-2023-15318,2024-05-29,CUST-0054,TEC-MN-1003,Technology,1,255.0,0.15,45.0,East,Corporate,Credit Card
ORD-2024-10527,2024-05-29,CUST-0548,TEC-PR-1005,Technology,5,1250.0,0.0,300.0,East,Small Business,Credit Card
ORD-2024-13099,2024-05-29,CUST-0577,FUR-SF-2005,Furniture,1,455.0,0.3,-95.0,East,Corporate,Debit Card
ORD-2024-13171,2024-05-29,CUST-0018,OFF-LA-3006,Office Supplies,1,15.0,0.0,8.0,Central,Corporate,UPI
ORD-2024-15413,2024-05-29,CUST-0069,OFF-EN-3005,Office Supplies,1,7.2,0.1,4.2,North,Corporate,Credit Card
ORD-2023-12470,2024-05-30,CUST-0253,OFF-PA-3001,Office Supplies,1,14.4,0.2,5.4,East,Corporate,UPI
ORD-2023-13146,2024-05-30,CUST-0430,FUR-TB-2002,Furniture,2,900.0,0.0,120.0,North,Consumer,UPI
ORD-2023-15334,2024-05-30,CUST-0010,OFF-EN-3005,Office Supplies,1,7.2,0.1,4.2,East,Corporate,Debit Card
ORD-2024-11335,2024-05-30,CUST-0205,TEC-AC-1004,Technology,3,128.25,0.05,62.25,North,Corporate,Credit Card
ORD-2024-11573,2024-05-30,CUST-0197,FUR-TB-2002,Furniture,1,315.0,0.3,-75.0,South,Consumer,Credit Card
ORD-2024-11665,2024-05-30,CUST-0449,OFF-AP-3004,Office Supplies,2,170.0,0.0,60.0,South,Corporate,Debit Card
ORD-2023-10288,2024-05-31,CUST-0596,TEC-AC-1004,Technology,2,85.5,0.05,41.5,East,Small Business,Credit Card
ORD-2023-12874,2024-05-31,CUST-0543,FUR-DS-2004,Furniture,2,512.0,0.2,-8.0,East,Consumer,Net Banking
ORD-2024-10317,2024-05-31,CUST-0104,OFF-AP-3004,Office Supplies,2,170.0,0.0,60.0,South,Consumer,Credit Card
ORD-2024-10613,2024-05-31,CUST-0440,FUR-BK-2003,Furniture,2,352.0,0.2,2.0,South,Corporate,Credit Card
ORD-2024-13223,2024-05-31,CUST-0549,TEC-PH-1001,Technology,1,850.0,0.0,250.0,West,Consumer,Net Banking
ORD-2024-14283,2024-05-31,CUST-0257,OFF-ST-3003,Office Supplies,1,25.0,0.0,11.0,Central,Consumer,Debit Card
ORD-2023-10048,2024-06-01,CUST-0039,OFF-ST-3003,Office Supplies,5,125.0,0.0,55.0,West,Corporate,Debit Card
ORD-2023-10284,2024-06-01,CUST-0429,TEC-LP-1002,Technology,1,1080.0,0.1,180.0,East,Consumer,Net Banking
ORD-2023-12518,2024-06-01,CUST-0153,OFF-PA-3001,Office Supplies,3,51.3,0.05,24.3,South,Consumer,Net Banking
ORD-2023-13426,2024-06-01,CUST-0010,OFF-EN-3005,Office Supplies,2,16.0,0.0,10.0,East,Corporate,Credit Card
ORD-2023-13730,2024-06-01,CUST-0381,TEC-PH-1001,Technology,1,722.5,0.15,122.5,South,Small Business,Credit Card
ORD-2024-12615,2024-06-01,CUST-0115,FUR-CH-2001,Furniture,1,162.0,0.1,22.0,South,Consumer,Debit Card
ORD-2023-11176,2024-06-02,CUST-0149,FUR-SF-2005,Furniture,1,14625.0,0.1,35.0,Central,Consumer,UPI
ORD-2023-13870,2024-06-02,CUST-0192,OFF-PA-3001,Office Supplies,3,54.0,0.0,27.0,North,Corporate,Debit Card
ORD-2024-10095,2024-06-02,CUST-0313,OFF-ST-3003,Office Supplies,4,80.0,0.2,24.0,North,Consumer,UPI
ORD-2024-12267,2024-06-02,CUST-0446,OFF-BI-3002,Office Supplies,1,12.0,0.0,7.0,North,Corporate,UPI
ORD-2024-13755,2024-06-02,CUST-0324,OFF-EN-3005,Office Supplies,1,6.4,0.2,3.4,East,Consumer,Credit Card
ORD-2024-14931,2024-06-02,CUST-0040,TEC-PH-1001,Technology,2,1445.0,0.15,245.0,West,Consumer,UPI
ORD-2023-13600,2024-06-03,CUST-0409,OFF-LA-3006,Office Supplies,3,45.0,0.0,24.0,East,Consumer,Credit Card
ORD-2023-14502,2024-06-03,CUST-0159,FUR-CH-2001,Furniture,2,360.0,0.0,80.0,Central,Corporate,Debit Card
ORD-2023-10224,2024-06-04,CUST-0136,OFF-EN-3005,Office Supplies,1,7.2,0.1,4.2,East,Small Business,Net Banking
ORD-2023-10602,2024-06-04,CUST-0433,TEC-LP-1002,Technology,2,2400.0,0.0,600.0,East,Consumer,Credit Card
ORD-2023-10638,2024-06-04,CUST-0501,OFF-LA-3006,Office Supplies,2,30.0,0.0,16.0,South,Corporate,Credit Card
ORD-2023-12832,2024-06-04,CUST-0534,OFF-BI-3002,Office Supplies,8,96.0,0.0,56.0,West,Small Business,UPI
ORD-2023-14248,2024-06-04,CUST-0566,FUR-TB-2002,Furniture,1,315.0,0.3,-75.0,North,Consumer,UPI
ORD-2024-10813,2024-06-04,CUST-0217,TEC-MN-1003,Technology,5,1500.0,0.0,450.0,East,Corporate,Credit Card
ORD-2023-11484,2024-06-05,CUST-0373,FUR-CH-2001,Furniture,4,576.0,0.2,16.0,West,Consumer,Net Banking
ORD-2023-14044,2024-06-05,CUST-0112,FUR-CH-2001,Furniture,2,360.0,0.0,80.0,North,Consumer,UPI
ORD-2024-10293,2024-06-05,CUST-0282,TEC-PH-1001,Technology,3,2550.0,0.0,750.0,North,Small Business,Debit Card
ORD-2024-12165,2024-06-05,CUST-0112,FUR-TB-2002,Furniture,2,810.0,0.1,30.0,North,Consumer,Credit Card
ORD-2024-13891,2024-06-06,CUST-0501,OFF-EN-3005,Office Supplies,2,16.0,0.0,10.0,South,Corporate,Net Banking
ORD-2023-11602,2024-06-07,CUST-0440,OFF-PA-3001,Office Supplies,1,18.0,0.0,9.0,Central,Corporate,Debit Card
ORD-2023-12222,2024-06-07,CUST-0584,FUR-CH-2001,Furniture,1,162.0,0.1,22.0,East,Consumer,Cash on Delivery
ORD-2023-14836,2024-06-07,CUST-0299,TEC-HD-1006,Technology,8,836.0,0.05,276.0,North,Corporate,UPI
ORD-2024-12305,2024-06-07,CUST-0033,TEC-AC-1004,Technology,4,171.0,0.0,83.0,West,Corporate,Credit Card
ORD-2024-13115,2024-06-07,CUST-0604,TEC-PR-1005,Technology,2,450.0,0.1,70.0,East,Consumer,Credit Card
ORD-2024-13125,2024-06-07,CUST-0098,OFF-AP-3004,Office Supplies,1,85.0,0.0,30.0,West,Consumer,Cash on Delivery
ORD-2023-11594,2024-06-08,CUST-0265,FUR-CH-2001,Furniture,3,432.0,0.2,12.0,East,Corporate,Credit Card
ORD-2023-12822,2024-06-08,CUST-0619,OFF-ST-3003,Office Supplies,1,20.0,0.2,6.0,North,Small Business,UPI
ORD-2023-14036,2024-06-08,CUST-0116,OFF-ST-3003,Office Supplies,4,95.0,0.05,39.0,East,Corporate,UPI
ORD-2024-11895,2024-06-08,CUST-0494,OFF-ST-3003,Office Supplies,1,17.5,0.3,3.5,West,Consumer,UPI
ORD-2024-13255,2024-06-08,CUST-0021,TEC-PR-1005,Technology,2,500.0,0.0,120.0,North,Consumer,Credit Card
ORD-2024-14745,2024-06-08,CUST-0247,OFF-AP-3004,Office Supplies,2,170.0,0.0,60.0,South,Consumer,Credit Card
ORD-2023-10356,2024-06-09,CUST-0451,FUR-SF-2005,Furniture,1,455.0,0.3,-95.0,East,Small Business,Debit Card
ORD-2023-14744,2024-06-09,CUST-0541,OFF-BI-3002,Office Supplies,1,9.6,0.2,4.6,Central,Consumer,Net Banking
ORD-2024-10179,2024-06-09,CUST-0213,OFF-LA-3006,Office Supplies,2,21.0,0.3,7.0,North,Corporate,Debit Card
ORD-2024-10331,2024-06-09,CUST-0538,FUR-DS-2004,Furniture,1,256.0,0.2,-4.0,East,Corporate,Credit Card
ORD-2024-11287,2024-06-09,CUST-0188,TEC-AC-1004,Technology,2,90.0,0.0,46.0,North,Consumer,Credit Card
ORD-2024-13197,2024-06-09,CUST-0167,TEC-MN-1003,Technology,2,540.0,0.1,120.0,Central,Small Business,Net Banking
ORD-2024-14421,2024-06-09,CUST-0623,TEC-MN-1003,Technology,4,1140.0,0.05,300.0,West,Consumer,Net Banking
ORD-2024-14911,2024-06-09,CUST-0282,OFF-PA-3001,Office Supplies,5,85.5,0.05,40.5,South,Small Business,Credit Card
ORD-2024-15437,2024-06-09,CUST-0265,TEC-MN-1003,Technology,3,900.0,0.0,270.0,East,Corporate,Debit Card
ORD-2023-13926,2024-06-10,CUST-0437,OFF-AP-3004,Office Supplies,5,297.5,0.3,22.5,West,Consumer,UPI
ORD-2023-10280,2024-06-11,CUST-0340,OFF-AP-3004,Office Supplies,1,59.5,0.3,4.5,Central,Corporate,Cash on Delivery
ORD-2023-10320,2024-06-11,CUST-0097,TEC-PR-1005,Technology,1,250.0,0.0,60.0,East,Consumer,Credit Card
ORD-2023-10940,2024-06-11,CUST-0459,TEC-MN-1003,Technology,1,270.0,0.1,60.0,West,Consumer,Credit Card
ORD-2023-12738,2024-06-11,CUST-0162,OFF-ST-3003,Office Supplies,2,47.5,0.05,19.5,East,Corporate,Debit Card
ORD-2023-12782,2024-06-11,CUST-0437,OFF-EN-3005,Office Supplies,2,15.2,0.05,9.2,West,Consumer,Cash on Delivery
ORD-2024-10283,2024-06-11,CUST-0441,OFF-BI-3002,Office Supplies,1,11.4,0.05,6.4,North,Consumer,Cash on Delivery
ORD-2024-13995,2024-06-11,CUST-0340,OFF-BI-3002,Office Supplies,1,8.4,0.3,3.4,Central,Corporate,UPI
ORD-2023-10672,2024-06-12,CUST-0321,OFF-EN-3005,Office Supplies,2,16.0,0.0,10.0,East,Consumer,UPI
ORD-2023-10700,2024-06-12,CUST-0650,FUR-TB-2002,Furniture,2,540.0,0.4,-240.0,South,Consumer,Credit Card
ORD-2023-11782,2024-06-12,CUST-0003,OFF-EN-3005,Office Supplies,2,16.0,0.0,10.0,West,Consumer,Cash on Delivery
ORD-2023-14830,2024-06-12,CUST-0430,OFF-LA-3006,Office Supplies,3,42.75,0.05,21.75,North,Consumer,Debit Card
ORD-2024-13491,2024-06-12,CUST-0062,TEC-PH-1001,Technology,8,6800.0,0.0,2000.0,North,Small Business,Credit Card
ORD-2024-14177,2024-06-12,CUST-0317,FUR-TB-2002,Furniture,1,405.0,0.1,15.0,East,Small Business,Credit Card
ORD-2023-10678,2024-06-13,CUST-0542,FUR-DS-2004,Furniture,3,864.0,0.1,84.0,North,Small Business,Credit Card
ORD-2023-11938,2024-06-13,CUST-0164,OFF-LA-3006,Office Supplies,1,15.0,0.0,8.0,South,Small Business,UPI
ORD-2023-13614,2024-06-13,CUST-0033,TEC-LP-1002,Technology,1,1200.0,0.0,300.0,South,Corporate,Credit Card
ORD-2023-14372,2024-06-13,CUST-0428,OFF-AP-3004,Office Supplies,1,85.0,0.0,30.0,East,Corporate,UPI
ORD-2023-15442,2024-06-13,CUST-0100,TEC-HD-1006,Technology,3,313.5,0.05,103.5,East,Consumer,UPI
ORD-2024-10553,2024-06-13,CUST-0517,FUR-SF-2005,Furniture,3,1755.0,0.1,105.0,East,Consumer,Net Banking
ORD-2024-11701,2024-06-13,CUST-0157,FUR-SF-2005,Furniture,4,2080.0,0.2,-120.0,Central,Consumer,Net Banking
ORD-2024-12015,2024-06-13,CUST-0631,OFF-ST-3003,Office Supplies,1,25.0,0.0,11.0,East,Consumer,Credit Card
ORD-2024-13345,2024-06-13,CUST-0516,OFF-BI-3002,Office Supplies,2,24.0,0.0,14.0,West,Consumer,Debit Card
ORD-2024-13397,2024-06-13,CUST-0369,FUR-TB-2002,Furniture,1,270.0,0.4,-120.0,North,Small Business,UPI
ORD-2024-14335,2024-06-13,CUST-0385,OFF-BI-3002,Office Supplies,3,36.0,0.0,21.0,East,Corporate,UPI
ORD-2023-10668,2024-06-14,CUST-0345,TEC-LP-1002,Technology,3,2700.0,0.25,0.0,North,Consumer,Credit Card
ORD-2023-13998,2024-06-14,CUST-0100,OFF-AP-3004,Office Supplies,1,85.0,0.0,30.0,North,Consumer,Credit Card
ORD-2023-11578,2024-06-15,CUST-0312,OFF-ST-3003,Office Supplies,1,20.0,0.2,6.0,North,Corporate,Credit Card
ORD-2023-11768,2024-06-15,CUST-0295,FUR-DS-2004,Furniture,4,1152.0,0.1,112.0,North,Consumer,Net Banking
ORD-2023-12680,2024-06-15,CUST-0393,FUR-CH-2001,Furniture,1,180.0,0.0,40.0,North,Corporate,UPI
ORD-2023-15118,2024-06-15,CUST-0133,TEC-PR-1005,Technology,2,500.0,0.0,120.0,West,Small Business,Credit Card
ORD-2024-12629,2024-06-15,CUST-0418,FUR-SF-2005,Furniture,1,650.0,0.0,100.0,North,Consumer,Net Banking
ORD-2024-13741,2024-06-15,CUST-0171,OFF-AP-3004,Office Supplies,2,161.5,0.05,51.5,South,Corporate,Debit Card
ORD-2024-14519,2024-06-15,CUST-0353,TEC-AC-1004,Technology,2,81.0,0.1,37.0,South,Corporate,UPI
ORD-2023-10998,2024-06-16,CUST-0241,FUR-SF-2005,Furniture,2,910.0,0.3,-190.0,North,Small Business,Credit Card
ORD-2023-12542,2024-06-16,CUST-0274,TEC-PH-1001,Technology,1,850.0,0.0,250.0,North,Consumer,Credit Card
ORD-2024-11195,2024-06-16,CUST-0396,OFF-PA-3001,Office Supplies,2,32.4,0.1,14.4,East,Small Business,Credit Card
ORD-2024-11925,2024-06-16,CUST-0064,FUR-BK-2003,Furniture,1,154.0,0.3,-21.0,North,Consumer,Net Banking
ORD-2024-13071,2024-06-16,CUST-0222,TEC-PH-1001,Technology,1,850.0,0.0,250.0,North,Consumer,Net Banking
ORD-2023-11564,2024-06-17,CUST-0130,TEC-AC-1004,Technology,2,81.0,0.1,37.0,West,Consumer,UPI
ORD-2024-10819,2024-06-17,CUST-0597,OFF-ST-3003,Office Supplies,8,190.0,0.05,78.0,East,Consumer,Cash on Delivery
ORD-2024-11341,2024-06-17,CUST-0010,OFF-EN-3005,Office Supplies,3,24.0,0.0,15.0,East,Corporate,UPI
ORD-2024-11439,2024-06-17,CUST-0204,TEC-MN-1003,Technology,4,1140.0,0.05,300.0,North,Corporate,Cash on Delivery
ORD-2024-13869,2024-06-17,CUST-0387,FUR-DS-2004,Furniture,3,864.0,0.1,84.0,North,Small Business,Credit Card
ORD-2024-14743,2024-06-17,CUST-0496,TEC-PR-1005,Technology,2,475.0,0.05,95.0,South,Consumer,Debit Card
ORD-2023-11620,2024-06-18,CUST-0638,FUR-BK-2003,Furniture,2,396.0,0.1,46.0,Central,Small Business,Credit Card
ORD-2023-12746,2024-06-18,CUST-0491,OFF-PA-3001,Office Supplies,2,32.4,0.1,14.4,Central,Corporate,Net Banking
ORD-2024-11527,2024-06-18,CUST-0622,TEC-LP-1002,Technology,1,1080.0,0.1,180.0,Central,Corporate,Debit Card
ORD-2024-12997,2024-06-18,CUST-0196,OFF-EN-3005,Office Supplies,1,8.0,0.0,5.0,North,Consumer,UPI
ORD-2023-10114,2024-06-19,CUST-0279,FUR-DS-2004,Furniture,1,256.0,0.2,-4.0,West,Consumer,Credit Card
ORD-2023-10910,2024-06-19,CUST-0345,TEC-MN-1003,Technology,5,1425.0,0.05,375.0,North,Consumer,UPI
ORD-2023-11146,2024-06-19,CUST-0528,TEC-LP-1002,Technology,2,2400.0,0.0,600.0,East,Consumer,Cash on Delivery
ORD-2023-14968,2024-06-19,CUST-0251,TEC-AC-1004,Technology,1,42.75,0.05,20.75,Central,Consumer,Cash on Delivery
ORD-2023-15142,2024-06-19,CUST-0574,OFF-EN-3005,Office Supplies,2,16.0,0.0,10.0,North,Consumer,UPI
ORD-2024-10581,2024-06-19,CUST-0300,TEC-LP-1002,Technology,3,3420.0,0.05,720.0,North,Small Business,UPI
ORD-2024-11241,2024-06-19,CUST-0512,FUR-BK-2003,Furniture,4,792.0,0.1,92.0,South,Consumer,UPI
ORD-2024-13497,2024-06-19,CUST-0033,OFF-BI-3002,Office Supplies,1,12.0,0.0,7.0,South,Corporate,Net Banking
ORD-2023-10218,2024-06-20,CUST-0270,OFF-ST-3003,Office Supplies,1,22.5,0.1,8.5,West,Small Business,Credit Card
ORD-2023-12086,2024-06-20,CUST-0046,OFF-PA-3001,Office Supplies,1,18.0,0.0,9.0,North,Consumer,Credit Card
ORD-2023-12204,2024-06-20,CUST-0634,TEC-PH-1001,Technology,3,2550.0,0.0,750.0,East,Corporate,Net Banking
ORD-2023-14228,2024-06-20,CUST-0606,TEC-AC-1004,Technology,3,135.0,0.0,69.0,West,Small Business,UPI
ORD-2024-11481,2024-06-20,CUST-0020,FUR-BK-2003,Furniture,1,198.0,0.1,23.0,North,Consumer,UPI
ORD-2024-11821,2024-06-20,CUST-0296,TEC-PR-1005,Technology,2,500.0,0.0,120.0,East,Consumer,Credit Card
ORD-2024-12449,2024-06-20,CUST-0196,FUR-BK-2003,Furniture,5,660.0,0.4,-215.0,North,Consumer,Net Banking
ORD-2024-13689,2024-06-20,CUST-0390,FUR-DS-2004,Furniture,5,1280.0,0.2,-20.0,South,Corporate,Net Banking
ORD-2024-12929,2024-06-21,CUST-0471,OFF-PA-3001,Office Supplies,1,18.0,0.0,9.0,North,Consumer,UPI
ORD-2024-12939,2024-06-21,CUST-0265,FUR-CH-2001,Furniture,3,432.0,0.2,12.0,East,Corporate,UPI
ORD-2023-12524,2024-06-22,CUST-0128,FUR-CH-2001,Furniture,1,162.0,0.1,22.0,East,Corporate,UPI
ORD-2024-14647,2024-06-22,CUST-0507,TEC-PR-1005,Technology,2,425.0,0.15,45.0,Central,Consumer,Credit Card
ORD-2023-11432,2024-06-23,CUST-0647,OFF-LA-3006,Office Supplies,3,40.5,0.1,19.5,North,Consumer,UPI
ORD-2023-13458,2024-06-23,CUST-0523,FUR-SF-2005,Furniture,5,3250.0,0.0,500.0,North,Corporate,UPI
ORD-2023-14494,2024-06-23,CUST-0060,TEC-PH-1001,Technology,1,807.5,0.05,207.5,Central,Consumer,Cash on Delivery
ORD-2023-14602,2024-06-23,CUST-0466,TEC-LP-1002,Technology,1,1020.0,0.15,120.0,South,Small Business,Net Banking
ORD-2024-12097,2024-06-23,CUST-0499,FUR-CH-2001,Furniture,2,360.0,0.0,80.0,East,Corporate,UPI
ORD-2023-10412,2024-06-24,CUST-0273,TEC-AC-1004,Technology,1,42.75,0.05,20.75,South,Corporate,Debit Card
ORD-2023-14854,2024-06-24,CUST-0440,OFF-PA-3001,Office Supplies,1,14.4,0.2,5.4,North,Corporate,Debit Card
ORD-2023-15230,2024-06-24,CUST-0021,TEC-HD-1006,Technology,1,104.5,0.05,34.5,East,Consumer,UPI
ORD-2024-10373,2024-06-24,CUST-0531,FUR-BK-2003,Furniture,1,110.0,0.5,-65.0,West,Corporate,Credit Card
ORD-2024-12101,2024-06-24,CUST-0069,TEC-HD-1006,Technology,5,412.5,0.25,62.5,North,Corporate,Credit Card
ORD-2023-13142,2024-06-25,CUST-0016,OFF-EN-3005,Office Supplies,2,12.8,0.2,6.8,South,Corporate,Debit Card
ORD-2023-15256,2024-06-25,CUST-0034,TEC-LP-1002,Technology,1,1200.0,0.0,300.0,North,Consumer,Credit Card
ORD-2023-15426,2024-06-25,CUST-0246,FUR-CH-2001,Furniture,2,252.0,0.3,-28.0,South,Small Business,UPI
ORD-2024-10017,2024-06-25,CUST-0008,TEC-AC-1004,Technology,1,45.0,0.0,23.0,South,Consumer,Credit Card
ORD-2024-12395,2024-06-25,CUST-0587,TEC-LP-1002,Technology,2,2400.0,0.0,600.0,East,Consumer,UPI
ORD-2024-13215,2024-06-25,CUST-0431,TEC-PH-1001,Technology,1,850.0,0.0,250.0,West,Consumer,Net Banking
ORD-2023-10260,2024-06-26,CUST-0188,TEC-AC-1004,Technology,1,45.0,0.0,23.0,North,Consumer,Debit Card
ORD-2023-11760,2024-06-26,CUST-0324,FUR-TB-2002,Furniture,1,270.0,0.4,-120.0,East,Consumer,Debit Card
ORD-2023-14828,2024-06-26,CUST-0080,FUR-DS-2004,Furniture,3,672.0,0.3,-108.0,West,Consumer,Credit Card
ORD-2024-11027,2024-06-26,CUST-0141,TEC-HD-1006,Technology,3,330.0,0.0,120.0,West,Corporate,Credit Card
ORD-2024-14497,2024-06-26,CUST-0533,FUR-BK-2003,Furniture,3,660.0,0.0,135.0,North,Consumer,Net Banking
ORD-2023-13616,2024-06-27,CUST-0494,TEC-PH-1001,Technology,5,3825.0,0.1,825.0,West,Consumer,Debit Card
ORD-2023-15160,2024-06-27,CUST-0345,TEC-LP-1002,Technology,1,900.0,0.25,0.0,North,Consumer,Credit Card
ORD-2024-10161,2024-06-27,CUST-0126,OFF-EN-3005,Office Supplies,2,14.4,0.1,8.4,West,Consumer,Cash on Delivery
ORD-2023-10338,2024-06-28,CUST-0338,FUR-BK-2003,Furniture,1,198.0,0.1,23.0,Central,Small Business,Cash on Delivery
ORD-2023-11032,2024-06-28,CUST-0101,TEC-MN-1003,Technology,2,570.0,0.05,150.0,East,Consumer,UPI
ORD-2023-13608,2024-06-28,CUST-0121,TEC-MN-1003,Technology,2,600.0,0.0,180.0,South,Consumer,Credit Card
ORD-2023-13908,2024-06-28,CUST-0574,FUR-BK-2003,Furniture,1,220.0,0.0,45.0,North,Consumer,Credit Card
ORD-2023-11916,2024-06-29,CUST-0633,TEC-AC-1004,Technology,2,90.0,0.0,46.0,North,Corporate,UPI
ORD-2023-15484,2024-06-29,CUST-0191,TEC-MN-1003,Technology,1,270.0,0.1,60.0,West,Corporate,Debit Card
ORD-2024-10301,2024-06-29,CUST-0609,OFF-EN-3005,Office Supplies,2,16.0,0.0,10.0,East,Corporate,Credit Card
ORD-2024-10427,2024-06-29,CUST-0301,FUR-DS-2004,Furniture,1,288.0,0.1,28.0,East,Consumer,Debit Card
ORD-2024-10889,2024-06-29,CUST-0226,TEC-HD-1006,Technology,1,110.0,0.0,40.0,North,Small Business,UPI
ORD-2024-12063,2024-06-29,CUST-0273,FUR-DS-2004,Furniture,1,160.0,0.5,-100.0,South,Corporate,Debit Card
ORD-2024-15087,2024-06-29,CUST-0638,OFF-EN-3005,Office Supplies,3,21.6,0.1,12.6,Central,Small Business,UPI
ORD-2023-10010,2024-06-30,CUST-0271,FUR-TB-2002,Furniture,2,540.0,0.4,-240.0,West,Small Business,Net Banking
ORD-2023-10726,2024-06-30,CUST-0282,TEC-LP-1002,Technology,2,2280.0,0.05,480.0,North,Small Business,Cash on Delivery
ORD-2023-14726,2024-06-30,CUST-0569,OFF-ST-3003,Office Supplies,2,40.0,0.2,12.0,North,Consumer,Debit Card
ORD-2023-10434,2024-07-01,CUST-0185,FUR-SF-2005,Furniture,2,1040.0,0.2,-60.0,East,Corporate,Credit Card
ORD-2023-10912,2024-07-01,CUST-0488,FUR-SF-2005,Furniture,1,455.0,0.3,-95.0,Central,Corporate,Debit Card
ORD-2023-13228,2024-07-01,CUST-0606,FUR-DS-2004,Furniture,4,896.0,0.3,-144.0,South,Small Business,Net Banking
ORD-2024-10313,2024-07-01,CUST-0031,OFF-ST-3003,Office Supplies,2,47.5,0.05,19.5,South,Consumer,UPI
ORD-2024-10575,2024-07-01,CUST-0050,TEC-PH-1001,Technology,3,2550.0,0.0,750.0,North,Corporate,UPI
ORD-2024-10943,2024-07-01,CUST-0338,FUR-DS-2004,Furniture,1,288.0,0.1,28.0,Central,Small Business,Credit Card
ORD-2024-11387,2024-07-01,CUST-0310,TEC-MN-1003,Technology,1,255.0,0.15,45.0,Central,Corporate,Cash on Delivery
ORD-2024-12819,2024-07-01,CUST-0458,FUR-CH-2001,Furniture,8,1440.0,0.0,320.0,West,Consumer,Credit Card
ORD-2024-13027,2024-07-01,CUST-0394,FUR-CH-2001,Furniture,3,540.0,0.0,120.0,Central,Corporate,Credit Card
ORD-2024-13911,2024-07-01,CUST-0563,TEC-HD-1006,Technology,5,495.0,0.1,145.0,West,Small Business,Net Banking
ORD-2024-14057,2024-07-01,CUST-0104,OFF-LA-3006,Office Supplies,8,120.0,0.0,64.0,East,Consumer,UPI
ORD-2023-10106,2024-07-02,CUST-0191,OFF-EN-3005,Office Supplies,2,15.2,0.05,9.2,West,Corporate,UPI
ORD-2023-10366,2024-07-02,CUST-0533,TEC-HD-1006,Technology,3,330.0,0.0,120.0,North,Consumer,Credit Card
ORD-2023-12268,2024-07-02,CUST-0429,OFF-LA-3006,Office Supplies,1,15.0,0.0,8.0,East,Consumer,Credit Card
ORD-2024-10351,2024-07-02,CUST-0186,TEC-LP-1002,Technology,2,2160.0,0.1,360.0,North,Consumer,Credit Card
ORD-2024-14339,2024-07-02,CUST-0398,OFF-ST-3003,Office Supplies,1,22.5,0.1,8.5,South,Corporate,Debit Card
ORD-2023-10032,2024-07-03,CUST-0188,TEC-MN-1003,Technology,1,255.0,0.15,45.0,North,Consumer,UPI
ORD-2023-12114,2024-07-03,CUST-0239,FUR-DS-2004,Furniture,2,320.0,0.5,-200.0,West,Consumer,UPI
ORD-2023-14606,2024-07-03,CUST-0549,OFF-AP-3004,Office Supplies,1,80.75,0.05,25.75,West,Consumer,UPI
ORD-2023-14870,2024-07-03,CUST-0531,OFF-AP-3004,Office Supplies,2,153.0,0.1,43.0,East,Corporate,UPI
ORD-2023-15446,2024-07-03,CUST-0425,TEC-PH-1001,Technology,2,1700.0,0.0,500.0,North,Corporate,Cash on Delivery
ORD-2024-12009,2024-07-03,CUST-0550,OFF-EN-3005,Office Supplies,2,16.0,0.0,10.0,West,Small Business,Net Banking
ORD-2024-12115,2024-07-03,CUST-0240,TEC-AC-1004,Technology,1,45.0,0.0,23.0,North,Small Business,UPI
ORD-2024-14127,2024-07-03,CUST-0629,OFF-LA-3006,Office Supplies,1,15.0,0.0,8.0,South,Consumer,Credit Card
ORD-2023-10650,2024-07-04,CUST-0147,OFF-PA-3001,Office Supplies,3,51.3,0.05,24.3,North,Corporate,Net Banking
ORD-2023-10706,2024-07-04,CUST-0420,OFF-EN-3005,Office Supplies,1,8.0,0.0,5.0,Central,Consumer,Cash on Delivery
ORD-2023-13248,2024-07-04,CUST-0473,FUR-BK-2003,Furniture,2,308.0,0.3,-42.0,North,Consumer,Net Banking
ORD-2023-11750,2024-07-05,CUST-0505,OFF-EN-3005,Office Supplies,3,19.2,0.2,10.2,North,Small Business,Cash on Delivery
ORD-2023-13214,2024-07-05,CUST-0540,FUR-DS-2004,Furniture,2,512.0,0.2,-8.0,South,Corporate,Net Banking
ORD-2023-14154,2024-07-05,CUST-0395,FUR-CH-2001,Furniture,2,288.0,0.2,8.0,North,Corporate,UPI
ORD-2023-14960,2024-07-05,CUST-0273,OFF-BI-3002,Office Supplies,1,12.0,0.0,7.0,South,Corporate,Debit Card
ORD-2024-13471,2024-07-05,CUST-0200,TEC-MN-1003,Technology,3,900.0,0.0,270.0,North,Consumer,UPI
ORD-2023-10796,2024-07-06,CUST-0533,TEC-LP-1002,Technology,1,1140.0,0.05,240.0,North,Consumer,Net Banking
ORD-2023-11190,2024-07-06,CUST-0623,OFF-ST-3003,Office Supplies,3,75.0,0.0,33.0,North,Consumer,UPI
ORD-2023-11772,2024-07-06,CUST-0356,OFF-PA-3001,Office Supplies,1,16.2,0.1,7.2,North,Corporate,Credit Card
ORD-2023-15066,2024-07-06,CUST-0252,FUR-BK-2003,Furniture,2,308.0,0.3,-42.0,North,Consumer,Credit Card
ORD-2024-14489,2024-07-06,CUST-0465,OFF-LA-3006,Office Supplies,2,27.0,0.1,13.0,East,Consumer,Credit Card
ORD-2024-14863,2024-07-06,CUST-0274,FUR-SF-2005,Furniture,2,1170.0,0.1,70.0,West,Consumer,UPI
ORD-2023-10880,2024-07-07,CUST-0345,TEC-AC-1004,Technology,1,42.75,0.05,20.75,North,Consumer,UPI
ORD-2023-11742,2024-07-07,CUST-0327,OFF-LA-3006,Office Supplies,3,45.0,0.0,24.0,East,Consumer,Debit Card
ORD-2023-12030,2024-07-07,CUST-0201,OFF-BI-3002,Office Supplies,4,48.0,0.0,28.0,North,Consumer,Cash on Delivery
ORD-2023-13272,2024-07-07,CUST-0486,TEC-MN-1003,Technology,1,300.0,0.0,90.0,East,Small Business,UPI
ORD-2023-13286,2024-07-07,CUST-0594,OFF-ST-3003,Office Supplies,1,22.5,0.1,8.5,North,Small Business,Credit Card
ORD-2023-13976,2024-07-07,CUST-0397,TEC-LP-1002,Technology,1,1140.0,0.05,240.0,West,Consumer,Credit Card
ORD-2023-15148,2024-07-07,CUST-0299,OFF-LA-3006,Office Supplies,4,48.0,0.2,20.0,North,Corporate,UPI
ORD-2024-10637,2024-07-07,CUST-0396,OFF-LA-3006,Office Supplies,1,13.5,0.1,6.5,East,Small Business,UPI
ORD-2024-12249,2024-07-07,CUST-0551,FUR-CH-2001,Furniture,2,288.0,0.2,8.0,South,Consumer,Cash on Delivery
ORD-2024-13065,2024-07-07,CUST-0634,TEC-PR-1005,Technology,1,225.0,0.1,35.0,East,Corporate,Credit Card
ORD-2024-14657,2024-07-07,CUST-0574,TEC-PR-1005,Technology,3,675.0,0.1,105.0,North,Consumer,Net Banking
ORD-2023-12312,2024-07-08,CUST-0082,FUR-BK-2003,Furniture,1,154.0,0.3,-21.0,North,Consumer,UPI
ORD-2023-12884,2024-07-08,CUST-0174,FUR-TB-2002,Furniture,2,900.0,0.0,120.0,East,Consumer,Credit Card
ORD-2023-14354,2024-07-08,CUST-0609,TEC-HD-1006,Technology,1,110.0,0.0,40.0,East,Corporate,Credit Card
ORD-2023-14792,2024-07-08,CUST-0126,TEC-LP-1002,Technology,3,3060.0,0.15,360.0,South,Consumer,Credit Card
ORD-2024-10715,2024-07-08,CUST-0349,OFF-EN-3005,Office Supplies,2,12.8,0.2,6.8,East,Small Business,Credit Card
ORD-2024-13147,2024-07-08,CUST-0358,TEC-PH-1001,Technology,8,6800.0,0.0,2000.0,North,Consumer,Credit Card
ORD-2024-14773,2024-07-08,CUST-0603,OFF-BI-3002,Office Supplies,5,57.0,0.05,32.0,North,Corporate,UPI
ORD-2023-10080,2024-07-09,CUST-0313,TEC-PH-1001,Technology,3,2295.0,0.1,495.0,Central,Consumer,UPI
ORD-2023-10618,2024-07-09,CUST-0104,OFF-EN-3005,Office Supplies,5,36.0,0.1,21.0,South,Consumer,Cash on Delivery
ORD-2023-11570,2024-07-09,CUST-0507,OFF-ST-3003,Office Supplies,1,25.0,0.0,11.0,Central,Consumer,Credit Card
ORD-2024-14951,2024-07-09,CUST-0535,OFF-BI-3002,Office Supplies,2,22.8,0.05,12.8,South,Consumer,UPI
ORD-2024-15065,2024-07-09,CUST-0332,OFF-LA-3006,Office Supplies,2,28.5,0.05,14.5,South,Corporate,Net Banking
ORD-2023-11290,2024-07-10,CUST-0200,OFF-PA-3001,Office Supplies,2,28.8,0.2,10.8,North,Consumer,Debit Card
ORD-2023-12728,2024-07-10,CUST-0542,FUR-BK-2003,Furniture,1,176.0,0.2,1.0,North,Small Business,Debit Card
ORD-2024-10045,2024-07-10,CUST-0627,FUR-DS-2004,Furniture,2,384.0,0.4,-136.0,East,Consumer,Debit Card
ORD-2024-10663,2024-07-10,CUST-0627,OFF-PA-3001,Office Supplies,1,18.0,0.0,9.0,East,Consumer,Credit Card
ORD-2023-10244,2024-07-11,CUST-0475,OFF-EN-3005,Office Supplies,2,16.0,0.0,10.0,North,Consumer,Net Banking
ORD-2023-10492,2024-07-11,CUST-0422,OFF-BI-3002,Office Supplies,1,10.8,0.1,5.8,North,Consumer,UPI
ORD-2023-14486,2024-07-11,CUST-0044,FUR-DS-2004,Furniture,1,224.0,0.3,-36.0,South,Corporate,Credit Card
ORD-2024-13763,2024-07-11,CUST-0485,TEC-AC-1004,Technology,1,42.75,0.05,20.75,East,Small Business,Cash on Delivery
ORD-2024-13899,2024-07-11,CUST-0566,OFF-ST-3003,Office Supplies,2,47.5,0.05,19.5,North,Consumer,UPI
ORD-2023-12906,2024-07-12,CUST-0229,FUR-SF-2005,Furniture,1,650.0,0.0,100.0,Central,Small Business,Credit Card
ORD-2024-12495,2024-07-12,CUST-0554,FUR-DS-2004,Furniture,3,864.0,0.1,84.0,East,Consumer,Credit Card
ORD-2024-13515,2024-07-12,CUST-0420,OFF-BI-3002,Office Supplies,1,12.0,0.0,7.0,North,Consumer,Credit Card
ORD-2023-11006,2024-07-13,CUST-0535,FUR-DS-2004,Furniture,1,160.0,0.5,-100.0,South,Consumer,UPI
ORD-2023-12606,2024-07-13,CUST-0130,FUR-SF-2005,Furniture,1,520.0,0.2,-30.0,North,Consumer,UPI
ORD-2023-12772,2024-07-13,CUST-0001,TEC-PR-1005,Technology,5,1125.0,0.1,175.0,West,Consumer,Credit Card
ORD-2024-11807,2024-07-13,CUST-0554,FUR-TB-2002,Furniture,1,270.0,0.4,-120.0,West,Consumer,UPI
ORD-2024-12775,2024-07-13,CUST-0592,OFF-BI-3002,Office Supplies,8,96.0,0.0,56.0,South,Small Business,Net Banking
ORD-2024-14025,2024-07-13,CUST-0200,OFF-BI-3002,Office Supplies,1,12.0,0.0,7.0,North,Consumer,UPI
ORD-2023-12358,2024-07-14,CUST-0184,TEC-MN-1003,Technology,4,1140.0,0.05,300.0,East,Corporate,Credit Card
ORD-2023-13020,2024-07-14,CUST-0058,TEC-PH-1001,Technology,4,3230.0,0.05,830.0,East,Consumer,Credit Card
ORD-2023-13304,2024-07-14,CUST-0360,TEC-LP-1002,Technology,3,3060.0,0.15,360.0,North,Corporate,Credit Card
ORD-2023-14292,2024-07-14,CUST-0056,TEC-MN-1003,Technology,1,300.0,0.0,90.0,Central,Small Business,Credit Card
ORD-2023-15186,2024-07-14,CUST-0176,OFF-EN-3005,Office Supplies,2,15.2,0.05,9.2,South,Consumer,UPI
ORD-2024-10515,2024-07-14,CUST-0311,OFF-EN-3005,Office Supplies,4,25.6,0.2,13.6,West,Consumer,UPI
ORD-2024-11543,2024-07-14,CUST-0079,OFF-AP-3004,Office Supplies,5,425.0,0.0,150.0,West,Consumer,Credit Card
ORD-2024-11707,2024-07-14,CUST-0600,TEC-LP-1002,Technology,1,1200.0,0.0,300.0,North,Consumer,Credit Card
ORD-2024-11817,2024-07-14,CUST-0111,FUR-DS-2004,Furniture,2,576.0,0.1,56.0,West,Consumer,Credit Card
ORD-2024-14273,2024-07-14,CUST-0014,TEC-PR-1005,Technology,2,375.0,0.25,-5.0,North,Consumer,Credit Card
ORD-2024-15029,2024-07-14,CUST-0340,TEC-AC-1004,Technology,2,81.0,0.1,37.0,Central,Corporate,Credit Card
ORD-2023-10582,2024-07-15,CUST-0350,TEC-PH-1001,Technology,1,850.0,0.0,250.0,West,Consumer,Credit Card
ORD-2023-10808,2024-07-15,CUST-0123,TEC-PH-1001,Technology,1,850.0,0.0,250.0,Central,Small Business,Debit Card
ORD-2023-11400,2024-07-15,CUST-0345,OFF-BI-3002,Office Supplies,2,22.8,0.05,12.8,West,Consumer,Cash on Delivery
ORD-2023-13252,2024-07-15,CUST-0337,FUR-TB-2002,Furniture,1,450.0,0.0,60.0,South,Consumer,UPI
ORD-2023-13298,2024-07-15,CUST-0197,OFF-BI-3002,Office Supplies,2,19.2,0.2,9.2,North,Consumer,UPI
ORD-2023-13714,2024-07-15,CUST-0264,OFF-ST-3003,Office Supplies,1,25.0,0.0,11.0,North,Small Business,Credit Card
ORD-2023-14470,2024-07-15,CUST-0420,OFF-AP-3004,Office Supplies,5,425.0,0.0,150.0,West,Consumer,Credit Card
ORD-2024-10239,2024-07-15,CUST-0398,FUR-DS-2004,Furniture,2,576.0,0.1,56.0,South,Corporate,Credit Card
ORD-2024-10741,2024-07-15,CUST-0591,OFF-AP-3004,Office Supplies,1,59.5,0.3,4.5,West,Consumer,Debit Card
ORD-2024-10747,2024-07-15,CUST-0418,FUR-TB-2002,Furniture,2,630.0,0.3,-150.0,North,Consumer,UPI
ORD-2024-10799,2024-07-15,CUST-0367,TEC-PR-1005,Technology,2,500.0,0.0,120.0,South,Corporate,UPI
ORD-2023-10760,2024-07-16,CUST-0494,OFF-PA-3001,Office Supplies,2,34.2,0.05,16.2,West,Consumer,Credit Card
ORD-2023-12022,2024-07-16,CUST-0241,FUR-BK-2003,Furniture,1,176.0,0.2,1.0,North,Small Business,UPI
ORD-2023-14508,2024-07-16,CUST-0159,TEC-PR-1005,Technology,3,712.5,0.05,142.5,Central,Corporate,Credit Card
ORD-2024-10653,2024-07-16,CUST-0276,FUR-BK-2003,Furniture,2,396.0,0.1,46.0,South,Small Business,Debit Card
ORD-2024-15457,2024-07-16,CUST-0459,FUR-BK-2003,Furniture,2,440.0,0.0,90.0,North,Consumer,Credit Card
ORD-2023-11912,2024-07-17,CUST-0392,FUR-SF-2005,Furniture,2,1300.0,0.0,200.0,East,Consumer,UPI
ORD-2023-14948,2024-07-17,CUST-0334,TEC-AC-1004,Technology,1,33.75,0.25,11.75,North,Consumer,UPI
ORD-2023-15000,2024-07-17,CUST-0376,TEC-LP-1002,Technology,5,6000.0,0.0,1500.0,North,Corporate,Credit Card
ORD-2024-10265,2024-07-17,CUST-0155,TEC-HD-1006,Technology,1,110.0,0.0,40.0,East,Corporate,UPI
ORD-2024-10599,2024-07-17,CUST-0159,OFF-AP-3004,Office Supplies,1,85.0,0.0,30.0,Central,Corporate,UPI
ORD-2024-10783,2024-07-17,CUST-0125,OFF-AP-3004,Office Supplies,1,85.0,0.0,30.0,East,Consumer,Debit Card
ORD-2024-12931,2024-07-17,CUST-0292,OFF-AP-3004,Office Supplies,1,76.5,0.1,21.5,North,Consumer,Credit Card
ORD-2024-13351,2024-07-17,CUST-0052,FUR-BK-2003,Furniture,2,440.0,0.0,90.0,Central,Consumer,Credit Card
ORD-2023-10050,2024-07-18,CUST-0098,TEC-PR-1005,Technology,2,450.0,0.1,70.0,West,Consumer,Debit Card
ORD-2023-11518,2024-07-18,CUST-0227,FUR-TB-2002,Furniture,1,360.0,0.2,-30.0,West,Small Business,Credit Card
ORD-2023-12244,2024-07-18,CUST-0494,TEC-HD-1006,Technology,1,110.0,0.0,40.0,West,Consumer,UPI
ORD-2024-11859,2024-07-18,CUST-0084,FUR-CH-2001,Furniture,1,144.0,0.2,4.0,South,Small Business,UPI
ORD-2024-10531,2024-07-19,CUST-0338,OFF-LA-3006,Office Supplies,1,13.5,0.1,6.5,North,Small Business,Credit Card
ORD-2024-12503,2024-07-19,CUST-0054,FUR-TB-2002,Furniture,1,270.0,0.4,-120.0,South,Corporate,UPI
ORD-2024-13381,2024-07-19,CUST-0096,TEC-MN-1003,Technology,1,300.0,0.0,90.0,South,Consumer,Credit Card
ORD-2024-15203,2024-07-19,CUST-0583,TEC-MN-1003,Technology,1,300.0,0.0,90.0,North,Consumer,UPI
ORD-2023-11730,2024-07-20,CUST-0275,OFF-AP-3004,Office Supplies,2,161.5,0.05,51.5,Central,Consumer,Credit Card
ORD-2023-13424,2024-07-20,CUST-0147,FUR-BK-2003,Furniture,1,220.0,0.0,45.0,North,Corporate,Credit Card
ORD-2024-10649,2024-07-20,CUST-0028,OFF-BI-3002,Office Supplies,3,32.4,0.1,17.4,South,Corporate,Credit Card
ORD-2024-12421,2024-07-20,CUST-0317,TEC-LP-1002,Technology,4,4080.0,0.15,480.0,East,Small Business,Credit Card
ORD-2024-13559,2024-07-20,CUST-0374,OFF-AP-3004,Office Supplies,1,85.0,0.0,30.0,West,Consumer,Credit Card
ORD-2023-11442,2024-07-21,CUST-0008,OFF-LA-3006,Office Supplies,2,28.5,0.05,14.5,West,Consumer,UPI
ORD-2023-13884,2024-07-21,CUST-0106,TEC-AC-1004,Technology,5,225.0,0.0,115.0,South,Corporate,Credit Card
ORD-2024-15493,2024-07-21,CUST-0473,OFF-AP-3004,Office Supplies,2,170.0,0.0,60.0,North,Consumer,Credit Card
ORD-2023-12810,2024-07-22,CUST-0071,TEC-PH-1001,Technology,2,1530.0,0.1,330.0,East,Corporate,UPI
ORD-2024-11417,2024-07-22,CUST-0028,FUR-CH-2001,Furniture,1,180.0,0.0,40.0,South,Corporate,UPI
ORD-2024-12479,2024-07-22,CUST-0568,FUR-SF-2005,Furniture,2,780.0,0.4,-320.0,Central,Consumer,Net Banking
ORD-2024-13199,2024-07-22,CUST-0051,TEC-AC-1004,Technology,2,90.0,0.0,46.0,North,Small Business,Debit Card
ORD-2024-14123,2024-07-22,CUST-0622,TEC-LP-1002,Technology,1,1200.0,0.0,300.0,East,Corporate,Net Banking
ORD-2023-10346,2024-07-23,CUST-0552,OFF-LA-3006,Office Supplies,5,75.0,0.0,40.0,North,Consumer,Debit Card
ORD-2023-11232,2024-07-23,CUST-0369,TEC-MN-1003,Technology,1,285.0,0.05,75.0,North,Small Business,Credit Card
ORD-2023-13892,2024-07-23,CUST-0598,TEC-LP-1002,Technology,2,2280.0,0.05,480.0,East,Corporate,Debit Card
ORD-2023-15094,2024-07-23,CUST-0332,FUR-TB-2002,Furniture,1,360.0,0.2,-30.0,South,Corporate,UPI
ORD-2024-10789,2024-07-23,CUST-0086,OFF-PA-3001,Office Supplies,8,144.0,0.0,72.0,Central,Corporate,UPI
ORD-2024-11125,2024-07-23,CUST-0419,FUR-BK-2003,Furniture,1,110.0,0.5,-65.0,South,Corporate,Credit Card
ORD-2024-14105,2024-07-23,CUST-0367,TEC-MN-1003,Technology,2,540.0,0.1,120.0,South,Corporate,UPI
ORD-2023-10164,2024-07-24,CUST-0013,TEC-AC-1004,Technology,1,42.75,0.05,20.75,North,Consumer,Debit Card
ORD-2023-13624,2024-07-24,CUST-0196,OFF-LA-3006,Office Supplies,2,30.0,0.0,16.0,South,Consumer,Debit Card
ORD-2023-14054,2024-07-24,CUST-0022,TEC-MN-1003,Technology,1,270.0,0.1,60.0,South,Consumer,UPI
ORD-2023-15178,2024-07-24,CUST-0015,FUR-TB-2002,Furniture,4,1260.0,0.3,-300.0,Central,Consumer,Credit Card
ORD-2024-12279,2024-07-24,CUST-0634,OFF-ST-3003,Office Supplies,2,47.5,0.05,19.5,East,Corporate,Debit Card
ORD-2024-12605,2024-07-24,CUST-0254,FUR-DS-2004,Furniture,8,1536.0,0.4,-544.0,North,Corporate,Net Banking
ORD-2023-10834,2024-07-25,CUST-0052,OFF-AP-3004,Office Supplies,3,242.25,0.05,77.25,Central,Consumer,Debit Card
ORD-2024-10781,2024-07-25,CUST-0100,OFF-PA-3001,Office Supplies,2,36.0,0.0,18.0,East,Consumer,Debit Card
ORD-2024-11783,2024-07-25,CUST-0041,FUR-BK-2003,Furniture,1,176.0,0.2,1.0,West,Corporate,Credit Card
ORD-2024-12847,2024-07-25,CUST-0489,OFF-LA-3006,Office Supplies,2,30.0,0.0,16.0,North,Small Business,Credit Card
ORD-2024-13003,2024-07-25,CUST-0181,OFF-EN-3005,Office Supplies,1,7.2,0.1,4.2,East,Small Business,Debit Card
ORD-2023-11020,2024-07-26,CUST-0634,FUR-BK-2003,Furniture,4,880.0,0.0,180.0,East,Corporate,Debit Card
ORD-2023-13572,2024-07-26,CUST-0422,TEC-LP-1002,Technology,2,2400.0,0.0,600.0,Central,Consumer,Credit Card
ORD-2023-14986,2024-07-26,CUST-0275,FUR-TB-2002,Furniture,5,2025.0,0.1,75.0,South,Consumer,Credit Card
ORD-2024-10703,2024-07-26,CUST-0188,FUR-CH-2001,Furniture,3,540.0,0.0,120.0,North,Consumer,Net Banking
ORD-2024-12075,2024-07-26,CUST-0426,TEC-MN-1003,Technology,2,600.0,0.0,180.0,South,Consumer,UPI
ORD-2024-14241,2024-07-26,CUST-0195,OFF-PA-3001,Office Supplies,2,28.8,0.2,10.8,South,Consumer,Credit Card
ORD-2024-14323,2024-07-26,CUST-0487,OFF-BI-3002,Office Supplies,3,36.0,0.0,21.0,East,Consumer,UPI
ORD-2024-14453,2024-07-26,CUST-0432,OFF-BI-3002,Office Supplies,2,19.2,0.2,9.2,West,Corporate,Net Banking
ORD-2024-14651,2024-07-26,CUST-0220,TEC-PR-1005,Technology,1,250.0,0.0,60.0,West,Consumer,Credit Card
ORD-2023-10304,2024-07-27,CUST-0260,OFF-BI-3002,Office Supplies,1,9.6,0.2,4.6,West,Corporate,Credit Card
ORD-2023-11754,2024-07-27,CUST-0558,FUR-TB-2002,Furniture,3,1080.0,0.2,-90.0,West,Small Business,Credit Card
ORD-2023-12866,2024-07-27,CUST-0253,TEC-MN-1003,Technology,1,225.0,0.25,15.0,East,Corporate,Net Banking
ORD-2023-13318,2024-07-27,CUST-0309,TEC-AC-1004,Technology,8,342.0,0.05,166.0,North,Consumer,Debit Card
ORD-2023-14488,2024-07-27,CUST-0147,TEC-PR-1005,Technology,2,425.0,0.15,45.0,Central,Corporate,Credit Card
ORD-2023-15298,2024-07-27,CUST-0200,OFF-AP-3004,Office Supplies,1,59.5,0.3,4.5,North,Consumer,Credit Card
ORD-2024-10053,2024-07-27,CUST-0464,FUR-TB-2002,Furniture,4,1080.0,0.4,-480.0,North,Consumer,Credit Card
ORD-2024-10859,2024-07-27,CUST-0494,FUR-DS-2004,Furniture,3,864.0,0.1,84.0,West,Consumer,UPI
ORD-2023-11826,2024-07-28,CUST-0073,TEC-AC-1004,Technology,1,45.0,0.0,23.0,West,Consumer,Credit Card
ORD-2023-12100,2024-07-28,CUST-0358,TEC-LP-1002,Technology,2,2040.0,0.15,240.0,East,Consumer,UPI
ORD-2023-14060,2024-07-28,CUST-0612,TEC-LP-1002,Technology,1,1140.0,0.05,240.0,West,Corporate,Credit Card
ORD-2023-14368,2024-07-28,CUST-0462,TEC-AC-1004,Technology,3,135.0,0.0,69.0,North,Consumer,Net Banking
ORD-2023-14514,2024-07-28,CUST-0561,OFF-BI-3002,Office Supplies,2,22.8,0.05,12.8,Central,Consumer,Credit Card
ORD-2024-11561,2024-07-28,CUST-0073,TEC-PR-1005,Technology,1,250.0,0.0,60.0,West,Consumer,UPI
ORD-2024-12047,2024-07-28,CUST-0582,OFF-BI-3002,Office Supplies,1,9.6,0.2,4.6,South,Consumer,Net Banking
ORD-2024-14579,2024-07-28,CUST-0089,FUR-DS-2004,Furniture,3,672.0,0.3,-108.0,West,Small Business,Cash on Delivery
ORD-2024-11813,2024-07-29,CUST-0292,FUR-SF-2005,Furniture,1,325.0,0.5,-225.0,South,Consumer,Credit Card
ORD-2023-10400,2024-07-30,CUST-0372,OFF-ST-3003,Office Supplies,2,45.0,0.1,17.0,East,Corporate,Debit Card
ORD-2023-10498,2024-07-30,CUST-0474,TEC-HD-1006,Technology,2,220.0,0.0,80.0,South,Small Business,Cash on Delivery
ORD-2023-14952,2024-07-30,CUST-0159,TEC-LP-1002,Technology,3,3060.0,0.15,360.0,Central,Corporate,Cash on Delivery
ORD-2024-11963,2024-07-30,CUST-0605,OFF-ST-3003,Office Supplies,2,47.5,0.05,19.5,North,Consumer,Debit Card
ORD-2024-13417,2024-07-30,CUST-0159,FUR-TB-2002,Furniture,1,360.0,0.2,-30.0,North,Corporate,Credit Card
ORD-2023-12128,2024-07-31,CUST-0345,FUR-DS-2004,Furniture,2,448.0,0.3,-72.0,West,Consumer,Debit Card
ORD-2023-14730,2024-07-31,CUST-0358,TEC-MN-1003,Technology,2,510.0,0.15,90.0,North,Consumer,Credit Card
ORD-2023-15108,2024-07-31,CUST-0257,OFF-BI-3002,Office Supplies,4,45.6,0.05,25.6,West,Consumer,Credit Card
ORD-2023-12720,2024-08-01,CUST-0397,OFF-AP-3004,Office Supplies,2,170.0,0.0,60.0,West,Consumer,Credit Card
ORD-2023-13202,2024-08-01,CUST-0514,FUR-DS-2004,Furniture,2,512.0,0.2,-8.0,West,Corporate,Debit Card
ORD-2023-13758,2024-08-01,CUST-0270,TEC-HD-1006,Technology,8,792.0,0.1,232.0,East,Small Business,Net Banking
ORD-2024-12193,2024-08-01,CUST-0332,FUR-TB-2002,Furniture,2,630.0,0.3,-150.0,South,Corporate,UPI
ORD-2024-12665,2024-08-01,CUST-0027,TEC-HD-1006,Technology,1,104.5,0.05,34.5,North,Consumer,Credit Card
ORD-2024-14509,2024-08-01,CUST-0186,FUR-CH-2001,Furniture,2,360.0,0.0,80.0,North,Consumer,UPI
ORD-2023-10094,2024-08-02,CUST-0325,TEC-MN-1003,Technology,1,270.0,0.1,60.0,North,Corporate,Credit Card
ORD-2023-10194,2024-08-02,CUST-0566,TEC-PH-1001,Technology,10,8075.0,0.05,2075.0,North,Consumer,UPI
ORD-2023-11080,2024-08-02,CUST-0145,TEC-PR-1005,Technology,1,212.5,0.15,22.5,North,Corporate,Credit Card
ORD-2023-11206,2024-08-02,CUST-0271,TEC-PR-1005,Technology,1,237.5,0.05,47.5,West,Small Business,UPI
ORD-2023-12896,2024-08-02,CUST-0012,OFF-ST-3003,Office Supplies,5,118.75,0.05,48.75,Central,Small Business,UPI
ORD-2023-13024,2024-08-02,CUST-0071,OFF-EN-3005,Office Supplies,5,36.0,0.1,21.0,East,Corporate,Credit Card
ORD-2024-13337,2024-08-02,CUST-0119,FUR-SF-2005,Furniture,2,780.0,0.4,-320.0,East,Consumer,Cash on Delivery
ORD-2024-10023,2024-08-03,CUST-0356,TEC-PR-1005,Technology,1,212.5,0.0,22.5,Central,Corporate,Credit Card
ORD-2024-10891,2024-08-03,CUST-0223,TEC-MN-1003,Technology,4,1080.0,0.1,240.0,North,Consumer,Credit Card
ORD-2024-11653,2024-08-03,CUST-0275,TEC-PH-1001,Technology,1,765.0,0.1,165.0,South,Consumer,Net Banking
ORD-2024-11945,2024-08-03,CUST-0642,FUR-TB-2002,Furniture,4,1800.0,0.0,240.0,West,Consumer,Cash on Delivery
ORD-2023-10908,2024-08-04,CUST-0429,TEC-MN-1003,Technology,4,1080.0,0.1,240.0,East,Consumer,Credit Card
ORD-2023-13844,2024-08-04,CUST-0037,TEC-MN-1003,Technology,4,1140.0,0.05,300.0,North,Consumer,Credit Card
ORD-2023-14524,2024-08-04,CUST-0392,OFF-EN-3005,Office Supplies,2,16.0,0.0,10.0,East,Consumer,Cash on Delivery
ORD-2024-10319,2024-08-04,CUST-0450,OFF-ST-3003,Office Supplies,2,50.0,0.0,22.0,West,Consumer,Cash on Delivery
ORD-2024-11299,2024-08-04,CUST-0584,OFF-BI-3002,Office Supplies,4,48.0,0.0,28.0,East,Consumer,Credit Card
ORD-2024-11869,2024-08-04,CUST-0235,TEC-LP-1002,Technology,2,2400.0,0.0,600.0,North,Consumer,Credit Card
ORD-2024-11933,2024-08-04,CUST-0116,FUR-DS-2004,Furniture,1,224.0,0.3,-36.0,East,Corporate,Credit Card
ORD-2024-14589,2024-08-04,CUST-0338,OFF-LA-3006,Office Supplies,1,12.0,0.2,5.0,Central,Small Business,Credit Card
ORD-2023-12180,2024-08-05,CUST-0427,OFF-EN-3005,Office Supplies,2,16.0,0.0,10.0,East,Consumer,Credit Card
ORD-2023-12434,2024-08-05,CUST-0647,FUR-CH-2001,Furniture,1,180.0,0.0,40.0,North,Consumer,UPI
ORD-2023-13066,2024-08-05,CUST-0429,TEC-MN-1003,Technology,2,570.0,0.05,150.0,South,Consumer,Credit Card
ORD-2023-14220,2024-08-05,CUST-0386,FUR-CH-2001,Furniture,2,288.0,0.2,8.0,North,Corporate,UPI
ORD-2023-15382,2024-08-05,CUST-0266,TEC-HD-1006,Technology,1,104.5,0.05,34.5,Central,Small Business,Debit Card
ORD-2024-10115,2024-08-05,CUST-0088,FUR-CH-2001,Furniture,1,144.0,0.2,4.0,South,Small Business,Credit Card
ORD-2024-10791,2024-08-05,CUST-0303,TEC-HD-1006,Technology,2,187.0,0.15,47.0,South,Corporate,UPI
ORD-2024-13557,2024-08-05,CUST-0255,TEC-PR-1005,Technology,1,237.5,0.05,47.5,West,Consumer,UPI
ORD-2024-15277,2024-08-05,CUST-0180,OFF-ST-3003,Office Supplies,1,22.5,0.1,8.5,North,Consumer,Credit Card
ORD-2023-12850,2024-08-06,CUST-0531,TEC-PR-1005,Technology,2,500.0,0.0,120.0,Central,Corporate,Credit Card
ORD-2023-13046,2024-08-06,CUST-0584,FUR-BK-2003,Furniture,1,132.0,0.4,-43.0,East,Consumer,Debit Card
ORD-2023-13546,2024-08-06,CUST-0058,OFF-BI-3002,Office Supplies,1,12.0,0.0,7.0,East,Consumer,UPI
ORD-2023-13942,2024-08-06,CUST-0137,FUR-CH-2001,Furniture,3,324.0,0.4,-96.0,North,Small Business,Cash on Delivery
ORD-2023-14208,2024-08-06,CUST-0273,FUR-BK-2003,Furniture,5,880.0,0.2,5.0,South,Corporate,Net Banking
ORD-2023-14330,2024-08-06,CUST-0543,FUR-BK-2003,Furniture,3,594.0,0.1,69.0,East,Consumer,UPI
ORD-2024-11159,2024-08-06,CUST-0235,OFF-ST-3003,Office Supplies,2,47.5,0.05,19.5,North,Consumer,Cash on Delivery
ORD-2023-15296,2024-08-07,CUST-0044,TEC-PH-1001,Technology,1,850.0,0.0,250.0,South,Corporate,Debit Card
ORD-2024-10867,2024-08-07,CUST-0104,FUR-SF-2005,Furniture,2,910.0,0.3,-190.0,East,Consumer,Cash on Delivery
ORD-2024-13447,2024-08-07,CUST-0510,TEC-PR-1005,Technology,1,250.0,0.0,60.0,East,Consumer,Debit Card
ORD-2023-10534,2024-08-08,CUST-0188,OFF-BI-3002,Office Supplies,2,21.6,0.1,11.6,North,Consumer,Credit Card
ORD-2023-11526,2024-08-08,CUST-0398,TEC-MN-1003,Technology,10,3000.0,0.0,900.0,East,Corporate,Net Banking
ORD-2023-14674,2024-08-08,CUST-0319,TEC-PR-1005,Technology,3,637.5,0.15,67.5,South,Consumer,Credit Card
ORD-2023-15112,2024-08-08,CUST-0123,FUR-BK-2003,Furniture,3,594.0,0.1,69.0,Central,Small Business,Debit Card
ORD-2024-10467,2024-08-08,CUST-0053,OFF-LA-3006,Office Supplies,1,15.0,0.0,8.0,West,Corporate,Credit Card
ORD-2024-12511,2024-08-08,CUST-0288,TEC-HD-1006,Technology,1,110.0,0.0,40.0,East,Consumer,UPI
ORD-2023-10428,2024-08-09,CUST-0576,OFF-ST-3003,Office Supplies,2,50.0,0.0,22.0,South,Consumer,Credit Card
ORD-2023-10526,2024-08-09,CUST-0074,TEC-LP-1002,Technology,1,900.0,0.25,0.0,East,Small Business,UPI
ORD-2023-10600,2024-08-09,CUST-0402,OFF-EN-3005,Office Supplies,1,7.6,0.05,4.6,East,Consumer,Net Banking
ORD-2023-14370,2024-08-09,CUST-0097,TEC-HD-1006,Technology,2,220.0,0.0,80.0,East,Consumer,Debit Card
ORD-2023-14664,2024-08-09,CUST-0541,TEC-PR-1005,Technology,4,1000.0,0.0,240.0,West,Consumer,Credit Card
ORD-2024-13511,2024-08-09,CUST-0126,OFF-LA-3006,Office Supplies,3,36.0,0.2,15.0,West,Consumer,Credit Card
ORD-2024-13839,2024-08-09,CUST-0074,TEC-HD-1006,Technology,2,209.0,0.05,69.0,North,Small Business,Debit Card
ORD-2024-15181,2024-08-09,CUST-0464,FUR-CH-2001,Furniture,5,900.0,0.0,200.0,North,Consumer,Net Banking
ORD-2023-10204,2024-08-10,CUST-0276,TEC-PH-1001,Technology,2,1530.0,0.1,330.0,South,Small Business,UPI
ORD-2023-13226,2024-08-10,CUST-0498,TEC-AC-1004,Technology,1,40.5,0.1,18.5,East,Consumer,Debit Card
ORD-2024-11007,2024-08-10,CUST-0420,TEC-AC-1004,Technology,5,225.0,0.0,115.0,North,Consumer,Debit Card
ORD-2024-11607,2024-08-10,CUST-0600,FUR-SF-2005,Furniture,4,2340.0,0.1,140.0,North,Consumer,Credit Card
ORD-2024-12051,2024-08-10,CUST-0293,TEC-PH-1001,Technology,3,1912.5,0.25,112.5,West,Corporate,Debit Card
ORD-2024-14635,2024-08-10,CUST-0201,OFF-AP-3004,Office Supplies,1,68.0,0.2,13.0,North,Consumer,Credit Card
ORD-2023-10716,2024-08-11,CUST-0487,FUR-TB-2002,Furniture,2,900.0,0.0,120.0,East,Consumer,Credit Card
ORD-2023-13668,2024-08-11,CUST-0577,FUR-BK-2003,Furniture,4,704.0,0.2,4.0,East,Corporate,Credit Card
ORD-2023-15264,2024-08-11,CUST-0241,FUR-TB-2002,Furniture,1,405.0,0.1,15.0,North,Small Business,Credit Card
ORD-2024-11155,2024-08-11,CUST-0189,OFF-EN-3005,Office Supplies,3,24.0,0.0,15.0,South,Consumer,Credit Card
ORD-2024-13621,2024-08-11,CUST-0274,OFF-ST-3003,Office Supplies,1,23.75,0.05,9.75,West,Consumer,Credit Card
ORD-2024-14841,2024-08-11,CUST-0434,TEC-AC-1004,Technology,1,42.75,0.05,20.75,Central,Corporate,Credit Card
ORD-2024-14957,2024-08-11,CUST-0111,OFF-LA-3006,Office Supplies,2,27.0,0.1,13.0,West,Consumer,Credit Card
ORD-2023-10124,2024-08-12,CUST-0605,FUR-BK-2003,Furniture,1,132.0,0.4,-43.0,North,Consumer,Credit Card
ORD-2023-10496,2024-08-12,CUST-0331,OFF-PA-3001,Office Supplies,1,18.0,0.0,9.0,South,Corporate,UPI
ORD-2023-11688,2024-08-12,CUST-0637,TEC-PR-1005,Technology,3,750.0,0.0,180.0,North,Consumer,Credit Card
ORD-2023-12974,2024-08-12,CUST-0332,FUR-TB-2002,Furniture,1,450.0,0.0,60.0,South,Corporate,UPI
ORD-2023-13050,2024-08-12,CUST-0499,FUR-BK-2003,Furniture,3,462.0,0.3,-63.0,East,Corporate,Cash on Delivery
ORD-2024-10081,2024-08-12,CUST-0257,OFF-BI-3002,Office Supplies,1,9.6,0.2,4.6,West,Consumer,UPI
ORD-2024-13127,2024-08-12,CUST-0125,FUR-CH-2001,Furniture,3,540.0,0.0,120.0,East,Consumer,Net Banking
ORD-2024-13681,2024-08-12,CUST-0340,FUR-BK-2003,Furniture,4,704.0,0.2,4.0,Central,Corporate,Credit Card
ORD-2024-14233,2024-08-12,CUST-0188,TEC-PH-1001,Technology,4,3230.0,0.05,830.0,North,Consumer,UPI
ORD-2024-14353,2024-08-12,CUST-0165,TEC-PR-1005,Technology,1,237.5,0.05,47.5,South,Consumer,Debit Card
ORD-2023-10566,2024-08-13,CUST-0080,OFF-ST-3003,Office Supplies,1,23.75,0.05,9.75,East,Consumer,Debit Card
ORD-2023-14794,2024-08-13,CUST-0240,OFF-ST-3003,Office Supplies,5,125.0,0.0,55.0,North,Small Business,UPI
ORD-2023-15312,2024-08-13,CUST-0508,OFF-AP-3004,Office Supplies,2,170.0,0.0,60.0,South,Small Business,Debit Card
ORD-2024-13019,2024-08-13,CUST-0208,OFF-AP-3004,Office Supplies,1,68.0,0.2,13.0,South,Consumer,UPI
ORD-2023-11580,2024-08-14,CUST-0360,OFF-BI-3002,Office Supplies,1,11.4,0.05,6.4,South,Corporate,Credit Card
ORD-2023-14328,2024-08-14,CUST-0019,TEC-AC-1004,Technology,2,85.5,0.05,41.5,Central,Corporate,Credit Card
ORD-2023-14788,2024-08-14,CUST-0586,TEC-PH-1001,Technology,4,3400.0,0.0,1000.0,Central,Corporate,Credit Card
ORD-2023-14806,2024-08-14,CUST-0129,OFF-LA-3006,Office Supplies,1,14.25,0.05,7.25,West,Corporate,Credit Card
ORD-2023-15434,2024-08-14,CUST-0268,FUR-SF-2005,Furniture,1,650.0,0.0,100.0,West,Consumer,Credit Card
ORD-2024-14741,2024-08-14,CUST-0113,FUR-SF-2005,Furniture,1,520.0,0.2,-30.0,West,Small Business,Net Banking
ORD-2024-15013,2024-08-14,CUST-0035,FUR-SF-2005,Furniture,1,585.0,0.1,35.0,East,Consumer,Net Banking
ORD-2023-11042,2024-08-15,CUST-0191,TEC-PH-1001,Technology,1,637.5,0.25,37.5,South,Corporate,Debit Card
ORD-2023-12752,2024-08-15,CUST-0459,TEC-LP-1002,Technology,1,1200.0,0.0,300.0,West,Consumer,Credit Card
ORD-2023-15176,2024-08-15,CUST-0098,OFF-ST-3003,Office Supplies,1,25.0,0.0,11.0,East,Consumer,Net Banking
ORD-2024-10851,2024-08-15,CUST-0609,OFF-PA-3001,Office Supplies,2,34.2,0.05,16.2,East,Corporate,Credit Card
ORD-2024-12439,2024-08-15,CUST-0111,FUR-BK-2003,Furniture,3,660.0,0.0,135.0,West,Consumer,Credit Card
ORD-2024-14885,2024-08-15,CUST-0413,FUR-DS-2004,Furniture,2,320.0,0.5,-200.0,South,Small Business,Credit Card
ORD-2023-12676,2024-08-16,CUST-0455,TEC-PR-1005,Technology,1,237.5,0.05,47.5,East,Corporate,Net Banking
ORD-2024-13529,2024-08-16,CUST-0053,FUR-BK-2003,Furniture,1,176.0,0.2,1.0,West,Corporate,UPI
ORD-2024-13927,2024-08-16,CUST-0129,FUR-DS-2004,Furniture,1,288.0,0.1,28.0,West,Corporate,Credit Card
ORD-2023-13530,2024-08-17,CUST-0627,FUR-SF-2005,Furniture,3,1755.0,0.1,105.0,East,Consumer,Credit Card
ORD-2024-10895,2024-08-17,CUST-0002,TEC-PR-1005,Technology,3,637.5,0.15,67.5,North,Corporate,Credit Card
ORD-2024-12245,2024-08-17,CUST-0322,TEC-PR-1005,Technology,1,237.5,0.05,47.5,South,Consumer,Credit Card
ORD-2024-13435,2024-08-17,CUST-0538,FUR-CH-2001,Furniture,3,432.0,0.2,12.0,East,Corporate,UPI
ORD-2024-14971,2024-08-17,CUST-0427,FUR-CH-2001,Furniture,2,324.0,0.1,44.0,East,Consumer,Credit Card
ORD-2023-10662,2024-08-18,CUST-0208,FUR-BK-2003,Furniture,1,198.0,0.1,23.0,Central,Consumer,Debit Card
ORD-2023-12300,2024-08-18,CUST-0549,FUR-CH-2001,Furniture,2,324.0,0.1,44.0,South,Consumer,Credit Card
ORD-2024-10763,2024-08-18,CUST-0575,TEC-MN-1003,Technology,1,270.0,0.1,60.0,North,Consumer,UPI
ORD-2024-11193,2024-08-18,CUST-0539,FUR-TB-2002,Furniture,2,900.0,0.0,120.0,East,Consumer,Debit Card
ORD-2024-12061,2024-08-18,CUST-0614,FUR-TB-2002,Furniture,3,1080.0,0.2,-90.0,South,Consumer,Cash on Delivery
ORD-2024-15477,2024-08-18,CUST-0478,OFF-EN-3005,Office Supplies,2,15.2,0.05,9.2,South,Corporate,Credit Card
ORD-2023-12428,2024-08-19,CUST-0188,TEC-MN-1003,Technology,1,255.0,0.15,45.0,North,Consumer,Debit Card
ORD-2023-13750,2024-08-19,CUST-0407,TEC-LP-1002,Technology,2,2400.0,0.0,600.0,North,Corporate,Credit Card
ORD-2023-15348,2024-08-19,CUST-0384,TEC-LP-1002,Technology,4,4800.0,0.0,1200.0,West,Small Business,Debit Card
ORD-2024-10619,2024-08-19,CUST-0391,FUR-DS-2004,Furniture,1,160.0,0.5,-100.0,Central,Corporate,Debit Card
ORD-2024-11705,2024-08-19,CUST-0242,TEC-LP-1002,Technology,2,2160.0,0.1,360.0,East,Corporate,Credit Card
ORD-2024-13211,2024-08-19,CUST-0270,FUR-SF-2005,Furniture,1,585.0,0.1,35.0,West,Small Business,Net Banking
ORD-2024-14377,2024-08-19,CUST-0054,FUR-TB-2002,Furniture,1,405.0,0.1,15.0,South,Corporate,UPI
ORD-2023-11130,2024-08-20,CUST-0609,OFF-ST-3003,Office Supplies,2,40.0,0.2,12.0,East,Corporate,Credit Card
ORD-2023-12642,2024-08-20,CUST-0427,FUR-BK-2003,Furniture,1,176.0,0.2,1.0,East,Consumer,Credit Card
ORD-2024-14603,2024-08-20,CUST-0391,TEC-PR-1005,Technology,2,500.0,0.0,120.0,Central,Corporate,Credit Card
ORD-2024-15163,2024-08-20,CUST-0184,TEC-HD-1006,Technology,1,104.5,0.05,34.5,East,Corporate,Debit Card
ORD-2023-12742,2024-08-21,CUST-0104,OFF-AP-3004,Office Supplies,1,85.0,0.0,30.0,South,Consumer,Credit Card
ORD-2023-13086,2024-08-21,CUST-0274,FUR-DS-2004,Furniture,4,896.0,0.3,-144.0,West,Consumer,Credit Card
ORD-2024-11825,2024-08-21,CUST-0609,FUR-BK-2003,Furniture,1,198.0,0.1,23.0,East,Corporate,Debit Card
ORD-2023-12282,2024-08-22,CUST-0647,FUR-TB-2002,Furniture,3,1215.0,0.1,45.0,North,Consumer,Debit Card
ORD-2023-13380,2024-08-22,CUST-0128,FUR-TB-2002,Furniture,2,720.0,0.2,-60.0,East,Corporate,Debit Card
ORD-2023-13838,2024-08-22,CUST-0282,OFF-BI-3002,Office Supplies,1,12.0,0.0,7.0,North,Small Business,UPI
ORD-2023-12648,2024-08-23,CUST-0159,TEC-AC-1004,Technology,1,40.5,0.1,18.5,Central,Corporate,UPI
ORD-2024-11477,2024-08-23,CUST-0171,OFF-AP-3004,Office Supplies,5,340.0,0.2,65.0,South,Corporate,UPI
ORD-2024-12451,2024-08-23,CUST-0153,FUR-BK-2003,Furniture,1,176.0,0.2,1.0,South,Consumer,Net Banking
ORD-2024-12823,2024-08-23,CUST-0577,FUR-SF-2005,Furniture,2,1300.0,0.0,200.0,East,Corporate,Debit Card
ORD-2024-15259,2024-08-23,CUST-0146,FUR-SF-2005,Furniture,3,1170.0,0.4,-480.0,North,Corporate,Credit Card
ORD-2023-11828,2024-08-24,CUST-0428,FUR-BK-2003,Furniture,2,440.0,0.0,90.0,East,Corporate,Credit Card
ORD-2024-10139,2024-08-24,CUST-0137,OFF-EN-3005,Office Supplies,2,16.0,0.0,10.0,North,Small Business,Credit Card
ORD-2024-10671,2024-08-24,CUST-0495,FUR-TB-2002,Furniture,2,810.0,0.1,30.0,North,Corporate,Credit Card
ORD-2023-13558,2024-08-25,CUST-0526,FUR-SF-2005,Furniture,4,1560.0,0.4,-640.0,North,Consumer,Credit Card
ORD-2023-13952,2024-08-25,CUST-0642,OFF-PA-3001,Office Supplies,2,32.4,0.1,14.4,West,Consumer,Credit Card
ORD-2024-11903,2024-08-25,CUST-0523,TEC-PH-1001,Technology,3,2422.5,0.05,622.5,North,Corporate,Debit Card
ORD-2024-13441,2024-08-25,CUST-0011,FUR-BK-2003,Furniture,5,1100.0,0.0,225.0,North,Corporate,Cash on Delivery
ORD-2024-14787,2024-08-25,CUST-0064,TEC-HD-1006,Technology,1,110.0,0.0,40.0,North,Consumer,UPI
ORD-2024-11475,2024-08-26,CUST-0501,OFF-BI-3002,Office Supplies,5,48.0,0.2,23.0,South,Corporate,Credit Card
ORD-2023-10002,2024-08-27,CUST-0150,TEC-PH-1001,Technology,3,1912.5,0.25,112.5,South,Corporate,Cash on Delivery
ORD-2023-12710,2024-08-27,CUST-0341,TEC-HD-1006,Technology,2,220.0,0.0,80.0,South,Corporate,Cash on Delivery
ORD-2024-13251,2024-08-27,CUST-0063,FUR-CH-2001,Furniture,1,144.0,0.2,4.0,East,Corporate,Credit Card
ORD-2023-11424,2024-08-28,CUST-0464,FUR-BK-2003,Furniture,1,154.0,0.3,-21.0,North,Consumer,UPI
ORD-2023-12074,2024-08-28,CUST-0162,OFF-AP-3004,Office Supplies,1,76.5,0.1,21.5,East,Corporate,UPI
ORD-2023-14632,2024-08-28,CUST-0051,FUR-TB-2002,Furniture,1,450.0,0.0,60.0,North,Small Business,UPI
ORD-2024-10977,2024-08-28,CUST-0004,TEC-LP-1002,Technology,1,1080.0,0.1,180.0,North,Corporate,Credit Card
ORD-2024-15135,2024-08-28,CUST-0200,TEC-PR-1005,Technology,2,500.0,0.0,120.0,North,Consumer,Credit Card
ORD-2023-10394,2024-08-29,CUST-0609,OFF-AP-3004,Office Supplies,3,229.5,0.1,64.5,East,Corporate,UPI
ORD-2023-15030,2024-08-29,CUST-0597,TEC-AC-1004,Technology,1,33.75,0.25,11.75,East,Consumer,UPI
ORD-2024-10085,2024-08-29,CUST-0498,OFF-AP-3004,Office Supplies,2,170.0,0.0,60.0,North,Consumer,UPI
ORD-2024-13437,2024-08-29,CUST-0400,FUR-TB-2002,Furniture,2,630.0,0.3,-150.0,West,Small Business,Cash on Delivery
ORD-2024-14223,2024-08-29,CUST-0116,OFF-AP-3004,Office Supplies,1,85.0,0.0,30.0,East,Corporate,UPI
ORD-2024-14933,2024-08-29,CUST-0358,OFF-LA-3006,Office Supplies,4,60.0,0.0,32.0,North,Consumer,UPI
ORD-2023-11968,2024-08-30,CUST-0036,OFF-BI-3002,Office Supplies,2,21.6,0.1,11.6,South,Consumer,Credit Card
ORD-2023-12876,2024-08-30,CUST-0300,FUR-BK-2003,Furniture,4,440.0,0.5,-260.0,North,Small Business,Net Banking
ORD-2023-13732,2024-08-30,CUST-0104,TEC-PH-1001,Technology,1,850.0,0.0,250.0,Central,Consumer,UPI
ORD-2024-11257,2024-08-30,CUST-0428,OFF-LA-3006,Office Supplies,1,15.0,0.0,8.0,East,Corporate,Credit Card
ORD-2024-12873,2024-08-30,CUST-0350,TEC-MN-1003,Technology,4,1200.0,0.0,360.0,West,Consumer,Net Banking
ORD-2024-13035,2024-08-30,CUST-0069,FUR-CH-2001,Furniture,2,252.0,0.3,-28.0,North,Corporate,Cash on Delivery
ORD-2024-14117,2024-08-30,CUST-0055,OFF-AP-3004,Office Supplies,2,153.0,0.1,43.0,East,Corporate,Credit Card
ORD-2023-11134,2024-08-31,CUST-0028,OFF-AP-3004,Office Supplies,2,153.0,0.1,43.0,South,Corporate,Cash on Delivery
ORD-2023-12420,2024-08-31,CUST-0569,OFF-EN-3005,Office Supplies,2,14.4,0.1,8.4,North,Consumer,UPI
ORD-2023-15208,2024-08-31,CUST-0242,OFF-LA-3006,Office Supplies,8,114.0,0.05,58.0,East,Corporate,Credit Card
ORD-2023-15380,2024-08-31,CUST-0542,TEC-HD-1006,Technology,1,110.0,0.0,40.0,North,Small Business,Credit Card
ORD-2024-12961,2024-08-31,CUST-0595,FUR-TB-2002,Furniture,1,450.0,0.0,60.0,South,Consumer,Credit Card
ORD-2023-10530,2024-09-01,CUST-0061,OFF-BI-3002,Office Supplies,1,11.4,0.05,6.4,North,Consumer,Credit Card
ORD-2023-13492,2024-09-01,CUST-0314,FUR-SF-2005,Furniture,2,1040.0,0.2,-60.0,North,Corporate,Net Banking
ORD-2023-14120,2024-09-01,CUST-0075,FUR-CH-2001,Furniture,1,162.0,0.1,22.0,South,Consumer,Credit Card
ORD-2023-15270,2024-09-01,CUST-0257,FUR-CH-2001,Furniture,2,360.0,0.0,80.0,West,Consumer,Credit Card
ORD-2024-11349,2024-09-01,CUST-0167,OFF-AP-3004,Office Supplies,1,80.75,0.05,25.75,Central,Small Business,Debit Card
ORD-2024-14563,2024-09-01,CUST-0287,FUR-CH-2001,Furniture,2,360.0,0.0,80.0,North,Corporate,Net Banking
ORD-2024-15155,2024-09-01,CUST-0083,FUR-TB-2002,Furniture,1,405.0,0.1,15.0,East,Consumer,Credit Card
ORD-2023-12002,2024-09-02,CUST-0567,OFF-ST-3003,Office Supplies,1,20.0,0.2,6.0,East,Small Business,Debit Card
ORD-2024-14471,2024-09-02,CUST-0501,OFF-ST-3003,Office Supplies,4,100.0,0.0,44.0,South,Corporate,Credit Card
ORD-2024-15275,2024-09-02,CUST-0358,FUR-DS-2004,Furniture,1,320.0,0.0,60.0,North,Consumer,Cash on Delivery
ORD-2023-13956,2024-09-03,CUST-0020,FUR-CH-2001,Furniture,1,162.0,0.1,22.0,North,Consumer,Debit Card
ORD-2023-14814,2024-09-03,CUST-0621,TEC-MN-1003,Technology,1,300.0,0.0,90.0,West,Corporate,Credit Card
ORD-2024-10295,2024-09-03,CUST-0646,FUR-TB-2002,Furniture,1,405.0,0.1,15.0,North,Corporate,Debit Card
ORD-2024-14259,2024-09-03,CUST-0069,OFF-EN-3005,Office Supplies,4,25.6,0.2,13.6,North,Corporate,Debit Card
ORD-2024-14303,2024-09-03,CUST-0450,FUR-BK-2003,Furniture,2,352.0,0.2,2.0,Central,Consumer,UPI
ORD-2023-12608,2024-09-04,CUST-0197,FUR-DS-2004,Furniture,1,320.0,0.0,60.0,North,Consumer,Debit Card
ORD-2023-15054,2024-09-04,CUST-0274,TEC-AC-1004,Technology,3,121.5,0.1,55.5,West,Consumer,UPI
ORD-2023-15394,2024-09-04,CUST-0473,OFF-LA-3006,Office Supplies,3,42.75,0.05,21.75,North,Consumer,Debit Card
ORD-2024-12007,2024-09-04,CUST-0097,FUR-TB-2002,Furniture,2,540.0,0.4,-240.0,East,Consumer,Cash on Delivery
ORD-2024-12301,2024-09-04,CUST-0181,OFF-PA-3001,Office Supplies,5,85.5,0.05,40.5,West,Small Business,Credit Card
ORD-2023-11396,2024-09-05,CUST-0110,OFF-EN-3005,Office Supplies,1,7.6,0.05,4.6,South,Corporate,Cash on Delivery
ORD-2023-12290,2024-09-05,CUST-0072,TEC-PH-1001,Technology,1,807.5,0.05,207.5,West,Consumer,Credit Card
ORD-2024-11331,2024-09-05,CUST-0604,TEC-HD-1006,Technology,1,110.0,0.0,40.0,East,Consumer,Credit Card
ORD-2024-13669,2024-09-05,CUST-0037,FUR-SF-2005,Furniture,2,910.0,0.3,-190.0,North,Consumer,Cash on Delivery
ORD-2024-14829,2024-09-05,CUST-0497,OFF-BI-3002,Office Supplies,1,11.4,0.05,6.4,South,Consumer,UPI
ORD-2023-13538,2024-09-06,CUST-0104,OFF-EN-3005,Office Supplies,1,7.6,0.05,4.6,South,Consumer,Net Banking
ORD-2023-14622,2024-09-06,CUST-0549,FUR-TB-2002,Furniture,3,1215.0,0.1,45.0,West,Consumer,UPI
ORD-2023-15090,2024-09-06,CUST-0430,TEC-PR-1005,Technology,4,950.0,0.05,190.0,North,Consumer,Credit Card
ORD-2024-12403,2024-09-06,CUST-0560,FUR-DS-2004,Furniture,5,1280.0,0.2,-20.0,North,Consumer,UPI
ORD-2024-12751,2024-09-06,CUST-0482,OFF-BI-3002,Office Supplies,2,24.0,0.0,14.0,West,Consumer,Credit Card
ORD-2024-15101,2024-09-06,CUST-0482,TEC-AC-1004,Technology,1,42.75,0.05,20.75,West,Consumer,Debit Card
ORD-2023-11234,2024-09-07,CUST-0609,TEC-AC-1004,Technology,2,81.0,0.1,37.0,North,Corporate,UPI
ORD-2024-12081,2024-09-07,CUST-0169,OFF-EN-3005,Office Supplies,4,32.0,0.0,20.0,North,Corporate,Credit Card
ORD-2024-12175,2024-09-07,CUST-0211,OFF-PA-3001,Office Supplies,2,36.0,0.0,18.0,West,Corporate,Net Banking
ORD-2024-12319,2024-09-07,CUST-0161,FUR-CH-2001,Furniture,2,288.0,0.2,8.0,East,Corporate,UPI
ORD-2024-13181,2024-09-07,CUST-0157,FUR-SF-2005,Furniture,5,2925.0,0.1,175.0,Central,Consumer,Debit Card
ORD-2024-14243,2024-09-07,CUST-0521,TEC-PH-1001,Technology,1,765.0,0.1,165.0,North,Consumer,Debit Card
ORD-2023-11202,2024-09-08,CUST-0270,TEC-LP-1002,Technology,2,2160.0,0.1,360.0,South,Small Business,UPI
ORD-2023-12124,2024-09-08,CUST-0129,FUR-SF-2005,Furniture,2,1300.0,0.0,200.0,West,Corporate,UPI
ORD-2024-10615,2024-09-08,CUST-0282,FUR-SF-2005,Furniture,2,910.0,0.3,-190.0,Central,Small Business,Credit Card
ORD-2024-11513,2024-09-08,CUST-0642,OFF-BI-3002,Office Supplies,5,60.0,0.0,35.0,South,Consumer,Debit Card
ORD-2024-13591,2024-09-08,CUST-0038,OFF-EN-3005,Office Supplies,2,16.0,0.0,10.0,Central,Consumer,Net Banking
ORD-2024-15367,2024-09-08,CUST-0200,OFF-PA-3001,Office Supplies,1,14.4,0.2,5.4,North,Consumer,Credit Card
ORD-2023-13900,2024-09-09,CUST-0052,OFF-PA-3001,Office Supplies,2,34.2,0.05,16.2,Central,Consumer,UPI
ORD-2024-11531,2024-09-09,CUST-0159,TEC-AC-1004,Technology,1,40.5,0.1,18.5,Central,Corporate,Cash on Delivery
ORD-2024-12199,2024-09-09,CUST-0615,OFF-AP-3004,Office Supplies,1,80.75,0.05,25.75,East,Consumer,UPI
ORD-2024-12331,2024-09-09,CUST-0097,TEC-HD-1006,Technology,2,220.0,0.0,80.0,East,Consumer,Net Banking
ORD-2023-11884,2024-09-10,CUST-0444,OFF-EN-3005,Office Supplies,1,7.6,0.05,4.6,East,Consumer,Credit Card
ORD-2024-11977,2024-09-10,CUST-0111,OFF-ST-3003,Office Supplies,2,50.0,0.0,22.0,West,Consumer,Credit Card
ORD-2024-12791,2024-09-10,CUST-0033,OFF-ST-3003,Office Supplies,2,50.0,0.0,22.0,South,Corporate,Cash on Delivery
ORD-2024-12991,2024-09-10,CUST-0589,FUR-CH-2001,Furniture,3,432.0,0.2,12.0,South,Consumer,Credit Card
ORD-2024-13399,2024-09-10,CUST-0554,TEC-MN-1003,Technology,2,570.0,0.05,150.0,East,Consumer,Credit Card
ORD-2023-11900,2024-09-11,CUST-0196,OFF-ST-3003,Office Supplies,1,25.0,0.0,11.0,North,Consumer,UPI
ORD-2023-13340,2024-09-11,CUST-0257,TEC-HD-1006,Technology,1,110.0,0.0,40.0,West,Consumer,Credit Card
ORD-2023-13994,2024-09-11,CUST-0623,TEC-PR-1005,Technology,2,500.0,0.0,120.0,North,Consumer,Net Banking
ORD-2024-10827,2024-09-11,CUST-0182,OFF-EN-3005,Office Supplies,1,7.2,0.1,4.2,West,Corporate,UPI
ORD-2024-13601,2024-09-11,CUST-0035,TEC-LP-1002,Technology,1,1200.0,0.0,300.0,East,Consumer,Credit Card
ORD-2024-13651,2024-09-11,CUST-0440,OFF-EN-3005,Office Supplies,4,32.0,0.0,20.0,North,Corporate,Credit Card
ORD-2023-10326,2024-09-12,CUST-0453,FUR-CH-2001,Furniture,4,504.0,0.3,-56.0,South,Small Business,Cash on Delivery
ORD-2023-11770,2024-09-12,CUST-0571,TEC-AC-1004,Technology,1,40.5,0.1,18.5,North,Consumer,Debit Card
ORD-2023-14982,2024-09-12,CUST-0514,TEC-MN-1003,Technology,3,810.0,0.1,180.0,North,Corporate,UPI
ORD-2024-10157,2024-09-12,CUST-0272,FUR-TB-2002,Furniture,1,405.0,0.1,15.0,West,Small Business,Credit Card
ORD-2024-12609,2024-09-12,CUST-0488,TEC-MN-1003,Technology,3,855.0,0.05,225.0,North,Corporate,Debit Card
ORD-2023-10158,2024-09-13,CUST-0141,TEC-PR-1005,Technology,1,225.0,0.1,35.0,West,Corporate,Debit Card
ORD-2023-10198,2024-09-13,CUST-0600,OFF-PA-3001,Office Supplies,3,48.6,0.1,21.6,North,Consumer,UPI
ORD-2023-13640,2024-09-13,CUST-0538,TEC-PH-1001,Technology,1,807.5,0.05,207.5,East,Corporate,UPI
ORD-2024-13699,2024-09-13,CUST-0553,FUR-BK-2003,Furniture,2,352.0,0.2,2.0,South,Corporate,Credit Card
ORD-2024-14369,2024-09-13,CUST-0352,TEC-PR-1005,Technology,2,450.0,0.1,70.0,Central,Corporate,Credit Card
ORD-2024-15249,2024-09-13,CUST-0373,FUR-TB-2002,Furniture,1,360.0,0.2,-30.0,West,Consumer,Credit Card
ORD-2023-11010,2024-09-14,CUST-0213,FUR-BK-2003,Furniture,1,220.0,0.0,45.0,North,Corporate,Credit Card
ORD-2023-13292,2024-09-14,CUST-0198,FUR-TB-2002,Furniture,3,945.0,0.3,-225.0,North,Corporate,Credit Card
ORD-2023-10192,2024-09-15,CUST-0251,FUR-BK-2003,Furniture,1,154.0,0.3,-21.0,Central,Consumer,Credit Card
ORD-2023-14210,2024-09-15,CUST-0221,FUR-DS-2004,Furniture,2,640.0,0.0,120.0,Central,Consumer,Credit Card
ORD-2023-14650,2024-09-15,CUST-0388,OFF-PA-3001,Office Supplies,4,72.0,0.0,36.0,South,Consumer,Credit Card
ORD-2023-14728,2024-09-15,CUST-0533,FUR-DS-2004,Furniture,5,960.0,0.4,-340.0,North,Consumer,Credit Card
ORD-2024-13729,2024-09-15,CUST-0160,FUR-CH-2001,Furniture,2,180.0,0.5,-100.0,Central,Corporate,Cash on Delivery
ORD-2024-14219,2024-09-15,CUST-0426,FUR-TB-2002,Furniture,3,810.0,0.4,-360.0,North,Consumer,UPI
ORD-2024-15119,2024-09-15,CUST-0077,OFF-BI-3002,Office Supplies,3,36.0,0.0,21.0,East,Small Business,Credit Card
ORD-2023-10936,2024-09-16,CUST-0095,OFF-ST-3003,Office Supplies,4,100.0,0.0,44.0,North,Consumer,UPI
ORD-2023-13136,2024-09-16,CUST-0202,OFF-EN-3005,Office Supplies,1,8.0,0.0,5.0,North,Consumer,Net Banking
ORD-2023-13812,2024-09-16,CUST-0165,OFF-LA-3006,Office Supplies,2,28.5,0.05,14.5,North,Consumer,Credit Card
ORD-2023-14908,2024-09-16,CUST-0200,OFF-EN-3005,Office Supplies,1,5.6,0.3,2.6,East,Consumer,UPI
ORD-2024-12533,2024-09-16,CUST-0043,TEC-MN-1003,Technology,1,300.0,0.0,90.0,West,Corporate,Debit Card
ORD-2024-13701,2024-09-16,CUST-0217,FUR-CH-2001,Furniture,5,810.0,0.1,110.0,West,Corporate,Cash on Delivery
ORD-2024-13709,2024-09-16,CUST-0562,OFF-LA-3006,Office Supplies,5,71.25,0.05,36.25,North,Small Business,UPI
ORD-2023-10070,2024-09-17,CUST-0313,FUR-CH-2001,Furniture,1,144.0,0.2,4.0,Central,Consumer,UPI
ORD-2023-10850,2024-09-17,CUST-0551,TEC-HD-1006,Technology,1,110.0,0.0,40.0,South,Consumer,Debit Card
ORD-2023-11174,2024-09-17,CUST-0093,OFF-LA-3006,Office Supplies,1,14.25,0.05,7.25,North,Corporate,Credit Card
ORD-2023-11704,2024-09-17,CUST-0043,TEC-AC-1004,Technology,4,153.0,0.15,65.0,West,Corporate,Debit Card
ORD-2023-14850,2024-09-17,CUST-0429,OFF-ST-3003,Office Supplies,1,25.0,0.0,11.0,South,Consumer,Net Banking
ORD-2023-15466,2024-09-17,CUST-0188,FUR-BK-2003,Furniture,4,616.0,0.3,-84.0,North,Consumer,UPI
ORD-2024-10961,2024-09-17,CUST-0479,TEC-MN-1003,Technology,3,810.0,0.1,180.0,North,Consumer,UPI
ORD-2024-11229,2024-09-17,CUST-0319,OFF-AP-3004,Office Supplies,1,85.0,0.0,30.0,South,Consumer,UPI
ORD-2024-13707,2024-09-17,CUST-0141,OFF-EN-3005,Office Supplies,4,30.4,0.05,18.4,South,Corporate,Debit Card
ORD-2024-15411,2024-09-17,CUST-0101,TEC-PR-1005,Technology,4,1000.0,0.0,240.0,East,Consumer,Credit Card
ORD-2023-13124,2024-09-18,CUST-0104,OFF-EN-3005,Office Supplies,5,38.0,0.05,23.0,South,Consumer,Debit Card
ORD-2023-14350,2024-09-18,CUST-0404,TEC-PH-1001,Technology,1,807.5,0.05,207.5,South,Small Business,Credit Card
ORD-2024-10691,2024-09-18,CUST-0202,OFF-EN-3005,Office Supplies,1,8.0,0.0,5.0,North,Consumer,UPI
ORD-2024-10841,2024-09-18,CUST-0271,TEC-HD-1006,Technology,4,330.0,0.25,50.0,West,Small Business,Credit Card
ORD-2024-12687,2024-09-18,CUST-0493,OFF-EN-3005,Office Supplies,3,21.6,0.1,12.6,West,Corporate,Net Banking
ORD-2024-13043,2024-09-18,CUST-0382,FUR-TB-2002,Furniture,1,405.0,0.1,15.0,North,Corporate,Credit Card
ORD-2023-12130,2024-09-19,CUST-0545,TEC-PR-1005,Technology,2,475.0,0.05,95.0,West,Corporate,UPI
ORD-2023-12298,2024-09-19,CUST-0609,FUR-CH-2001,Furniture,4,648.0,0.1,88.0,East,Corporate,Net Banking
ORD-2023-15130,2024-09-19,CUST-0275,FUR-TB-2002,Furniture,1,450.0,0.0,60.0,South,Consumer,Credit Card
ORD-2024-11677,2024-09-19,CUST-0530,TEC-PR-1005,Technology,3,750.0,0.0,180.0,South,Consumer,Credit Card
ORD-2023-11784,2024-09-20,CUST-0611,OFF-LA-3006,Office Supplies,2,30.0,0.0,16.0,East,Small Business,Debit Card
ORD-2023-11794,2024-09-20,CUST-0401,TEC-PH-1001,Technology,2,1700.0,0.0,500.0,North,Corporate,Net Banking
ORD-2023-12064,2024-09-20,CUST-0153,FUR-BK-2003,Furniture,1,220.0,0.0,45.0,South,Consumer,UPI
ORD-2023-14644,2024-09-20,CUST-0223,OFF-AP-3004,Office Supplies,1,85.0,0.0,30.0,North,Consumer,Debit Card
ORD-2024-12011,2024-09-20,CUST-0358,FUR-CH-2001,Furniture,1,162.0,0.1,22.0,North,Consumer,UPI
ORD-2024-13101,2024-09-20,CUST-0323,FUR-SF-2005,Furniture,2,910.0,0.3,-190.0,South,Corporate,Net Banking
ORD-2024-13951,2024-09-20,CUST-0397,FUR-DS-2004,Furniture,4,1280.0,0.0,240.0,West,Consumer,Cash on Delivery
ORD-2023-10340,2024-09-21,CUST-0018,TEC-MN-1003,Technology,2,510.0,0.15,90.0,Central,Corporate,Debit Card
ORD-2023-12316,2024-09-21,CUST-0605,OFF-EN-3005,Office Supplies,1,8.0,0.0,5.0,North,Consumer,Debit Card
ORD-2023-15048,2024-09-21,CUST-0006,OFF-PA-3001,Office Supplies,2,25.2,0.3,7.2,South,Consumer,Credit Card
ORD-2023-15496,2024-09-21,CUST-0151,OFF-LA-3006,Office Supplies,1,15.0,0.0,8.0,East,Corporate,Credit Card
ORD-2024-14801,2024-09-21,CUST-0139,FUR-CH-2001,Furniture,1,126.0,0.3,-14.0,South,Corporate,Credit Card
ORD-2024-15001,2024-09-21,CUST-0559,OFF-ST-3003,Office Supplies,5,125.0,0.0,55.0,South,Corporate,UPI
ORD-2023-11276,2024-09-22,CUST-0269,FUR-SF-2005,Furniture,1,520.0,0.2,-30.0,West,Consumer,Credit Card
ORD-2023-12318,2024-09-22,CUST-0147,TEC-MN-1003,Technology,4,1080.0,0.1,240.0,North,Corporate,UPI
ORD-2024-11265,2024-09-22,CUST-0100,TEC-LP-1002,Technology,3,2700.0,0.25,0.0,East,Consumer,Credit Card
ORD-2024-11829,2024-09-22,CUST-0161,FUR-TB-2002,Furniture,1,270.0,0.4,-120.0,East,Corporate,Credit Card
ORD-2024-13419,2024-09-22,CUST-0527,FUR-TB-2002,Furniture,1,450.0,0.0,60.0,East,Corporate,Net Banking
ORD-2024-15157,2024-09-22,CUST-0600,FUR-CH-2001,Furniture,2,288.0,0.2,8.0,North,Consumer,Net Banking
ORD-2023-10830,2024-09-23,CUST-0338,OFF-BI-3002,Office Supplies,3,25.2,0.3,10.2,West,Small Business,Credit Card
ORD-2023-10882,2024-09-23,CUST-0145,TEC-MN-1003,Technology,1,300.0,0.0,90.0,North,Corporate,UPI
ORD-2023-12920,2024-09-23,CUST-0512,OFF-AP-3004,Office Supplies,2,161.5,0.05,51.5,South,Consumer,Credit Card
ORD-2023-14810,2024-09-23,CUST-0019,TEC-PH-1001,Technology,2,1615.0,0.05,415.0,Central,Corporate,Cash on Delivery
ORD-2023-14872,2024-09-23,CUST-0413,FUR-BK-2003,Furniture,2,264.0,0.4,-86.0,South,Small Business,Net Banking
ORD-2023-11110,2024-09-24,CUST-0069,OFF-AP-3004,Office Supplies,1,68.0,0.2,13.0,South,Corporate,Credit Card
ORD-2023-11584,2024-09-24,CUST-0068,TEC-PH-1001,Technology,1,807.5,0.05,207.5,North,Consumer,UPI
ORD-2023-13186,2024-09-24,CUST-0512,FUR-SF-2005,Furniture,4,1560.0,0.4,-640.0,South,Consumer,Credit Card
ORD-2023-14924,2024-09-24,CUST-0532,OFF-LA-3006,Office Supplies,2,30.0,0.0,16.0,West,Consumer,Credit Card
ORD-2023-15332,2024-09-24,CUST-0112,TEC-HD-1006,Technology,2,220.0,0.0,80.0,North,Consumer,Credit Card
ORD-2023-12844,2024-09-25,CUST-0013,FUR-CH-2001,Furniture,1,162.0,0.1,22.0,North,Consumer,UPI
ORD-2023-11250,2024-09-26,CUST-0332,TEC-MN-1003,Technology,1,225.0,0.25,15.0,South,Corporate,Credit Card
ORD-2023-13210,2024-09-26,CUST-0572,OFF-AP-3004,Office Supplies,4,323.0,0.05,103.0,North,Consumer,UPI
ORD-2024-10151,2024-09-26,CUST-0561,OFF-AP-3004,Office Supplies,1,85.0,0.0,30.0,Central,Consumer,Debit Card
ORD-2024-11547,2024-09-26,CUST-0265,FUR-SF-2005,Furniture,1,455.0,0.3,-95.0,East,Corporate,Debit Card
ORD-2024-14847,2024-09-26,CUST-0592,OFF-LA-3006,Office Supplies,8,120.0,0.0,64.0,West,Small Business,Credit Card
ORD-2023-15034,2024-09-27,CUST-0023,TEC-PR-1005,Technology,1,237.5,0.05,47.5,West,Consumer,Credit Card
ORD-2024-11627,2024-09-27,CUST-0189,OFF-ST-3003,Office Supplies,2,47.5,0.05,19.5,East,Consumer,Cash on Delivery
ORD-2024-13023,2024-09-27,CUST-0621,TEC-LP-1002,Technology,2,2040.0,0.15,240.0,East,Corporate,Debit Card
ORD-2023-13334,2024-09-28,CUST-0379,OFF-LA-3006,Office Supplies,3,31.5,0.3,10.5,West,Corporate,Credit Card
ORD-2023-14034,2024-09-28,CUST-0180,OFF-AP-3004,Office Supplies,1,80.75,0.05,25.75,South,Consumer,Debit Card
ORD-2024-12109,2024-09-28,CUST-0386,FUR-DS-2004,Furniture,2,448.0,0.3,-72.0,North,Consumer,Debit Card
ORD-2024-14659,2024-09-28,CUST-0033,TEC-MN-1003,Technology,1,255.0,0.15,45.0,South,Corporate,Credit Card
ORD-2023-10878,2024-09-29,CUST-0401,FUR-SF-2005,Furniture,1,455.0,0.3,-95.0,North,Corporate,UPI
ORD-2023-13110,2024-09-29,CUST-0178,OFF-BI-3002,Office Supplies,2,21.6,0.1,11.6,Central,Small Business,UPI
ORD-2023-14140,2024-09-29,CUST-0342,OFF-PA-3001,Office Supplies,3,37.8,0.3,10.8,Central,Small Business,UPI
ORD-2024-13083,2024-09-29,CUST-0181,OFF-BI-3002,Office Supplies,3,36.0,0.0,21.0,North,Small Business,Debit Card
ORD-2023-10550,2024-09-30,CUST-0395,FUR-DS-2004,Furniture,2,576.0,0.1,56.0,East,Corporate,UPI
ORD-2023-11150,2024-09-30,CUST-0647,TEC-HD-1006,Technology,2,220.0,0.0,80.0,North,Consumer,Net Banking
ORD-2024-13425,2024-09-30,CUST-0020,TEC-PH-1001,Technology,1,807.5,0.05,207.5,North,Consumer,UPI
ORD-2024-13483,2024-09-30,CUST-0405,FUR-SF-2005,Furniture,2,1300.0,0.0,200.0,West,Consumer,Debit Card
ORD-2024-13617,2024-09-30,CUST-0150,TEC-AC-1004,Technology,2,90.0,0.0,46.0,South,Corporate,Debit Card
ORD-2023-14164,2024-10-01,CUST-0116,TEC-AC-1004,Technology,1,45.0,0.0,23.0,East,Corporate,Debit Card
ORD-2024-12505,2024-10-01,CUST-0457,TEC-MN-1003,Technology,3,855.0,0.05,225.0,North,Consumer,UPI
ORD-2024-12553,2024-10-01,CUST-0623,OFF-AP-3004,Office Supplies,3,242.25,0.05,77.25,North,Consumer,Credit Card
ORD-2024-13721,2024-10-01,CUST-0138,OFF-EN-3005,Office Supplies,1,7.6,0.05,4.6,South,Small Business,Credit Card
ORD-2024-14905,2024-10-01,CUST-0217,OFF-PA-3001,Office Supplies,4,68.4,0.05,32.4,East,Corporate,Credit Card
ORD-2023-10388,2024-10-02,CUST-0439,FUR-DS-2004,Furniture,1,224.0,0.3,-36.0,East,Consumer,Credit Card
ORD-2023-13656,2024-10-02,CUST-0112,OFF-AP-3004,Office Supplies,2,170.0,0.0,60.0,North,Consumer,UPI
ORD-2023-14582,2024-10-02,CUST-0119,TEC-LP-1002,Technology,1,1200.0,0.0,300.0,East,Consumer,Debit Card
ORD-2024-10817,2024-10-02,CUST-0023,FUR-TB-2002,Furniture,1,450.0,0.0,60.0,East,Consumer,Credit Card
ORD-2024-10901,2024-10-02,CUST-0271,FUR-CH-2001,Furniture,1,126.0,0.3,-14.0,West,Small Business,Debit Card
ORD-2024-11067,2024-10-02,CUST-0255,OFF-PA-3001,Office Supplies,2,36.0,0.0,18.0,West,Consumer,Credit Card
ORD-2023-10964,2024-10-03,CUST-0141,TEC-PR-1005,Technology,1,187.5,0.25,-2.5,West,Corporate,Cash on Delivery
ORD-2023-10984,2024-10-03,CUST-0598,FUR-SF-2005,Furniture,4,2600.0,0.0,400.0,East,Corporate,Debit Card
ORD-2023-12286,2024-10-03,CUST-0342,OFF-ST-3003,Office Supplies,4,95.0,0.05,39.0,East,Small Business,UPI
ORD-2023-13760,2024-10-03,CUST-0561,OFF-BI-3002,Office Supplies,3,36.0,0.0,21.0,Central,Consumer,Credit Card
ORD-2024-10569,2024-10-03,CUST-0255,TEC-AC-1004,Technology,1,45.0,0.0,23.0,West,Consumer,Credit Card
ORD-2023-10962,2024-10-04,CUST-0313,FUR-TB-2002,Furniture,1,360.0,0.2,-30.0,Central,Consumer,Credit Card
ORD-2023-12472,2024-10-04,CUST-0191,TEC-HD-1006,Technology,1,110.0,0.0,40.0,West,Corporate,Debit Card
ORD-2023-15412,2024-10-04,CUST-0234,FUR-DS-2004,Furniture,1,288.0,0.1,28.0,East,Consumer,Credit Card
ORD-2024-10431,2024-10-04,CUST-0607,TEC-MN-1003,Technology,1,300.0,0.0,90.0,South,Corporate,Debit Card
ORD-2023-11024,2024-10-05,CUST-0105,TEC-PH-1001,Technology,4,3230.0,0.05,830.0,Central,Consumer,Debit Card
ORD-2023-11056,2024-10-05,CUST-0566,TEC-MN-1003,Technology,2,570.0,0.05,150.0,North,Consumer,Debit Card
ORD-2023-12210,2024-10-05,CUST-0127,TEC-LP-1002,Technology,1,1200.0,0.0,300.0,South,Corporate,Credit Card
ORD-2023-13596,2024-10-05,CUST-0637,TEC-PH-1001,Technology,2,1700.0,0.0,500.0,North,Consumer,UPI
ORD-2024-15351,2024-10-05,CUST-0104,TEC-PR-1005,Technology,2,500.0,0.0,120.0,South,Consumer,Debit Card
ORD-2023-13092,2024-10-06,CUST-0329,FUR-BK-2003,Furniture,4,792.0,0.1,92.0,East,Corporate,Debit Card
ORD-2023-13626,2024-10-06,CUST-0196,OFF-BI-3002,Office Supplies,1,10.8,0.1,5.8,North,Consumer,Credit Card
ORD-2024-11697,2024-10-06,CUST-0026,OFF-PA-3001,Office Supplies,2,34.2,0.05,16.2,North,Corporate,UPI
ORD-2024-12575,2024-10-06,CUST-0302,OFF-ST-3003,Office Supplies,1,25.0,0.0,11.0,South,Corporate,Debit Card
ORD-2024-13533,2024-10-06,CUST-0063,OFF-BI-3002,Office Supplies,2,22.8,0.05,12.8,East,Corporate,UPI
ORD-2024-15035,2024-10-06,CUST-0440,OFF-LA-3006,Office Supplies,1,15.0,0.0,8.0,North,Corporate,Debit Card
ORD-2024-15489,2024-10-06,CUST-0159,FUR-SF-2005,Furniture,4,1560.0,0.4,-640.0,Central,Corporate,Credit Card
ORD-2023-11786,2024-10-07,CUST-0350,FUR-TB-2002,Furniture,4,1260.0,0.3,-300.0,West,Consumer,Credit Card
ORD-2023-13532,2024-10-07,CUST-0033,OFF-LA-3006,Office Supplies,1,15.0,0.0,8.0,South,Corporate,Credit Card
ORD-2023-13542,2024-10-07,CUST-0312,TEC-PH-1001,Technology,1,807.5,0.05,207.5,West,Corporate,Credit Card
ORD-2024-10491,2024-10-07,CUST-0015,OFF-EN-3005,Office Supplies,3,22.8,0.05,13.8,East,Consumer,UPI
ORD-2024-11809,2024-10-07,CUST-0126,OFF-EN-3005,Office Supplies,1,8.0,0.0,5.0,West,Consumer,Debit Card
ORD-2024-12351,2024-10-07,CUST-0293,OFF-AP-3004,Office Supplies,4,323.0,0.05,103.0,East,Corporate,UPI
ORD-2024-12493,2024-10-07,CUST-0137,OFF-BI-3002,Office Supplies,1,10.8,0.1,5.8,East,Small Business,Debit Card
ORD-2024-12761,2024-10-07,CUST-0113,FUR-TB-2002,Furniture,2,810.0,0.1,30.0,West,Small Business,Net Banking
ORD-2023-10742,2024-10-08,CUST-0389,FUR-DS-2004,Furniture,2,384.0,0.4,-136.0,West,Consumer,Cash on Delivery
ORD-2023-12168,2024-10-08,CUST-0094,TEC-LP-1002,Technology,1,1140.0,0.05,240.0,West,Corporate,Debit Card
ORD-2023-12514,2024-10-08,CUST-0600,FUR-DS-2004,Furniture,1,256.0,0.2,-4.0,North,Consumer,Credit Card
ORD-2023-13028,2024-10-08,CUST-0591,FUR-CH-2001,Furniture,1,162.0,0.1,22.0,West,Consumer,UPI
ORD-2024-11397,2024-10-08,CUST-0353,FUR-SF-2005,Furniture,2,910.0,0.3,-190.0,South,Corporate,Debit Card
ORD-2024-12363,2024-10-08,CUST-0643,OFF-LA-3006,Office Supplies,1,13.5,0.1,6.5,East,Corporate,UPI
ORD-2024-13537,2024-10-08,CUST-0401,TEC-AC-1004,Technology,4,171.0,0.05,83.0,North,Corporate,UPI
ORD-2024-14265,2024-10-08,CUST-0632,TEC-LP-1002,Technology,3,3600.0,0.0,900.0,East,Consumer,Credit Card
ORD-2024-14609,2024-10-08,CUST-0180,FUR-TB-2002,Furniture,8,2880.0,0.2,-240.0,South,Consumer,Net Banking
ORD-2024-15221,2024-10-08,CUST-0197,FUR-BK-2003,Furniture,1,198.0,0.1,23.0,West,Consumer,UPI
ORD-2023-10972,2024-10-09,CUST-0235,TEC-LP-1002,Technology,1,1200.0,0.0,300.0,North,Consumer,UPI
ORD-2023-14596,2024-10-09,CUST-0112,TEC-PR-1005,Technology,1,250.0,0.0,60.0,North,Consumer,UPI
ORD-2024-13733,2024-10-09,CUST-0526,TEC-AC-1004,Technology,5,213.75,0.05,103.75,Central,Consumer,UPI
ORD-2024-14965,2024-10-09,CUST-0241,OFF-ST-3003,Office Supplies,3,67.5,0.1,25.5,East,Small Business,UPI
ORD-2024-15027,2024-10-09,CUST-0452,FUR-BK-2003,Furniture,2,396.0,0.1,46.0,East,Corporate,Debit Card
ORD-2023-10396,2024-10-10,CUST-0124,OFF-BI-3002,Office Supplies,2,21.6,0.1,11.6,North,Consumer,UPI
ORD-2023-11834,2024-10-10,CUST-0411,OFF-EN-3005,Office Supplies,1,7.6,0.05,4.6,North,Small Business,Debit Card
ORD-2023-13868,2024-10-10,CUST-0063,FUR-BK-2003,Furniture,2,308.0,0.3,-42.0,West,Corporate,Credit Card
ORD-2023-15158,2024-10-10,CUST-0437,OFF-PA-3001,Office Supplies,1,18.0,0.0,9.0,West,Consumer,Cash on Delivery
ORD-2024-10567,2024-10-10,CUST-0350,TEC-LP-1002,Technology,2,1800.0,0.25,0.0,West,Consumer,UPI
ORD-2024-10627,2024-10-10,CUST-0565,FUR-CH-2001,Furniture,4,648.0,0.1,88.0,North,Consumer,Debit Card
ORD-2024-11427,2024-10-10,CUST-0270,OFF-LA-3006,Office Supplies,3,45.0,0.0,24.0,South,Small Business,Debit Card
ORD-2023-10840,2024-10-11,CUST-0361,OFF-LA-3006,Office Supplies,1,12.0,0.2,5.0,North,Corporate,Net Banking
ORD-2023-14452,2024-10-11,CUST-0206,OFF-BI-3002,Office Supplies,1,11.4,0.05,6.4,North,Small Business,Credit Card
ORD-2024-10795,2024-10-11,CUST-0215,FUR-SF-2005,Furniture,2,1040.0,0.2,-60.0,South,Consumer,Debit Card
ORD-2024-11571,2024-10-11,CUST-0088,TEC-MN-1003,Technology,2,600.0,0.0,180.0,North,Small Business,Credit Card
ORD-2024-14551,2024-10-11,CUST-0124,FUR-DS-2004,Furniture,1,160.0,0.5,-100.0,North,Consumer,UPI
ORD-2023-10126,2024-10-12,CUST-0417,FUR-SF-2005,Furniture,5,2275.0,0.3,-475.0,East,Small Business,Credit Card
ORD-2023-10416,2024-10-12,CUST-0163,OFF-EN-3005,Office Supplies,2,12.8,0.2,6.8,South,Consumer,Net Banking
ORD-2023-12260,2024-10-12,CUST-0356,FUR-SF-2005,Furniture,1,585.0,0.1,35.0,West,Corporate,Credit Card
ORD-2023-13212,2024-10-12,CUST-0396,OFF-LA-3006,Office Supplies,3,42.75,0.05,21.75,East,Small Business,UPI
ORD-2024-12355,2024-10-12,CUST-0145,OFF-BI-3002,Office Supplies,1,12.0,0.0,7.0,North,Corporate,Credit Card
ORD-2024-12969,2024-10-12,CUST-0159,OFF-EN-3005,Office Supplies,1,7.6,0.05,4.6,Central,Corporate,UPI
ORD-2024-13039,2024-10-12,CUST-0422,FUR-TB-2002,Furniture,1,450.0,0.0,60.0,North,Consumer,Credit Card
ORD-2024-14675,2024-10-12,CUST-0090,FUR-TB-2002,Furniture,5,1800.0,0.2,-150.0,South,Corporate,UPI
ORD-2024-15037,2024-10-12,CUST-0440,OFF-AP-3004,Office Supplies,3,255.0,0.0,90.0,North,Corporate,Credit Card
ORD-2023-14984,2024-10-13,CUST-0055,FUR-TB-2002,Furniture,4,1620.0,0.1,60.0,East,Corporate,Credit Card
ORD-2023-12918,2024-10-14,CUST-0385,FUR-TB-2002,Furniture,2,900.0,0.0,120.0,East,Corporate,Cash on Delivery
ORD-2024-12555,2024-10-14,CUST-0235,FUR-DS-2004,Furniture,4,1280.0,0.0,240.0,North,Consumer,Cash on Delivery
ORD-2024-14133,2024-10-14,CUST-0011,TEC-MN-1003,Technology,1,300.0,0.0,90.0,North,Corporate,Credit Card
ORD-2024-14439,2024-10-14,CUST-0317,TEC-PH-1001,Technology,2,1700.0,0.0,500.0,West,Small Business,Credit Card
ORD-2024-14887,2024-10-14,CUST-0498,OFF-LA-3006,Office Supplies,1,14.25,0.05,7.25,North,Consumer,Credit Card
ORD-2023-10152,2024-10-15,CUST-0011,FUR-DS-2004,Furniture,1,256.0,0.2,-4.0,West,Corporate,UPI
ORD-2023-12422,2024-10-15,CUST-0325,TEC-AC-1004,Technology,1,45.0,0.0,23.0,North,Corporate,Credit Card
ORD-2023-12800,2024-10-15,CUST-0559,OFF-AP-3004,Office Supplies,5,403.75,0.05,128.75,South,Corporate,Debit Card
ORD-2023-15042,2024-10-15,CUST-0498,FUR-DS-2004,Furniture,1,256.0,0.2,-4.0,North,Consumer,Credit Card
ORD-2023-15060,2024-10-15,CUST-0196,OFF-EN-3005,Office Supplies,1,7.6,0.05,4.6,North,Consumer,UPI
ORD-2023-15260,2024-10-15,CUST-0100,TEC-MN-1003,Technology,1,285.0,0.05,75.0,East,Consumer,UPI
ORD-2024-11281,2024-10-15,CUST-0040,FUR-CH-2001,Furniture,1,144.0,0.2,4.0,West,Consumer,Cash on Delivery
ORD-2024-13997,2024-10-15,CUST-0059,TEC-PR-1005,Technology,2,425.0,0.15,45.0,North,Corporate,Credit Card
ORD-2024-14375,2024-10-15,CUST-0609,OFF-EN-3005,Office Supplies,2,16.0,0.0,10.0,East,Corporate,Cash on Delivery
ORD-2023-10876,2024-10-16,CUST-0141,FUR-SF-2005,Furniture,1,585.0,0.1,35.0,West,Corporate,Credit Card
ORD-2023-14000,2024-10-16,CUST-0532,OFF-EN-3005,Office Supplies,2,15.2,0.05,9.2,South,Consumer,Net Banking
ORD-2023-14340,2024-10-16,CUST-0293,FUR-TB-2002,Furniture,1,405.0,0.1,15.0,East,Corporate,UPI
ORD-2023-15320,2024-10-16,CUST-0209,TEC-HD-1006,Technology,2,209.0,0.05,69.0,South,Corporate,Debit Card
ORD-2024-10933,2024-10-16,CUST-0635,FUR-SF-2005,Furniture,1,650.0,0.0,100.0,North,Corporate,Debit Card
ORD-2024-11301,2024-10-16,CUST-0100,TEC-HD-1006,Technology,1,82.5,0.25,12.5,East,Consumer,Net Banking
ORD-2024-13819,2024-10-16,CUST-0391,TEC-AC-1004,Technology,1,45.0,0.0,23.0,Central,Corporate,UPI
ORD-2023-12668,2024-10-17,CUST-0129,TEC-HD-1006,Technology,2,220.0,0.0,80.0,West,Corporate,Credit Card
ORD-2023-14682,2024-10-17,CUST-0160,OFF-LA-3006,Office Supplies,2,24.0,0.2,10.0,Central,Corporate,Credit Card
ORD-2023-15448,2024-10-17,CUST-0602,OFF-EN-3005,Office Supplies,2,16.0,0.0,10.0,South,Consumer,Debit Card
ORD-2024-11263,2024-10-17,CUST-0317,OFF-EN-3005,Office Supplies,2,16.0,0.0,10.0,East,Small Business,Credit Card
ORD-2023-10832,2024-10-18,CUST-0497,OFF-AP-3004,Office Supplies,1,80.75,0.05,25.75,South,Consumer,Cash on Delivery
ORD-2023-12102,2024-10-18,CUST-0023,FUR-DS-2004,Furniture,2,576.0,0.1,56.0,West,Consumer,Net Banking
ORD-2023-13528,2024-10-18,CUST-0104,OFF-LA-3006,Office Supplies,2,30.0,0.0,16.0,South,Consumer,Credit Card
ORD-2024-11323,2024-10-18,CUST-0090,FUR-DS-2004,Furniture,8,2048.0,0.2,-32.0,South,Corporate,Credit Card
ORD-2023-11744,2024-10-19,CUST-0023,OFF-PA-3001,Office Supplies,2,36.0,0.0,18.0,West,Consumer,Debit Card
ORD-2023-11840,2024-10-19,CUST-0533,FUR-BK-2003,Furniture,2,352.0,0.2,2.0,North,Consumer,Credit Card
ORD-2023-12454,2024-10-19,CUST-0549,FUR-BK-2003,Furniture,1,198.0,0.1,23.0,West,Consumer,Credit Card
ORD-2023-13840,2024-10-19,CUST-0606,OFF-AP-3004,Office Supplies,4,340.0,0.0,120.0,South,Small Business,Debit Card
ORD-2023-15214,2024-10-19,CUST-0023,OFF-PA-3001,Office Supplies,2,36.0,0.0,18.0,West,Consumer,UPI
ORD-2024-10277,2024-10-19,CUST-0376,TEC-MN-1003,Technology,2,600.0,0.0,180.0,North,Corporate,Credit Card
ORD-2024-14275,2024-10-19,CUST-0126,FUR-TB-2002,Furniture,2,720.0,0.2,-60.0,West,Consumer,Net Banking
ORD-2024-14415,2024-10-19,CUST-0135,FUR-DS-2004,Furniture,1,288.0,0.1,28.0,Central,Corporate,Credit Card
ORD-2024-14759,2024-10-19,CUST-0513,TEC-HD-1006,Technology,1,93.5,0.15,23.5,East,Consumer,Credit Card
ORD-2023-13782,2024-10-20,CUST-0312,TEC-HD-1006,Technology,1,110.0,0.0,40.0,North,Corporate,Credit Card
ORD-2023-14380,2024-10-20,CUST-0220,FUR-BK-2003,Furniture,1,176.0,0.2,1.0,East,Consumer,Credit Card
ORD-2024-14261,2024-10-20,CUST-0263,OFF-ST-3003,Office Supplies,5,125.0,0.0,55.0,South,Corporate,Credit Card
ORD-2024-14967,2024-10-20,CUST-0623,FUR-TB-2002,Furniture,1,405.0,0.1,15.0,North,Consumer,Net Banking
ORD-2023-11136,2024-10-21,CUST-0070,OFF-BI-3002,Office Supplies,1,12.0,0.0,7.0,North,Corporate,Cash on Delivery
ORD-2023-11388,2024-10-21,CUST-0622,OFF-BI-3002,Office Supplies,1,9.6,0.2,4.6,Central,Corporate,Debit Card
ORD-2023-14914,2024-10-21,CUST-0553,TEC-HD-1006,Technology,2,198.0,0.1,58.0,South,Corporate,Credit Card
ORD-2024-11359,2024-10-21,CUST-0535,TEC-MN-1003,Technology,1,300.0,0.0,90.0,South,Consumer,Net Banking
ORD-2024-14629,2024-10-21,CUST-0097,FUR-TB-2002,Furniture,3,1080.0,0.2,-90.0,East,Consumer,Net Banking
ORD-2024-15173,2024-10-21,CUST-0547,TEC-LP-1002,Technology,2,2400.0,0.0,600.0,Central,Small Business,Cash on Delivery
ORD-2024-15399,2024-10-21,CUST-0350,OFF-EN-3005,Office Supplies,1,8.0,0.0,5.0,West,Consumer,UPI
ORD-2023-11682,2024-10-22,CUST-0421,OFF-PA-3001,Office Supplies,1,14.4,0.2,5.4,West,Consumer,Debit Card
ORD-2023-12322,2024-10-22,CUST-0020,OFF-PA-3001,Office Supplies,1,18.0,0.0,9.0,North,Consumer,Debit Card
ORD-2024-11413,2024-10-22,CUST-0112,TEC-MN-1003,Technology,3,900.0,0.0,270.0,North,Consumer,Credit Card
ORD-2024-12809,2024-10-22,CUST-0471,FUR-CH-2001,Furniture,10,1440.0,0.2,40.0,North,Consumer,Credit Card
ORD-2023-12828,2024-10-23,CUST-0366,FUR-CH-2001,Furniture,1,144.0,0.2,4.0,South,Consumer,Debit Card
ORD-2023-14234,2024-10-23,CUST-0535,FUR-TB-2002,Furniture,2,810.0,0.1,30.0,South,Consumer,Debit Card
ORD-2024-11231,2024-10-23,CUST-0005,OFF-ST-3003,Office Supplies,2,45.0,0.1,17.0,South,Small Business,Credit Card
ORD-2024-12035,2024-10-23,CUST-0232,FUR-TB-2002,Furniture,5,1800.0,0.2,-150.0,North,Consumer,UPI
ORD-2024-14517,2024-10-23,CUST-0460,FUR-BK-2003,Furniture,1,132.0,0.4,-43.0,South,Corporate,Cash on Delivery
ORD-2023-10676,2024-10-24,CUST-0028,OFF-AP-3004,Office Supplies,4,340.0,0.0,120.0,South,Corporate,Debit Card
ORD-2023-12000,2024-10-24,CUST-0166,TEC-PH-1001,Technology,3,2167.5,0.15,367.5,East,Consumer,Credit Card
ORD-2024-10489,2024-10-24,CUST-0416,TEC-MN-1003,Technology,3,855.0,0.05,225.0,North,Corporate,Credit Card
ORD-2024-14533,2024-10-24,CUST-0390,OFF-EN-3005,Office Supplies,2,16.0,0.0,10.0,West,Corporate,Credit Card
ORD-2024-15429,2024-10-24,CUST-0454,TEC-LP-1002,Technology,1,1080.0,0.1,180.0,Central,Corporate,Credit Card
ORD-2023-10318,2024-10-25,CUST-0566,FUR-DS-2004,Furniture,3,960.0,0.0,180.0,North,Consumer,Debit Card
ORD-2023-10988,2024-10-25,CUST-0535,TEC-PR-1005,Technology,2,475.0,0.05,95.0,South,Consumer,Credit Card
ORD-2023-11496,2024-10-25,CUST-0127,FUR-CH-2001,Furniture,2,288.0,0.2,8.0,Central,Corporate,Credit Card
ORD-2023-12440,2024-10-25,CUST-0104,FUR-CH-2001,Furniture,1,180.0,0.0,40.0,South,Consumer,Credit Card
ORD-2023-13496,2024-10-25,CUST-0278,OFF-LA-3006,Office Supplies,5,71.25,0.05,36.25,North,Consumer,Credit Card
ORD-2023-15222,2024-10-25,CUST-0369,FUR-TB-2002,Furniture,1,315.0,0.3,-75.0,North,Small Business,Credit Card
ORD-2024-10135,2024-10-25,CUST-0277,FUR-BK-2003,Furniture,2,264.0,0.4,-86.0,South,Corporate,UPI
ORD-2024-11339,2024-10-25,CUST-0220,FUR-SF-2005,Furniture,2,780.0,0.4,-320.0,East,Consumer,Net Banking
ORD-2024-12227,2024-10-25,CUST-0238,FUR-DS-2004,Furniture,1,256.0,0.2,-4.0,South,Corporate,UPI
ORD-2024-14979,2024-10-25,CUST-0215,FUR-DS-2004,Furniture,2,576.0,0.1,56.0,South,Consumer,Cash on Delivery
ORD-2023-10504,2024-10-26,CUST-0541,OFF-PA-3001,Office Supplies,2,36.0,0.0,18.0,North,Consumer,Credit Card
ORD-2023-10750,2024-10-26,CUST-0385,TEC-MN-1003,Technology,1,300.0,0.0,90.0,East,Corporate,UPI
ORD-2023-13736,2024-10-26,CUST-0293,TEC-LP-1002,Technology,1,1200.0,0.0,300.0,East,Corporate,Credit Card
ORD-2023-14134,2024-10-26,CUST-0230,TEC-PH-1001,Technology,1,850.0,0.0,250.0,West,Consumer,Debit Card
ORD-2024-10669,2024-10-26,CUST-0497,FUR-BK-2003,Furniture,1,132.0,0.4,-43.0,South,Consumer,Net Banking
ORD-2024-13547,2024-10-26,CUST-0600,OFF-BI-3002,Office Supplies,5,54.0,0.1,29.0,North,Consumer,Net Banking
ORD-2024-13573,2024-10-26,CUST-0400,TEC-PH-1001,Technology,3,2295.0,0.1,495.0,West,Small Business,Credit Card
ORD-2024-10003,2024-10-27,CUST-0332,TEC-PH-1001,Technology,2,1700.0,0.0,500.0,South,Corporate,UPI
ORD-2024-11711,2024-10-27,CUST-0219,TEC-LP-1002,Technology,1,1080.0,0.1,180.0,North,Consumer,Debit Card
ORD-2024-14469,2024-10-27,CUST-0150,OFF-ST-3003,Office Supplies,1,22.5,0.1,8.5,South,Corporate,UPI
ORD-2024-10097,2024-10-28,CUST-0519,OFF-AP-3004,Office Supplies,1,85.0,0.0,30.0,North,Consumer,UPI
ORD-2024-11983,2024-10-28,CUST-0428,OFF-LA-3006,Office Supplies,3,42.75,0.05,21.75,East,Corporate,Credit Card
ORD-2024-11999,2024-10-28,CUST-0345,FUR-BK-2003,Furniture,1,220.0,0.0,45.0,North,Consumer,UPI
ORD-2024-12695,2024-10-28,CUST-0497,FUR-DS-2004,Furniture,4,768.0,0.4,-272.0,South,Consumer,UPI
ORD-2024-14187,2024-10-28,CUST-0286,OFF-AP-3004,Office Supplies,5,403.75,0.05,128.75,North,Consumer,Cash on Delivery
ORD-2023-11260,2024-10-29,CUST-0401,TEC-PR-1005,Technology,1,250.0,0.0,60.0,North,Corporate,Net Banking
ORD-2024-14969,2024-10-29,CUST-0399,FUR-CH-2001,Furniture,3,270.0,0.5,-150.0,West,Consumer,UPI
ORD-2024-10311,2024-10-30,CUST-0426,FUR-DS-2004,Furniture,1,192.0,0.4,-68.0,North,Consumer,Credit Card
ORD-2024-13013,2024-10-30,CUST-0507,OFF-BI-3002,Office Supplies,1,12.0,0.0,7.0,Central,Consumer,Net Banking
ORD-2023-10336,2024-10-31,CUST-0400,TEC-PR-1005,Technology,2,450.0,0.1,70.0,West,Small Business,Net Banking
ORD-2023-10370,2024-10-31,CUST-0034,OFF-BI-3002,Office Supplies,1,12.0,0.0,7.0,North,Consumer,Credit Card
ORD-2024-10323,2024-10-31,CUST-0508,FUR-DS-2004,Furniture,3,672.0,0.3,-108.0,South,Small Business,Debit Card
ORD-2024-11389,2024-10-31,CUST-0411,FUR-BK-2003,Furniture,1,154.0,0.3,-21.0,South,Small Business,UPI
ORD-2024-11987,2024-10-31,CUST-0553,TEC-PR-1005,Technology,1,237.5,0.05,47.5,Central,Corporate,Net Banking
ORD-2023-10184,2024-11-01,CUST-0210,FUR-TB-2002,Furniture,1,315.0,0.3,-75.0,North,Consumer,UPI
ORD-2023-10382,2024-11-01,CUST-0605,TEC-PR-1005,Technology,3,750.0,0.0,180.0,North,Consumer,UPI
ORD-2023-10506,2024-11-01,CUST-0363,TEC-LP-1002,Technology,3,3420.0,0.05,720.0,Central,Corporate,UPI
ORD-2023-11266,2024-11-01,CUST-0447,FUR-TB-2002,Furniture,2,720.0,0.2,-60.0,North,Consumer,Cash on Delivery
ORD-2023-11272,2024-11-01,CUST-0147,FUR-TB-2002,Furniture,1,270.0,0.4,-120.0,North,Corporate,UPI
ORD-2023-11522,2024-11-01,CUST-0137,OFF-EN-3005,Office Supplies,3,22.8,0.05,13.8,North,Small Business,Credit Card
ORD-2023-11532,2024-11-01,CUST-0416,TEC-LP-1002,Technology,1,1140.0,0.05,240.0,North,Corporate,Credit Card
ORD-2023-11764,2024-11-01,CUST-0501,FUR-SF-2005,Furniture,2,910.0,0.3,-190.0,South,Corporate,Net Banking
ORD-2023-13254,2024-11-01,CUST-0098,FUR-CH-2001,Furniture,2,216.0,0.4,-64.0,East,Consumer,Credit Card
ORD-2023-13592,2024-11-01,CUST-0017,FUR-SF-2005,Furniture,4,2080.0,0.2,-120.0,North,Corporate,Net Banking
ORD-2023-13970,2024-11-01,CUST-0238,FUR-DS-2004,Furniture,4,1024.0,0.2,-16.0,South,Corporate,Debit Card
ORD-2023-14572,2024-11-01,CUST-0102,FUR-DS-2004,Furniture,1,256.0,0.2,-4.0,West,Corporate,UPI
ORD-2023-15016,2024-11-01,CUST-0034,FUR-BK-2003,Furniture,1,176.0,0.2,1.0,West,Consumer,UPI
ORD-2023-15138,2024-11-01,CUST-0546,FUR-DS-2004,Furniture,1,192.0,0.4,-68.0,South,Consumer,Credit Card
ORD-2024-10019,2024-11-01,CUST-0242,OFF-LA-3006,Office Supplies,1,13.5,0.1,6.5,South,Corporate,Debit Card
ORD-2024-11499,2024-11-01,CUST-0048,TEC-MN-1003,Technology,2,570.0,0.05,150.0,East,Consumer,Cash on Delivery
ORD-2024-12811,2024-11-01,CUST-0065,OFF-BI-3002,Office Supplies,3,32.4,0.1,17.4,East,Small Business,Credit Card
ORD-2024-12895,2024-11-01,CUST-0181,FUR-SF-2005,Furniture,1,585.0,0.1,35.0,East,Small Business,Credit Card
ORD-2024-13273,2024-11-01,CUST-0111,FUR-BK-2003,Furniture,1,220.0,0.0,45.0,West,Consumer,Credit Card
ORD-2024-13303,2024-11-01,CUST-0282,TEC-MN-1003,Technology,2,600.0,0.0,180.0,North,Small Business,UPI
ORD-2024-13467,2024-11-01,CUST-0369,OFF-AP-3004,Office Supplies,1,85.0,0.0,30.0,North,Small Business,UPI
ORD-2024-14811,2024-11-01,CUST-0372,TEC-AC-1004,Technology,1,42.75,0.05,20.75,East,Corporate,Debit Card
ORD-2024-15331,2024-11-01,CUST-0500,OFF-PA-3001,Office Supplies,2,36.0,0.0,18.0,West,Consumer,UPI
ORD-2023-10554,2024-11-02,CUST-0240,OFF-BI-3002,Office Supplies,5,57.0,0.05,32.0,West,Small Business,Credit Card
ORD-2023-10946,2024-11-02,CUST-0471,FUR-DS-2004,Furniture,1,192.0,0.4,-68.0,North,Consumer,Net Banking
ORD-2023-11320,2024-11-02,CUST-0111,OFF-BI-3002,Office Supplies,3,36.0,0.0,21.0,West,Consumer,Credit Card
ORD-2023-11798,2024-11-02,CUST-0480,OFF-EN-3005,Office Supplies,1,7.6,0.05,4.6,North,Corporate,Debit Card
ORD-2023-11902,2024-11-02,CUST-0450,OFF-AP-3004,Office Supplies,3,229.5,0.1,64.5,Central,Consumer,UPI
ORD-2023-12344,2024-11-02,CUST-0237,OFF-AP-3004,Office Supplies,1,76.5,0.1,21.5,East,Consumer,UPI
ORD-2023-14936,2024-11-02,CUST-0614,OFF-LA-3006,Office Supplies,2,28.5,0.05,14.5,South,Consumer,Net Banking
ORD-2023-14944,2024-11-02,CUST-0400,FUR-DS-2004,Furniture,1,288.0,0.1,28.0,West,Small Business,Debit Card
ORD-2024-10013,2024-11-02,CUST-0552,FUR-BK-2003,Furniture,3,528.0,0.2,3.0,North,Consumer,Debit Card
ORD-2024-10027,2024-11-02,CUST-0153,FUR-CH-2001,Furniture,1,144.0,0.2,4.0,South,Consumer,Credit Card
ORD-2024-10089,2024-11-02,CUST-0345,FUR-CH-2001,Furniture,3,486.0,0.1,66.0,North,Consumer,UPI
ORD-2024-10777,2024-11-02,CUST-0068,TEC-LP-1002,Technology,1,1200.0,0.0,300.0,North,Consumer,Credit Card
ORD-2024-13207,2024-11-02,CUST-0514,TEC-HD-1006,Technology,1,99.0,0.1,29.0,West,Corporate,Credit Card
ORD-2024-13625,2024-11-02,CUST-0416,OFF-PA-3001,Office Supplies,1,17.1,0.05,8.1,North,Corporate,Cash on Delivery
ORD-2024-13735,2024-11-02,CUST-0609,TEC-PH-1001,Technology,1,850.0,0.0,250.0,East,Corporate,Credit Card
ORD-2024-14029,2024-11-02,CUST-0543,FUR-CH-2001,Furniture,2,252.0,0.3,-28.0,East,Consumer,Credit Card
ORD-2024-14061,2024-11-02,CUST-0015,TEC-PR-1005,Technology,1,250.0,0.0,60.0,Central,Consumer,Debit Card
ORD-2024-14163,2024-11-02,CUST-0268,OFF-AP-3004,Office Supplies,3,242.25,0.05,77.25,East,Consumer,UPI
ORD-2023-10062,2024-11-03,CUST-0647,FUR-CH-2001,Furniture,2,252.0,0.3,-28.0,North,Consumer,Net Banking
ORD-2023-10406,2024-11-03,CUST-0241,TEC-HD-1006,Technology,2,187.0,0.15,47.0,North,Small Business,Credit Card
ORD-2023-10604,2024-11-03,CUST-0087,FUR-TB-2002,Furniture,3,1350.0,0.0,180.0,North,Corporate,UPI
ORD-2023-11456,2024-11-03,CUST-0257,TEC-PH-1001,Technology,5,3825.0,0.1,825.0,West,Consumer,Debit Card
ORD-2023-12830,2024-11-03,CUST-0157,TEC-PH-1001,Technology,2,1615.0,0.05,415.0,Central,Consumer,Credit Card
ORD-2023-13846,2024-11-03,CUST-0252,TEC-AC-1004,Technology,10,427.5,0.05,207.5,North,Consumer,UPI
ORD-2023-14506,2024-11-03,CUST-0478,OFF-EN-3005,Office Supplies,2,12.8,0.2,6.8,East,Corporate,UPI
ORD-2024-10123,2024-11-03,CUST-0580,OFF-LA-3006,Office Supplies,1,15.0,0.0,8.0,South,Consumer,Debit Card
ORD-2024-11759,2024-11-03,CUST-0126,OFF-LA-3006,Office Supplies,4,42.0,0.3,14.0,South,Consumer,Net Banking
ORD-2024-11785,2024-11-03,CUST-0205,OFF-EN-3005,Office Supplies,1,6.4,0.2,3.4,West,Corporate,Credit Card
ORD-2023-10848,2024-11-04,CUST-0026,FUR-DS-2004,Furniture,2,512.0,0.2,-8.0,West,Corporate,UPI
ORD-2023-11070,2024-11-04,CUST-0394,OFF-EN-3005,Office Supplies,3,22.8,0.05,13.8,Central,Corporate,Credit Card
ORD-2023-11340,2024-11-04,CUST-0232,OFF-BI-3002,Office Supplies,1,9.6,0.2,4.6,South,Consumer,UPI
ORD-2023-11366,2024-11-04,CUST-0191,OFF-ST-3003,Office Supplies,3,75.0,0.0,33.0,West,Corporate,Debit Card
ORD-2023-11472,2024-11-04,CUST-0196,TEC-AC-1004,Technology,2,85.5,0.05,41.5,North,Consumer,UPI
ORD-2023-11502,2024-11-04,CUST-0401,TEC-LP-1002,Technology,1,1020.0,0.15,120.0,North,Corporate,Credit Card
ORD-2023-12718,2024-11-04,CUST-0397,FUR-DS-2004,Furniture,2,320.0,0.5,-200.0,West,Consumer,Credit Card
ORD-2023-13516,2024-11-04,CUST-0125,TEC-PH-1001,Technology,10,8075.0,0.05,2075.0,East,Consumer,Debit Card
ORD-2023-13544,2024-11-04,CUST-0437,TEC-MN-1003,Technology,1,270.0,0.1,60.0,West,Consumer,Net Banking
ORD-2023-13854,2024-11-04,CUST-0645,TEC-AC-1004,Technology,2,85.5,0.05,41.5,East,Corporate,Cash on Delivery
ORD-2023-14298,2024-11-04,CUST-0026,FUR-DS-2004,Furniture,1,288.0,0.1,28.0,West,Corporate,Debit Card
ORD-2023-14334,2024-11-04,CUST-0532,OFF-LA-3006,Office Supplies,1,14.25,0.05,7.25,West,Consumer,Credit Card
ORD-2023-14376,2024-11-04,CUST-0300,TEC-PR-1005,Technology,2,500.0,0.0,120.0,South,Small Business,Credit Card
ORD-2023-15050,2024-11-04,CUST-0033,FUR-BK-2003,Furniture,1,198.0,0.1,23.0,South,Corporate,Credit Card
ORD-2023-15096,2024-11-04,CUST-0348,FUR-SF-2005,Furniture,2,1170.0,0.1,70.0,West,Corporate,Debit Card
ORD-2024-10041,2024-11-04,CUST-0248,FUR-SF-2005,Furniture,3,1560.0,0.2,-90.0,West,Consumer,Credit Card
ORD-2024-10109,2024-11-04,CUST-0113,OFF-EN-3005,Office Supplies,5,38.0,0.05,23.0,West,Small Business,UPI
ORD-2024-10287,2024-11-04,CUST-0416,OFF-BI-3002,Office Supplies,2,21.6,0.1,11.6,North,Corporate,Credit Card
ORD-2024-10915,2024-11-04,CUST-0566,FUR-DS-2004,Furniture,1,256.0,0.2,-4.0,North,Consumer,Debit Card
ORD-2024-10967,2024-11-04,CUST-0629,OFF-LA-3006,Office Supplies,3,45.0,0.0,24.0,South,Consumer,Cash on Delivery
ORD-2024-11103,2024-11-04,CUST-0328,TEC-PR-1005,Technology,1,237.5,0.05,47.5,North,Corporate,Debit Card
ORD-2024-11153,2024-11-04,CUST-0467,OFF-PA-3001,Office Supplies,5,85.5,0.05,40.5,West,Corporate,Credit Card
ORD-2024-11169,2024-11-04,CUST-0180,OFF-AP-3004,Office Supplies,3,255.0,0.0,90.0,South,Consumer,Credit Card
ORD-2024-11191,2024-11-04,CUST-0367,TEC-LP-1002,Technology,3,3420.0,0.05,720.0,South,Corporate,UPI
ORD-2024-11253,2024-11-04,CUST-0271,OFF-ST-3003,Office Supplies,4,100.0,0.0,44.0,West,Small Business,UPI
ORD-2024-12407,2024-11-04,CUST-0125,FUR-SF-2005,Furniture,1,585.0,0.1,35.0,South,Consumer,Credit Card
ORD-2024-13599,2024-11-04,CUST-0449,TEC-PH-1001,Technology,4,3400.0,0.0,1000.0,South,Corporate,Credit Card
ORD-2024-13743,2024-11-04,CUST-0234,TEC-LP-1002,Technology,3,3600.0,0.0,900.0,East,Consumer,Credit Card
ORD-2024-14857,2024-11-04,CUST-0496,FUR-SF-2005,Furniture,3,1950.0,0.0,300.0,South,Consumer,Credit Card
ORD-2023-10156,2024-11-05,CUST-0514,TEC-LP-1002,Technology,5,6000.0,0.0,1500.0,West,Corporate,Credit Card
ORD-2023-10918,2024-11-05,CUST-0248,FUR-TB-2002,Furniture,1,360.0,0.2,-30.0,West,Consumer,UPI
ORD-2023-11380,2024-11-05,CUST-0618,FUR-CH-2001,Furniture,1,126.0,0.3,-14.0,West,Corporate,Credit Card
ORD-2023-11416,2024-11-05,CUST-0437,TEC-PH-1001,Technology,1,850.0,0.0,250.0,West,Consumer,Net Banking
ORD-2023-11922,2024-11-05,CUST-0340,OFF-AP-3004,Office Supplies,2,170.0,0.0,60.0,Central,Corporate,Cash on Delivery
ORD-2023-12080,2024-11-05,CUST-0151,FUR-TB-2002,Furniture,5,1800.0,0.2,-150.0,East,Corporate,Credit Card
ORD-2023-13966,2024-11-05,CUST-0146,TEC-LP-1002,Technology,1,1140.0,0.05,240.0,North,Corporate,Debit Card
ORD-2023-14842,2024-11-05,CUST-0451,FUR-BK-2003,Furniture,1,154.0,0.3,-21.0,East,Small Business,Credit Card
ORD-2024-10167,2024-11-05,CUST-0283,TEC-AC-1004,Technology,1,45.0,0.0,23.0,Central,Consumer,Credit Card
ORD-2024-10779,2024-11-05,CUST-0150,TEC-AC-1004,Technology,2,85.5,0.05,41.5,North,Corporate,Net Banking
ORD-2024-11051,2024-11-05,CUST-0274,TEC-AC-1004,Technology,2,85.5,0.05,41.5,West,Consumer,Debit Card
ORD-2024-11749,2024-11-05,CUST-0489,OFF-ST-3003,Office Supplies,3,71.25,0.05,29.25,North,Small Business,Credit Card
ORD-2024-12389,2024-11-05,CUST-0490,TEC-PH-1001,Technology,1,807.5,0.05,207.5,South,Consumer,UPI
ORD-2024-12603,2024-11-05,CUST-0167,TEC-PR-1005,Technology,1,187.5,0.25,-2.5,Central,Small Business,Credit Card
ORD-2024-12989,2024-11-05,CUST-0124,TEC-HD-1006,Technology,4,440.0,0.0,160.0,North,Consumer,Credit Card
ORD-2024-14395,2024-11-05,CUST-0412,OFF-BI-3002,Office Supplies,4,48.0,0.0,28.0,East,Consumer,UPI
ORD-2024-15463,2024-11-05,CUST-0372,OFF-PA-3001,Office Supplies,3,54.0,0.0,27.0,East,Corporate,Debit Card
ORD-2023-10764,2024-11-06,CUST-0605,TEC-LP-1002,Technology,1,1140.0,0.05,240.0,North,Consumer,Debit Card
ORD-2023-11064,2024-11-06,CUST-0451,TEC-HD-1006,Technology,5,522.5,0.05,172.5,East,Small Business,Credit Card
ORD-2023-11534,2024-11-06,CUST-0257,OFF-BI-3002,Office Supplies,2,24.0,0.0,14.0,West,Consumer,Debit Card
ORD-2023-12014,2024-11-06,CUST-0443,OFF-LA-3006,Office Supplies,3,42.75,0.05,21.75,West,Consumer,Credit Card
ORD-2023-12096,2024-11-06,CUST-0088,FUR-SF-2005,Furniture,2,910.0,0.3,-190.0,North,Small Business,UPI
ORD-2023-12426,2024-11-06,CUST-0518,TEC-AC-1004,Technology,5,225.0,0.0,115.0,West,Corporate,Net Banking
ORD-2023-13452,2024-11-06,CUST-0172,FUR-SF-2005,Furniture,2,780.0,0.4,-320.0,North,Small Business,Credit Card
ORD-2023-14662,2024-11-06,CUST-0512,OFF-LA-3006,Office Supplies,1,14.25,0.05,7.25,South,Consumer,Credit Card
ORD-2023-15098,2024-11-06,CUST-0117,FUR-TB-2002,Furniture,2,810.0,0.1,30.0,South,Consumer,Credit Card
ORD-2023-15232,2024-11-06,CUST-0469,TEC-AC-1004,Technology,1,33.75,0.25,11.75,South,Corporate,Net Banking
ORD-2024-10455,2024-11-06,CUST-0647,FUR-SF-2005,Furniture,3,1950.0,0.0,300.0,North,Consumer,Credit Card
ORD-2024-10697,2024-11-06,CUST-0373,OFF-LA-3006,Office Supplies,2,28.5,0.05,14.5,West,Consumer,Net Banking
ORD-2024-11751,2024-11-06,CUST-0186,FUR-DS-2004,Furniture,1,320.0,0.0,60.0,North,Consumer,Debit Card
ORD-2024-12137,2024-11-06,CUST-0340,OFF-ST-3003,Office Supplies,1,25.0,0.0,11.0,Central,Corporate,UPI
ORD-2024-12291,2024-11-06,CUST-0614,FUR-BK-2003,Furniture,1,110.0,0.5,-65.0,South,Consumer,Credit Card
ORD-2024-12833,2024-11-06,CUST-0273,FUR-DS-2004,Furniture,1,256.0,0.2,-4.0,South,Corporate,Debit Card
ORD-2024-12853,2024-11-06,CUST-0428,TEC-PR-1005,Technology,2,475.0,0.05,95.0,East,Corporate,UPI
ORD-2024-13827,2024-11-06,CUST-0480,FUR-TB-2002,Furniture,1,405.0,0.1,15.0,North,Corporate,Credit Card
ORD-2024-14599,2024-11-06,CUST-0048,OFF-LA-3006,Office Supplies,2,27.0,0.1,13.0,North,Consumer,UPI
ORD-2023-11216,2024-11-07,CUST-0136,OFF-BI-3002,Office Supplies,2,24.0,0.0,14.0,South,Small Business,UPI
ORD-2023-11906,2024-11-07,CUST-0540,OFF-PA-3001,Office Supplies,1,17.1,0.05,8.1,East,Corporate,UPI
ORD-2023-12930,2024-11-07,CUST-0208,FUR-SF-2005,Furniture,2,1170.0,0.1,70.0,South,Consumer,Credit Card
ORD-2023-14418,2024-11-07,CUST-0641,TEC-MN-1003,Technology,2,600.0,0.0,180.0,East,Corporate,Credit Card
ORD-2023-15086,2024-11-07,CUST-0569,OFF-ST-3003,Office Supplies,2,47.5,0.05,19.5,North,Consumer,Debit Card
ORD-2023-15478,2024-11-07,CUST-0444,FUR-TB-2002,Furniture,1,225.0,0.5,-165.0,East,Consumer,Debit Card
ORD-2024-10811,2024-11-07,CUST-0562,TEC-AC-1004,Technology,1,45.0,0.0,23.0,North,Small Business,Debit Card
ORD-2024-11183,2024-11-07,CUST-0428,OFF-LA-3006,Office Supplies,2,24.0,0.2,10.0,East,Corporate,Debit Card
ORD-2024-11315,2024-11-07,CUST-0380,FUR-BK-2003,Furniture,2,440.0,0.0,90.0,East,Consumer,Debit Card
ORD-2024-12315,2024-11-07,CUST-0328,OFF-BI-3002,Office Supplies,8,91.2,0.05,51.2,North,Corporate,Credit Card
ORD-2024-12459,2024-11-07,CUST-0403,FUR-BK-2003,Furniture,1,132.0,0.4,-43.0,South,Corporate,UPI
ORD-2024-12715,2024-11-07,CUST-0425,TEC-PH-1001,Technology,1,765.0,0.1,165.0,North,Corporate,UPI
ORD-2024-13051,2024-11-07,CUST-0631,FUR-BK-2003,Furniture,1,132.0,0.4,-43.0,South,Consumer,UPI
ORD-2024-13409,2024-11-07,CUST-0012,TEC-HD-1006,Technology,2,209.0,0.05,69.0,Central,Small Business,Credit Card
ORD-2024-14269,2024-11-07,CUST-0150,OFF-AP-3004,Office Supplies,2,153.0,0.1,43.0,South,Corporate,Debit Card
ORD-2024-14719,2024-11-07,CUST-0050,FUR-CH-2001,Furniture,3,486.0,0.1,66.0,North,Corporate,Debit Card
ORD-2024-14729,2024-11-07,CUST-0178,OFF-PA-3001,Office Supplies,1,17.1,0.05,8.1,Central,Small Business,Debit Card
ORD-2024-15039,2024-11-07,CUST-0429,OFF-PA-3001,Office Supplies,3,51.3,0.05,24.3,West,Consumer,Debit Card
ORD-2024-15059,2024-11-07,CUST-0609,OFF-PA-3001,Office Supplies,2,34.2,0.05,16.2,East,Corporate,Credit Card
ORD-2023-10736,2024-11-08,CUST-0074,OFF-BI-3002,Office Supplies,1,11.4,0.05,6.4,East,Small Business,Net Banking
ORD-2023-11038,2024-11-08,CUST-0200,TEC-AC-1004,Technology,5,213.75,0.05,103.75,North,Consumer,Credit Card
ORD-2023-12444,2024-11-08,CUST-0100,OFF-AP-3004,Office Supplies,1,80.75,0.05,25.75,East,Consumer,Cash on Delivery
ORD-2023-12744,2024-11-08,CUST-0070,FUR-BK-2003,Furniture,3,528.0,0.2,3.0,West,Corporate,Debit Card
ORD-2023-12778,2024-11-08,CUST-0178,OFF-EN-3005,Office Supplies,1,6.4,0.2,3.4,Central,Small Business,UPI
ORD-2023-12976,2024-11-08,CUST-0508,FUR-CH-2001,Furniture,1,162.0,0.1,22.0,Central,Small Business,Debit Card
ORD-2023-14074,2024-11-08,CUST-0416,OFF-ST-3003,Office Supplies,1,22.5,0.1,8.5,South,Corporate,Credit Card
ORD-2023-14158,2024-11-08,CUST-0057,FUR-TB-2002,Furniture,2,720.0,0.2,-60.0,East,Consumer,Credit Card
ORD-2023-14482,2024-11-08,CUST-0497,FUR-BK-2003,Furniture,3,396.0,0.4,-129.0,South,Consumer,Debit Card
ORD-2023-15080,2024-11-08,CUST-0153,FUR-SF-2005,Furniture,10,6500.0,0.0,1000.0,South,Consumer,Credit Card
ORD-2023-15200,2024-11-08,CUST-0464,OFF-AP-3004,Office Supplies,2,136.0,0.2,26.0,North,Consumer,Debit Card
ORD-2024-10173,2024-11-08,CUST-0084,OFF-PA-3001,Office Supplies,1,18.0,0.0,9.0,South,Small Business,Debit Card
ORD-2024-10751,2024-11-08,CUST-0259,OFF-EN-3005,Office Supplies,4,32.0,0.0,20.0,North,Corporate,Credit Card
ORD-2024-11045,2024-11-08,CUST-0340,TEC-PR-1005,Technology,3,750.0,0.0,180.0,Central,Corporate,Credit Card
ORD-2024-11175,2024-11-08,CUST-0155,OFF-AP-3004,Office Supplies,1,76.5,0.1,21.5,East,Corporate,Credit Card
ORD-2024-11375,2024-11-08,CUST-0533,FUR-TB-2002,Furniture,1,360.0,0.2,-30.0,North,Consumer,Credit Card
ORD-2024-12149,2024-11-08,CUST-0148,OFF-EN-3005,Office Supplies,3,21.6,0.1,12.6,South,Small Business,UPI
ORD-2024-13299,2024-11-08,CUST-0396,TEC-MN-1003,Technology,8,2400.0,0.0,720.0,East,Small Business,Net Banking
ORD-2024-14959,2024-11-08,CUST-0357,OFF-ST-3003,Office Supplies,2,50.0,0.0,22.0,North,Consumer,UPI
ORD-2024-15243,2024-11-08,CUST-0484,OFF-BI-3002,Office Supplies,2,24.0,0.0,14.0,East,Corporate,UPI
ORD-2024-15435,2024-11-08,CUST-0032,FUR-DS-2004,Furniture,2,512.0,0.2,-8.0,West,Corporate,Net Banking
ORD-2023-10476,2024-11-09,CUST-0180,FUR-SF-2005,Furniture,3,1365.0,0.3,-285.0,West,Consumer,Credit Card
ORD-2023-11882,2024-11-09,CUST-0338,OFF-BI-3002,Office Supplies,4,48.0,0.0,28.0,Central,Small Business,Cash on Delivery
ORD-2023-12012,2024-11-09,CUST-0507,TEC-AC-1004,Technology,1,45.0,0.0,23.0,Central,Consumer,UPI
ORD-2023-12192,2024-11-09,CUST-0270,OFF-PA-3001,Office Supplies,2,34.2,0.05,16.2,South,Small Business,Credit Card
ORD-2023-12530,2024-11-09,CUST-0009,OFF-BI-3002,Office Supplies,3,36.0,0.0,21.0,West,Consumer,UPI
ORD-2023-12706,2024-11-09,CUST-0094,FUR-BK-2003,Furniture,2,352.0,0.2,2.0,West,Corporate,UPI
ORD-2023-12868,2024-11-09,CUST-0401,TEC-PH-1001,Technology,1,807.5,0.05,207.5,East,Corporate,UPI
ORD-2023-12940,2024-11-09,CUST-0114,FUR-CH-2001,Furniture,1,144.0,0.2,4.0,East,Consumer,UPI
ORD-2023-13322,2024-11-09,CUST-0439,TEC-MN-1003,Technology,4,1020.0,0.15,180.0,East,Consumer,Cash on Delivery
ORD-2023-13768,2024-11-09,CUST-0113,FUR-DS-2004,Furniture,2,576.0,0.1,56.0,West,Small Business,Credit Card
ORD-2023-14002,2024-11-09,CUST-0482,TEC-PH-1001,Technology,3,1912.5,0.25,112.5,South,Consumer,UPI
ORD-2023-14312,2024-11-09,CUST-0201,TEC-PH-1001,Technology,2,1700.0,0.0,500.0,North,Consumer,Net Banking
ORD-2023-14840,2024-11-09,CUST-0235,TEC-HD-1006,Technology,1,99.0,0.1,29.0,North,Consumer,Credit Card
ORD-2024-10459,2024-11-09,CUST-0255,FUR-BK-2003,Furniture,3,462.0,0.3,-63.0,West,Consumer,UPI
ORD-2024-10475,2024-11-09,CUST-0430,OFF-ST-3003,Office Supplies,1,23.75,0.05,9.75,North,Consumer,UPI
ORD-2024-12641,2024-11-09,CUST-0405,FUR-SF-2005,Furniture,1,520.0,0.2,-30.0,West,Consumer,Credit Card
ORD-2024-13665,2024-11-09,CUST-0375,OFF-ST-3003,Office Supplies,1,22.5,0.1,8.5,East,Small Business,Credit Card
ORD-2024-13739,2024-11-09,CUST-0200,OFF-AP-3004,Office Supplies,1,85.0,0.0,30.0,North,Consumer,Debit Card
ORD-2024-13859,2024-11-09,CUST-0603,TEC-PR-1005,Technology,2,425.0,0.15,45.0,North,Corporate,Net Banking
ORD-2023-10740,2024-11-10,CUST-0424,FUR-BK-2003,Furniture,1,198.0,0.1,23.0,East,Consumer,Credit Card
ORD-2023-10956,2024-11-10,CUST-0270,OFF-AP-3004,Office Supplies,5,340.0,0.2,65.0,South,Small Business,UPI
ORD-2023-11274,2024-11-10,CUST-0141,OFF-BI-3002,Office Supplies,4,45.6,0.05,25.6,West,Corporate,UPI
ORD-2023-12328,2024-11-10,CUST-0136,FUR-DS-2004,Furniture,1,320.0,0.0,60.0,South,Small Business,UPI
ORD-2023-12656,2024-11-10,CUST-0597,TEC-MN-1003,Technology,5,1500.0,0.0,450.0,East,Consumer,Credit Card
ORD-2023-12996,2024-11-10,CUST-0420,FUR-CH-2001,Furniture,1,108.0,0.4,-32.0,North,Consumer,Credit Card
ORD-2023-13872,2024-11-10,CUST-0265,FUR-DS-2004,Furniture,2,576.0,0.1,56.0,East,Corporate,Debit Card
ORD-2023-14640,2024-11-10,CUST-0533,TEC-HD-1006,Technology,5,467.5,0.15,117.5,East,Consumer,Credit Card
ORD-2023-14790,2024-11-10,CUST-0421,TEC-HD-1006,Technology,3,330.0,0.0,120.0,West,Consumer,UPI
ORD-2023-15388,2024-11-10,CUST-0587,OFF-BI-3002,Office Supplies,1,12.0,0.0,7.0,East,Consumer,Debit Card
ORD-2024-11587,2024-11-10,CUST-0557,OFF-AP-3004,Office Supplies,2,136.0,0.2,26.0,North,Consumer,Credit Card
ORD-2024-11647,2024-11-10,CUST-0515,FUR-BK-2003,Furniture,1,176.0,0.2,1.0,North,Corporate,Debit Card
ORD-2024-12661,2024-11-10,CUST-0306,TEC-MN-1003,Technology,3,900.0,0.0,270.0,South,Consumer,Credit Card
ORD-2024-14385,2024-11-10,CUST-0320,OFF-PA-3001,Office Supplies,1,17.1,0.05,8.1,North,Consumer,Net Banking
ORD-2024-15253,2024-11-10,CUST-0334,FUR-SF-2005,Furniture,3,1950.0,0.0,300.0,North,Consumer,Net Banking
ORD-2024-15261,2024-11-10,CUST-0395,FUR-BK-2003,Furniture,2,352.0,0.2,2.0,West,Corporate,Credit Card
ORD-2023-10016,2024-11-11,CUST-0051,OFF-AP-3004,Office Supplies,2,119.0,0.3,9.0,North,Small Business,Credit Card
ORD-2023-11168,2024-11-11,CUST-0313,FUR-DS-2004,Furniture,1,288.0,0.1,28.0,West,Consumer,Debit Card
ORD-2023-12490,2024-11-11,CUST-0613,FUR-SF-2005,Furniture,1,520.0,0.2,-30.0,South,Consumer,Debit Card
ORD-2023-13388,2024-11-11,CUST-0356,FUR-TB-2002,Furniture,3,1215.0,0.1,45.0,North,Corporate,UPI
ORD-2023-13448,2024-11-11,CUST-0531,FUR-SF-2005,Furniture,1,325.0,0.5,-225.0,Central,Corporate,Debit Card
ORD-2023-14592,2024-11-11,CUST-0216,FUR-BK-2003,Furniture,1,132.0,0.4,-43.0,West,Small Business,Credit Card
ORD-2024-10939,2024-11-11,CUST-0235,TEC-PH-1001,Technology,2,1275.0,0.25,75.0,Central,Consumer,Net Banking
ORD-2024-11129,2024-11-11,CUST-0542,FUR-CH-2001,Furniture,5,540.0,0.4,-160.0,Central,Small Business,Credit Card
ORD-2024-12589,2024-11-11,CUST-0119,OFF-LA-3006,Office Supplies,2,28.5,0.05,14.5,East,Consumer,Credit Card
ORD-2024-13275,2024-11-11,CUST-0061,TEC-PH-1001,Technology,1,850.0,0.0,250.0,North,Consumer,Cash on Delivery
ORD-2024-13627,2024-11-11,CUST-0137,OFF-EN-3005,Office Supplies,1,8.0,0.0,5.0,North,Small Business,Credit Card
ORD-2024-13769,2024-11-11,CUST-0145,TEC-PH-1001,Technology,1,850.0,0.0,250.0,North,Corporate,Credit Card
ORD-2024-14115,2024-11-11,CUST-0123,TEC-MN-1003,Technology,1,300.0,0.0,90.0,Central,Small Business,UPI
ORD-2024-14193,2024-11-11,CUST-0258,OFF-LA-3006,Office Supplies,1,15.0,0.0,8.0,North,Small Business,UPI
ORD-2024-14399,2024-11-11,CUST-0563,OFF-BI-3002,Office Supplies,2,16.8,0.3,6.8,East,Small Business,UPI
ORD-2024-14695,2024-11-11,CUST-0483,OFF-AP-3004,Office Supplies,4,323.0,0.05,103.0,West,Corporate,UPI
ORD-2024-15057,2024-11-11,CUST-0265,FUR-BK-2003,Furniture,2,396.0,0.1,46.0,East,Corporate,Credit Card
ORD-2023-11370,2024-11-12,CUST-0083,TEC-PH-1001,Technology,2,1530.0,0.1,330.0,Central,Consumer,Net Banking
ORD-2023-13184,2024-11-12,CUST-0061,FUR-TB-2002,Furniture,10,4050.0,0.1,150.0,West,Consumer,Net Banking
ORD-2023-13218,2024-11-12,CUST-0207,FUR-SF-2005,Furniture,3,1170.0,0.4,-480.0,West,Corporate,UPI
ORD-2023-13410,2024-11-12,CUST-0490,TEC-PH-1001,Technology,2,1615.0,0.05,415.0,West,Consumer,Credit Card
ORD-2023-13428,2024-11-12,CUST-0126,TEC-HD-1006,Technology,8,880.0,0.0,320.0,West,Consumer,Credit Card
ORD-2023-14264,2024-11-12,CUST-0132,TEC-LP-1002,Technology,1,1020.0,0.15,120.0,West,Corporate,UPI
ORD-2024-11271,2024-11-12,CUST-0021,OFF-BI-3002,Office Supplies,3,28.8,0.2,13.8,South,Consumer,Cash on Delivery
ORD-2024-11365,2024-11-12,CUST-0136,TEC-AC-1004,Technology,2,90.0,0.0,46.0,South,Small Business,UPI
ORD-2024-11591,2024-11-12,CUST-0034,FUR-SF-2005,Furniture,3,1950.0,0.0,300.0,North,Consumer,UPI
ORD-2024-11603,2024-11-12,CUST-0136,OFF-PA-3001,Office Supplies,3,51.3,0.05,24.3,South,Small Business,Cash on Delivery
ORD-2024-13017,2024-11-12,CUST-0347,FUR-BK-2003,Furniture,1,176.0,0.2,1.0,South,Consumer,Debit Card
ORD-2024-13389,2024-11-12,CUST-0055,FUR-SF-2005,Furniture,10,6500.0,0.0,1000.0,Central,Corporate,Debit Card
ORD-2024-13809,2024-11-12,CUST-0103,OFF-EN-3005,Office Supplies,2,15.2,0.05,9.2,South,Corporate,Net Banking
ORD-2024-14107,2024-11-12,CUST-0166,OFF-EN-3005,Office Supplies,4,32.0,0.0,20.0,East,Consumer,Debit Card
ORD-2024-14755,2024-11-12,CUST-0355,FUR-DS-2004,Furniture,2,576.0,0.1,56.0,South,Corporate,Credit Card
ORD-2023-11566,2024-11-13,CUST-0013,OFF-PA-3001,Office Supplies,1,14.4,0.2,5.4,North,Consumer,Net Banking
ORD-2023-12376,2024-11-13,CUST-0215,TEC-LP-1002,Technology,3,3240.0,0.1,540.0,South,Consumer,UPI
ORD-2023-12722,2024-11-13,CUST-0199,TEC-HD-1006,Technology,2,220.0,0.0,80.0,South,Small Business,Credit Card
ORD-2023-13004,2024-11-13,CUST-0249,FUR-BK-2003,Furniture,4,792.0,0.1,92.0,West,Consumer,Debit Card
ORD-2023-13362,2024-11-13,CUST-0506,OFF-BI-3002,Office Supplies,2,19.2,0.2,9.2,East,Consumer,Debit Card
ORD-2023-13824,2024-11-13,CUST-0364,TEC-PR-1005,Technology,3,637.5,0.15,67.5,Central,Consumer,Credit Card
ORD-2023-13938,2024-11-13,CUST-0257,TEC-MN-1003,Technology,2,600.0,0.0,180.0,West,Consumer,Cash on Delivery
ORD-2023-14310,2024-11-13,CUST-0079,TEC-PH-1001,Technology,5,4037.5,0.05,1037.5,West,Consumer,Credit Card
ORD-2023-14400,2024-11-13,CUST-0226,OFF-PA-3001,Office Supplies,3,43.2,0.2,16.2,North,Small Business,Credit Card
ORD-2023-15246,2024-11-13,CUST-0029,OFF-PA-3001,Office Supplies,5,90.0,0.0,45.0,South,Consumer,Net Banking
ORD-2024-12017,2024-11-13,CUST-0494,FUR-TB-2002,Furniture,4,1800.0,0.0,240.0,West,Consumer,UPI
ORD-2024-12415,2024-11-13,CUST-0564,TEC-MN-1003,Technology,5,1350.0,0.1,300.0,North,Corporate,Net Banking
ORD-2024-13555,2024-11-13,CUST-0033,OFF-LA-3006,Office Supplies,1,15.0,0.0,8.0,South,Corporate,Net Banking
ORD-2024-13603,2024-11-13,CUST-0360,TEC-AC-1004,Technology,1,38.25,0.15,16.25,North,Corporate,Credit Card
ORD-2024-14225,2024-11-13,CUST-0388,FUR-BK-2003,Furniture,1,132.0,0.4,-43.0,South,Consumer,Debit Card
ORD-2023-10074,2024-11-14,CUST-0296,OFF-LA-3006,Office Supplies,1,14.25,0.05,7.25,West,Consumer,Credit Card
ORD-2023-11508,2024-11-14,CUST-0272,TEC-AC-1004,Technology,3,128.25,0.05,62.25,West,Small Business,Cash on Delivery
ORD-2023-11556,2024-11-14,CUST-0583,FUR-BK-2003,Furniture,3,660.0,0.0,135.0,North,Consumer,Credit Card
ORD-2023-11680,2024-11-14,CUST-0642,OFF-ST-3003,Office Supplies,2,50.0,0.0,22.0,West,Consumer,Credit Card
ORD-2023-12230,2024-11-14,CUST-0450,TEC-PH-1001,Technology,2,1615.0,0.05,415.0,Central,Consumer,UPI
ORD-2023-12548,2024-11-14,CUST-0505,TEC-LP-1002,Technology,1,1080.0,0.1,180.0,North,Small Business,Debit Card
ORD-2023-12572,2024-11-14,CUST-0274,TEC-MN-1003,Technology,1,300.0,0.0,90.0,West,Consumer,UPI
ORD-2023-13442,2024-11-14,CUST-0634,TEC-PR-1005,Technology,3,750.0,0.0,180.0,East,Corporate,Debit Card
ORD-2023-13794,2024-11-14,CUST-0051,OFF-ST-3003,Office Supplies,5,125.0,0.0,55.0,North,Small Business,Credit Card
ORD-2023-14042,2024-11-14,CUST-0300,OFF-PA-3001,Office Supplies,5,90.0,0.0,45.0,North,Small Business,UPI
ORD-2023-14932,2024-11-14,CUST-0166,FUR-BK-2003,Furniture,4,792.0,0.1,92.0,East,Consumer,Debit Card
ORD-2024-10037,2024-11-14,CUST-0523,FUR-SF-2005,Furniture,2,1040.0,0.2,-60.0,North,Corporate,Credit Card
ORD-2024-11699,2024-11-14,CUST-0329,TEC-PR-1005,Technology,5,1250.0,0.0,300.0,East,Corporate,UPI
ORD-2024-12065,2024-11-14,CUST-0153,FUR-TB-2002,Furniture,2,810.0,0.1,30.0,South,Consumer,Cash on Delivery
ORD-2024-12635,2024-11-14,CUST-0150,OFF-LA-3006,Office Supplies,1,14.25,0.05,7.25,West,Corporate,Net Banking
ORD-2024-13569,2024-11-14,CUST-0011,TEC-PR-1005,Technology,1,250.0,0.0,60.0,North,Corporate,UPI
ORD-2024-14091,2024-11-14,CUST-0502,FUR-TB-2002,Furniture,3,675.0,0.5,-495.0,South,Consumer,Debit Card
ORD-2024-14285,2024-11-14,CUST-0512,OFF-PA-3001,Office Supplies,5,90.0,0.0,45.0,South,Consumer,Credit Card
ORD-2024-14467,2024-11-14,CUST-0247,OFF-LA-3006,Office Supplies,1,14.25,0.05,7.25,West,Consumer,Credit Card
ORD-2023-10474,2024-11-15,CUST-0349,TEC-MN-1003,Technology,2,600.0,0.0,180.0,East,Small Business,UPI
ORD-2023-13224,2024-11-15,CUST-0274,TEC-AC-1004,Technology,1,42.75,0.05,20.75,West,Consumer,Credit Card
ORD-2023-13294,2024-11-15,CUST-0298,TEC-HD-1006,Technology,1,104.5,0.05,34.5,West,Small Business,UPI
ORD-2023-13828,2024-11-15,CUST-0097,TEC-PR-1005,Technology,5,1250.0,0.0,300.0,East,Consumer,Debit Card
ORD-2023-13914,2024-11-15,CUST-0400,OFF-LA-3006,Office Supplies,3,42.75,0.05,21.75,South,Small Business,Credit Card
ORD-2023-14966,2024-11-15,CUST-0082,OFF-ST-3003,Office Supplies,2,45.0,0.1,17.0,North,Consumer,UPI
ORD-2023-15396,2024-11-15,CUST-0112,FUR-TB-2002,Furniture,3,810.0,0.4,-360.0,North,Consumer,Net Banking
ORD-2023-15470,2024-11-15,CUST-0405,OFF-PA-3001,Office Supplies,2,36.0,0.0,18.0,West,Consumer,Credit Card
ORD-2024-11031,2024-11-15,CUST-0538,OFF-LA-3006,Office Supplies,3,42.75,0.05,21.75,East,Corporate,Credit Card
ORD-2024-12597,2024-11-15,CUST-0566,OFF-ST-3003,Office Supplies,1,23.75,0.05,9.75,North,Consumer,Credit Card
ORD-2024-12841,2024-11-15,CUST-0055,OFF-BI-3002,Office Supplies,2,19.2,0.2,9.2,East,Corporate,UPI
ORD-2024-12901,2024-11-15,CUST-0050,OFF-BI-3002,Office Supplies,5,54.0,0.1,29.0,North,Corporate,Net Banking
ORD-2024-13477,2024-11-15,CUST-0145,TEC-AC-1004,Technology,2,76.5,0.15,32.5,North,Corporate,Credit Card
ORD-2024-13577,2024-11-15,CUST-0462,FUR-SF-2005,Furniture,3,1755.0,0.1,105.0,East,Consumer,UPI
ORD-2023-10258,2024-11-16,CUST-0273,TEC-PR-1005,Technology,3,675.0,0.1,105.0,North,Corporate,Debit Card
ORD-2023-10968,2024-11-16,CUST-0303,FUR-SF-2005,Furniture,1,455.0,0.3,-95.0,South,Corporate,Credit Card
ORD-2023-12644,2024-11-16,CUST-0565,OFF-PA-3001,Office Supplies,2,34.2,0.05,16.2,North,Consumer,Debit Card
ORD-2023-12662,2024-11-16,CUST-0507,TEC-AC-1004,Technology,1,45.0,0.0,23.0,Central,Consumer,Credit Card
ORD-2023-12736,2024-11-16,CUST-0422,OFF-AP-3004,Office Supplies,1,85.0,0.0,30.0,Central,Consumer,Credit Card
ORD-2023-13440,2024-11-16,CUST-0055,FUR-DS-2004,Furniture,1,256.0,0.2,-4.0,East,Corporate,Credit Card
ORD-2023-13550,2024-11-16,CUST-0259,TEC-PR-1005,Technology,2,475.0,0.05,95.0,Central,Corporate,Debit Card
ORD-2023-13858,2024-11-16,CUST-0396,TEC-MN-1003,Technology,1,300.0,0.0,90.0,East,Small Business,Net Banking
ORD-2023-14610,2024-11-16,CUST-0060,OFF-AP-3004,Office Supplies,2,170.0,0.0,60.0,Central,Consumer,Cash on Delivery
ORD-2024-10595,2024-11-16,CUST-0592,FUR-TB-2002,Furniture,2,720.0,0.2,-60.0,West,Small Business,Credit Card
ORD-2024-12107,2024-11-16,CUST-0307,FUR-TB-2002,Furniture,2,720.0,0.2,-60.0,West,Corporate,Credit Card
ORD-2024-12313,2024-11-16,CUST-0338,TEC-HD-1006,Technology,3,313.5,0.05,103.5,Central,Small Business,Credit Card
ORD-2024-12361,2024-11-16,CUST-0530,OFF-PA-3001,Office Supplies,1,16.2,0.1,7.2,South,Consumer,Credit Card
ORD-2024-12587,2024-11-16,CUST-0525,OFF-PA-3001,Office Supplies,1,17.1,0.05,8.1,West,Corporate,Credit Card
ORD-2024-12729,2024-11-16,CUST-0296,TEC-LP-1002,Technology,1,1200.0,0.0,300.0,East,Consumer,Credit Card
ORD-2024-14017,2024-11-16,CUST-0314,FUR-CH-2001,Furniture,1,126.0,0.3,-14.0,North,Corporate,Credit Card
ORD-2024-14197,2024-11-16,CUST-0531,OFF-PA-3001,Office Supplies,4,72.0,0.0,36.0,Central,Corporate,Credit Card
ORD-2024-14707,2024-11-16,CUST-0494,OFF-AP-3004,Office Supplies,1,85.0,0.0,30.0,West,Consumer,Credit Card
ORD-2024-14823,2024-11-16,CUST-0060,TEC-AC-1004,Technology,5,213.75,0.05,103.75,Central,Consumer,UPI
ORD-2023-12818,2024-11-17,CUST-0325,FUR-CH-2001,Furniture,1,180.0,0.0,40.0,North,Corporate,Credit Card
ORD-2023-13074,2024-11-17,CUST-0343,OFF-AP-3004,Office Supplies,1,76.5,0.1,21.5,North,Small Business,UPI
ORD-2023-13256,2024-11-17,CUST-0242,TEC-HD-1006,Technology,1,110.0,0.0,40.0,East,Corporate,UPI
ORD-2023-13430,2024-11-17,CUST-0504,TEC-HD-1006,Technology,4,440.0,0.0,160.0,West,Corporate,Credit Card
ORD-2023-15316,2024-11-17,CUST-0273,FUR-SF-2005,Furniture,2,1300.0,0.0,200.0,South,Corporate,Net Banking
ORD-2024-10009,2024-11-17,CUST-0555,TEC-HD-1006,Technology,1,93.5,0.15,23.5,East,Small Business,Credit Card
ORD-2024-11171,2024-11-17,CUST-0049,FUR-BK-2003,Furniture,3,594.0,0.1,69.0,North,Consumer,Credit Card
ORD-2024-11209,2024-11-17,CUST-0617,TEC-HD-1006,Technology,2,220.0,0.0,80.0,East,Small Business,UPI
ORD-2024-11641,2024-11-17,CUST-0605,OFF-PA-3001,Office Supplies,2,36.0,0.0,18.0,Central,Consumer,UPI
ORD-2024-11929,2024-11-17,CUST-0098,OFF-PA-3001,Office Supplies,1,17.1,0.05,8.1,West,Consumer,Net Banking
ORD-2024-12427,2024-11-17,CUST-0111,FUR-CH-2001,Furniture,1,126.0,0.3,-14.0,West,Consumer,Debit Card
ORD-2024-13309,2024-11-17,CUST-0067,FUR-SF-2005,Furniture,3,1170.0,0.4,-480.0,West,Small Business,UPI
ORD-2024-13561,2024-11-17,CUST-0647,FUR-TB-2002,Furniture,2,900.0,0.0,120.0,North,Consumer,Credit Card
ORD-2024-15185,2024-11-17,CUST-0255,TEC-PH-1001,Technology,5,4250.0,0.0,1250.0,West,Consumer,UPI
ORD-2023-10026,2024-11-18,CUST-0396,FUR-TB-2002,Furniture,1,315.0,0.3,-75.0,East,Small Business,Cash on Delivery
ORD-2023-11634,2024-11-18,CUST-0409,TEC-LP-1002,Technology,1,1200.0,0.0,300.0,East,Consumer,Cash on Delivery
ORD-2023-12202,2024-11-18,CUST-0292,FUR-CH-2001,Furniture,1,162.0,0.1,22.0,North,Consumer,UPI
ORD-2023-12620,2024-11-18,CUST-0574,OFF-PA-3001,Office Supplies,2,25.2,0.3,7.2,North,Consumer,Debit Card
ORD-2023-13724,2024-11-18,CUST-0340,FUR-SF-2005,Furniture,1,520.0,0.2,-30.0,Central,Corporate,Credit Card
ORD-2023-13922,2024-11-18,CUST-0159,FUR-CH-2001,Furniture,1,180.0,0.0,40.0,Central,Corporate,Credit Card
ORD-2023-14560,2024-11-18,CUST-0343,FUR-TB-2002,Furniture,4,1080.0,0.4,-480.0,West,Small Business,Credit Card
ORD-2023-14838,2024-11-18,CUST-0012,TEC-PR-1005,Technology,3,750.0,0.0,180.0,North,Small Business,UPI
ORD-2023-15328,2024-11-18,CUST-0263,FUR-CH-2001,Furniture,2,288.0,0.2,8.0,South,Corporate,Credit Card
ORD-2024-10379,2024-11-18,CUST-0219,OFF-BI-3002,Office Supplies,3,34.2,0.05,19.2,North,Consumer,Debit Card
ORD-2024-10621,2024-11-18,CUST-0196,TEC-PR-1005,Technology,2,475.0,0.05,95.0,North,Consumer,Credit Card
ORD-2024-10801,2024-11-18,CUST-0428,OFF-ST-3003,Office Supplies,3,71.25,0.05,29.25,East,Corporate,Debit Card
ORD-2024-10829,2024-11-18,CUST-0063,OFF-AP-3004,Office Supplies,1,85.0,0.0,30.0,East,Corporate,Credit Card
ORD-2024-11941,2024-11-18,CUST-0108,OFF-PA-3001,Office Supplies,2,32.4,0.1,14.4,East,Corporate,Credit Card
ORD-2024-12489,2024-11-18,CUST-0026,TEC-PH-1001,Technology,2,1700.0,0.0,500.0,West,Corporate,UPI
ORD-2024-13151,2024-11-18,CUST-0007,FUR-DS-2004,Furniture,1,256.0,0.2,-4.0,South,Consumer,Net Banking
ORD-2024-13593,2024-11-18,CUST-0236,OFF-AP-3004,Office Supplies,3,229.5,0.1,64.5,South,Small Business,Debit Card
ORD-2024-13845,2024-11-18,CUST-0508,OFF-EN-3005,Office Supplies,2,16.0,0.0,10.0,South,Small Business,UPI
ORD-2023-10006,2024-11-19,CUST-0342,TEC-MN-1003,Technology,2,600.0,0.0,180.0,Central,Small Business,Credit Card
ORD-2023-10798,2024-11-19,CUST-0241,TEC-LP-1002,Technology,1,1080.0,0.1,180.0,North,Small Business,UPI
ORD-2023-13670,2024-11-19,CUST-0206,OFF-ST-3003,Office Supplies,4,100.0,0.0,44.0,North,Small Business,Cash on Delivery
ORD-2023-14586,2024-11-19,CUST-0009,FUR-BK-2003,Furniture,2,396.0,0.1,46.0,South,Consumer,Credit Card
ORD-2024-10857,2024-11-19,CUST-0023,TEC-AC-1004,Technology,1,45.0,0.0,23.0,West,Consumer,Net Banking
ORD-2024-10927,2024-11-19,CUST-0241,TEC-HD-1006,Technology,3,330.0,0.0,120.0,North,Small Business,Credit Card
ORD-2024-11671,2024-11-19,CUST-0059,OFF-LA-3006,Office Supplies,2,30.0,0.0,16.0,North,Corporate,Cash on Delivery
ORD-2024-14019,2024-11-19,CUST-0084,FUR-TB-2002,Furniture,3,810.0,0.4,-360.0,West,Small Business,Debit Card
ORD-2024-14255,2024-11-19,CUST-0121,FUR-CH-2001,Furniture,2,324.0,0.1,44.0,East,Consumer,Debit Card
ORD-2024-14655,2024-11-19,CUST-0304,TEC-PH-1001,Technology,3,2550.0,0.0,750.0,East,Consumer,Net Banking
ORD-2023-13850,2024-11-20,CUST-0031,OFF-ST-3003,Office Supplies,1,25.0,0.0,11.0,West,Consumer,UPI
ORD-2023-14114,2024-11-20,CUST-0365,TEC-MN-1003,Technology,1,270.0,0.1,60.0,East,Corporate,Credit Card
ORD-2023-15480,2024-11-20,CUST-0400,TEC-PH-1001,Technology,1,765.0,0.1,165.0,West,Small Business,UPI
ORD-2024-10797,2024-11-20,CUST-0332,OFF-LA-3006,Office Supplies,1,15.0,0.0,8.0,South,Corporate,Debit Card
ORD-2024-10993,2024-11-20,CUST-0063,OFF-AP-3004,Office Supplies,2,170.0,0.0,60.0,East,Corporate,UPI
ORD-2024-12513,2024-11-20,CUST-0340,FUR-DS-2004,Furniture,1,320.0,0.0,60.0,West,Corporate,Credit Card
ORD-2024-12905,2024-11-20,CUST-0192,TEC-HD-1006,Technology,4,440.0,0.0,160.0,East,Corporate,UPI
ORD-2024-13751,2024-11-20,CUST-0334,FUR-DS-2004,Furniture,1,256.0,0.2,-4.0,North,Consumer,Debit Card
ORD-2024-13895,2024-11-20,CUST-0563,TEC-PR-1005,Technology,1,237.5,0.05,47.5,East,Small Business,UPI
ORD-2024-14919,2024-11-20,CUST-0222,OFF-LA-3006,Office Supplies,3,45.0,0.0,24.0,North,Consumer,Net Banking
ORD-2023-10272,2024-11-21,CUST-0396,FUR-BK-2003,Furniture,2,440.0,0.0,90.0,North,Small Business,Cash on Delivery
ORD-2023-10300,2024-11-21,CUST-0353,TEC-HD-1006,Technology,1,104.5,0.05,34.5,South,Corporate,Credit Card
ORD-2023-10430,2024-11-21,CUST-0369,FUR-BK-2003,Furniture,5,880.0,0.2,5.0,North,Small Business,Debit Card
ORD-2023-10782,2024-11-21,CUST-0092,TEC-HD-1006,Technology,4,440.0,0.0,160.0,East,Small Business,Credit Card
ORD-2023-11338,2024-11-21,CUST-0497,OFF-ST-3003,Office Supplies,5,118.75,0.05,48.75,South,Consumer,UPI
ORD-2023-11756,2024-11-21,CUST-0180,FUR-SF-2005,Furniture,2,1040.0,0.2,-60.0,South,Consumer,UPI
ORD-2023-12174,2024-11-21,CUST-0274,FUR-DS-2004,Furniture,1,288.0,0.1,28.0,West,Consumer,Credit Card
ORD-2023-13244,2024-11-21,CUST-0493,TEC-LP-1002,Technology,1,1200.0,0.0,300.0,West,Corporate,Credit Card
ORD-2023-14686,2024-11-21,CUST-0634,FUR-SF-2005,Furniture,1,520.0,0.2,-30.0,East,Corporate,Credit Card
ORD-2024-10417,2024-11-21,CUST-0337,TEC-PR-1005,Technology,1,250.0,0.0,60.0,West,Consumer,Debit Card
ORD-2024-10493,2024-11-21,CUST-0647,TEC-LP-1002,Technology,2,2280.0,0.05,480.0,North,Consumer,Net Banking
ORD-2024-10839,2024-11-21,CUST-0156,OFF-ST-3003,Office Supplies,2,50.0,0.0,22.0,South,Consumer,Credit Card
ORD-2024-11003,2024-11-21,CUST-0270,TEC-LP-1002,Technology,1,1140.0,0.05,240.0,South,Small Business,Credit Card
ORD-2024-11609,2024-11-21,CUST-0019,TEC-PH-1001,Technology,2,1700.0,0.0,500.0,Central,Corporate,UPI
ORD-2024-11615,2024-11-21,CUST-0216,FUR-CH-2001,Furniture,1,162.0,0.1,22.0,East,Small Business,Debit Card
ORD-2024-12209,2024-11-21,CUST-0217,TEC-PH-1001,Technology,4,3400.0,0.0,1000.0,West,Corporate,UPI
ORD-2024-12373,2024-11-21,CUST-0091,TEC-PH-1001,Technology,1,807.5,0.05,207.5,West,Corporate,Credit Card
ORD-2023-12272,2024-11-22,CUST-0474,OFF-AP-3004,Office Supplies,4,340.0,0.0,120.0,South,Small Business,UPI
ORD-2023-12692,2024-11-22,CUST-0631,FUR-TB-2002,Furniture,1,315.0,0.3,-75.0,South,Consumer,Credit Card
ORD-2023-13026,2024-11-22,CUST-0315,OFF-LA-3006,Office Supplies,2,30.0,0.0,16.0,West,Corporate,Debit Card
ORD-2023-13398,2024-11-22,CUST-0247,TEC-PH-1001,Technology,5,4037.5,0.05,1037.5,South,Consumer,Credit Card
ORD-2023-13704,2024-11-22,CUST-0526,OFF-ST-3003,Office Supplies,1,22.5,0.1,8.5,North,Consumer,Credit Card
ORD-2024-10049,2024-11-22,CUST-0249,OFF-AP-3004,Office Supplies,1,76.5,0.1,21.5,West,Consumer,Debit Card
ORD-2024-11249,2024-11-22,CUST-0497,TEC-MN-1003,Technology,3,900.0,0.0,270.0,South,Consumer,Debit Card
ORD-2024-11553,2024-11-22,CUST-0458,OFF-AP-3004,Office Supplies,1,80.75,0.05,25.75,West,Consumer,Cash on Delivery
ORD-2024-12297,2024-11-22,CUST-0180,FUR-CH-2001,Furniture,5,900.0,0.0,200.0,South,Consumer,Debit Card
ORD-2024-13189,2024-11-22,CUST-0611,FUR-DS-2004,Furniture,3,768.0,0.2,-12.0,East,Small Business,Credit Card
ORD-2024-13267,2024-11-22,CUST-0642,TEC-PR-1005,Technology,1,250.0,0.0,60.0,West,Consumer,Debit Card
ORD-2024-13801,2024-11-22,CUST-0161,TEC-AC-1004,Technology,4,180.0,0.0,92.0,East,Corporate,Net Banking
ORD-2024-15317,2024-11-22,CUST-0626,OFF-AP-3004,Office Supplies,2,170.0,0.0,60.0,East,Corporate,Credit Card
ORD-2024-15393,2024-11-22,CUST-0531,TEC-PR-1005,Technology,2,375.0,0.25,-5.0,Central,Corporate,Debit Card
ORD-2023-10044,2024-11-23,CUST-0336,OFF-AP-3004,Office Supplies,3,255.0,0.0,90.0,East,Corporate,Credit Card
ORD-2023-11426,2024-11-23,CUST-0516,FUR-BK-2003,Furniture,2,440.0,0.0,90.0,West,Consumer,Cash on Delivery
ORD-2023-11462,2024-11-23,CUST-0225,FUR-SF-2005,Furniture,2,1170.0,0.1,70.0,East,Consumer,UPI
ORD-2023-11818,2024-11-23,CUST-0270,OFF-AP-3004,Office Supplies,2,161.5,0.05,51.5,South,Small Business,Debit Card
ORD-2023-11856,2024-11-23,CUST-0498,TEC-HD-1006,Technology,3,330.0,0.0,120.0,North,Consumer,Credit Card
ORD-2023-14392,2024-11-23,CUST-0044,FUR-CH-2001,Furniture,2,360.0,0.0,80.0,South,Corporate,Credit Card
ORD-2023-14456,2024-11-23,CUST-0074,OFF-EN-3005,Office Supplies,3,24.0,0.0,15.0,East,Small Business,Credit Card
ORD-2024-10803,2024-11-23,CUST-0399,OFF-AP-3004,Office Supplies,1,80.75,0.05,25.75,West,Consumer,Debit Card
ORD-2024-11559,2024-11-23,CUST-0516,TEC-HD-1006,Technology,3,330.0,0.0,120.0,West,Consumer,UPI
ORD-2024-12913,2024-11-23,CUST-0150,FUR-BK-2003,Furniture,2,440.0,0.0,90.0,East,Corporate,UPI
ORD-2024-13315,2024-11-23,CUST-0180,TEC-PR-1005,Technology,1,237.5,0.05,47.5,South,Consumer,Credit Card
ORD-2024-13967,2024-11-23,CUST-0254,FUR-BK-2003,Furniture,2,440.0,0.0,90.0,North,Corporate,Credit Card
ORD-2024-14521,2024-11-23,CUST-0588,FUR-TB-2002,Furniture,1,315.0,0.3,-75.0,North,Small Business,Net Banking
ORD-2024-15201,2024-11-23,CUST-0181,OFF-ST-3003,Office Supplies,1,25.0,0.0,11.0,East,Small Business,Debit Card
ORD-2023-10470,2024-11-24,CUST-0195,FUR-TB-2002,Furniture,1,315.0,0.3,-75.0,South,Consumer,UPI
ORD-2023-10568,2024-11-24,CUST-0630,TEC-PH-1001,Technology,1,765.0,0.1,165.0,South,Consumer,Credit Card
ORD-2023-10586,2024-11-24,CUST-0086,TEC-PH-1001,Technology,4,3060.0,0.1,660.0,North,Corporate,Credit Card
ORD-2023-10790,2024-11-24,CUST-0172,OFF-BI-3002,Office Supplies,1,11.4,0.05,6.4,North,Small Business,Debit Card
ORD-2023-11530,2024-11-24,CUST-0100,OFF-PA-3001,Office Supplies,4,68.4,0.05,32.4,East,Consumer,UPI
ORD-2023-11838,2024-11-24,CUST-0215,OFF-PA-3001,Office Supplies,1,14.4,0.2,5.4,South,Consumer,Credit Card
ORD-2023-11934,2024-11-24,CUST-0288,FUR-DS-2004,Furniture,2,640.0,0.0,120.0,South,Consumer,UPI
ORD-2023-12338,2024-11-24,CUST-0375,OFF-LA-3006,Office Supplies,2,28.5,0.05,14.5,West,Consumer,Credit Card
ORD-2023-12982,2024-11-24,CUST-0174,OFF-LA-3006,Office Supplies,1,14.25,0.05,7.25,East,Consumer,Credit Card
ORD-2023-13344,2024-11-24,CUST-0367,OFF-LA-3006,Office Supplies,1,15.0,0.0,8.0,North,Corporate,Credit Card
ORD-2023-13376,2024-11-24,CUST-0549,OFF-BI-3002,Office Supplies,4,48.0,0.0,28.0,West,Consumer,Debit Card
ORD-2023-13746,2024-11-24,CUST-0092,TEC-MN-1003,Technology,4,1200.0,0.0,360.0,East,Small Business,Cash on Delivery
ORD-2023-15038,2024-11-24,CUST-0576,OFF-PA-3001,Office Supplies,2,28.8,0.2,10.8,East,Consumer,Credit Card
ORD-2024-10051,2024-11-24,CUST-0112,OFF-PA-3001,Office Supplies,4,68.4,0.05,32.4,North,Consumer,Credit Card
ORD-2024-10153,2024-11-24,CUST-0255,OFF-ST-3003,Office Supplies,1,25.0,0.0,11.0,East,Consumer,Cash on Delivery
ORD-2024-10543,2024-11-24,CUST-0610,FUR-TB-2002,Furniture,1,360.0,0.2,-30.0,North,Small Business,UPI
ORD-2024-11447,2024-11-24,CUST-0053,OFF-BI-3002,Office Supplies,5,57.0,0.05,32.0,West,Corporate,Credit Card
ORD-2024-12549,2024-11-24,CUST-0100,OFF-AP-3004,Office Supplies,1,85.0,0.0,30.0,East,Consumer,Debit Card
ORD-2024-13241,2024-11-24,CUST-0508,FUR-DS-2004,Furniture,1,320.0,0.0,60.0,South,Small Business,Credit Card
ORD-2024-13501,2024-11-24,CUST-0548,TEC-LP-1002,Technology,4,4320.0,0.1,720.0,East,Small Business,Credit Card
ORD-2024-14587,2024-11-24,CUST-0234,TEC-LP-1002,Technology,2,2280.0,0.05,480.0,East,Consumer,Credit Card
ORD-2024-14693,2024-11-24,CUST-0125,TEC-PH-1001,Technology,3,2295.0,0.1,495.0,East,Consumer,Credit Card
ORD-2024-14833,2024-11-24,CUST-0328,TEC-AC-1004,Technology,3,114.75,0.15,48.75,North,Corporate,Net Banking
ORD-2024-15293,2024-11-24,CUST-0575,TEC-AC-1004,Technology,1,45.0,0.0,23.0,North,Consumer,Credit Card
ORD-2024-15467,2024-11-24,CUST-0145,TEC-LP-1002,Technology,5,6000.0,0.0,1500.0,South,Corporate,Credit Card
ORD-2023-11436,2024-11-25,CUST-0549,OFF-PA-3001,Office Supplies,2,34.2,0.05,16.2,West,Consumer,UPI
ORD-2023-12238,2024-11-25,CUST-0326,TEC-HD-1006,Technology,1,110.0,0.0,40.0,West,Consumer,Debit Card
ORD-2023-12638,2024-11-25,CUST-0128,OFF-LA-3006,Office Supplies,2,24.0,0.2,10.0,East,Corporate,UPI
ORD-2023-13368,2024-11-25,CUST-0528,OFF-AP-3004,Office Supplies,1,80.75,0.05,25.75,East,Consumer,UPI
ORD-2023-14070,2024-11-25,CUST-0052,OFF-EN-3005,Office Supplies,2,12.8,0.2,6.8,Central,Consumer,Credit Card
ORD-2023-14804,2024-11-25,CUST-0395,FUR-CH-2001,Furniture,4,648.0,0.1,88.0,Central,Corporate,Credit Card
ORD-2023-15456,2024-11-25,CUST-0539,OFF-AP-3004,Office Supplies,3,255.0,0.0,90.0,East,Consumer,Cash on Delivery
ORD-2024-10525,2024-11-25,CUST-0400,OFF-EN-3005,Office Supplies,1,8.0,0.0,5.0,West,Small Business,Credit Card
ORD-2024-10685,2024-11-25,CUST-0348,OFF-ST-3003,Office Supplies,3,75.0,0.0,33.0,Central,Corporate,Credit Card
ORD-2024-10941,2024-11-25,CUST-0462,OFF-PA-3001,Office Supplies,1,17.1,0.05,8.1,East,Consumer,Credit Card
ORD-2024-10949,2024-11-25,CUST-0557,TEC-MN-1003,Technology,1,300.0,0.0,90.0,West,Consumer,Credit Card
ORD-2024-11879,2024-11-25,CUST-0196,OFF-EN-3005,Office Supplies,2,15.2,0.05,9.2,North,Consumer,Debit Card
ORD-2024-12225,2024-11-25,CUST-0203,FUR-DS-2004,Furniture,2,448.0,0.3,-72.0,South,Consumer,Credit Card
ORD-2024-14113,2024-11-25,CUST-0300,TEC-AC-1004,Technology,1,38.25,0.15,16.25,North,Small Business,UPI
ORD-2024-14925,2024-11-25,CUST-0265,TEC-AC-1004,Technology,2,81.0,0.1,37.0,East,Corporate,UPI
ORD-2024-15365,2024-11-25,CUST-0231,TEC-MN-1003,Technology,2,600.0,0.0,180.0,South,Consumer,Net Banking
ORD-2023-12460,2024-11-26,CUST-0489,TEC-AC-1004,Technology,1,45.0,0.0,23.0,North,Small Business,UPI
ORD-2023-13236,2024-11-26,CUST-0486,OFF-EN-3005,Office Supplies,2,11.2,0.3,5.2,West,Small Business,Cash on Delivery
ORD-2023-13418,2024-11-26,CUST-0043,OFF-PA-3001,Office Supplies,3,54.0,0.0,27.0,West,Corporate,UPI
ORD-2023-13602,2024-11-26,CUST-0588,FUR-DS-2004,Furniture,1,256.0,0.2,-4.0,North,Small Business,Net Banking
ORD-2023-13722,2024-11-26,CUST-0535,FUR-SF-2005,Furniture,2,1040.0,0.2,-60.0,West,Consumer,Debit Card
ORD-2023-14528,2024-11-26,CUST-0095,OFF-AP-3004,Office Supplies,2,136.0,0.2,26.0,North,Consumer,Credit Card
ORD-2024-10259,2024-11-26,CUST-0328,TEC-PR-1005,Technology,1,250.0,0.0,60.0,North,Corporate,Credit Card
ORD-2024-11309,2024-11-26,CUST-0235,OFF-AP-3004,Office Supplies,1,85.0,0.0,30.0,West,Consumer,Net Banking
ORD-2024-11329,2024-11-26,CUST-0150,TEC-MN-1003,Technology,1,270.0,0.1,60.0,South,Corporate,UPI
ORD-2024-11393,2024-11-26,CUST-0507,FUR-TB-2002,Furniture,2,810.0,0.1,30.0,Central,Consumer,Credit Card
ORD-2024-13291,2024-11-26,CUST-0505,OFF-BI-3002,Office Supplies,5,57.0,0.05,32.0,South,Small Business,Debit Card
ORD-2024-13757,2024-11-26,CUST-0206,TEC-PR-1005,Technology,3,750.0,0.0,180.0,North,Small Business,Debit Card
ORD-2024-14021,2024-11-26,CUST-0020,OFF-EN-3005,Office Supplies,3,19.2,0.2,10.2,North,Consumer,Credit Card
ORD-2024-14075,2024-11-26,CUST-0228,OFF-AP-3004,Office Supplies,2,153.0,0.1,43.0,North,Consumer,Cash on Delivery
ORD-2024-14405,2024-11-26,CUST-0295,OFF-ST-3003,Office Supplies,2,47.5,0.05,19.5,North,Consumer,Credit Card
ORD-2024-14691,2024-11-26,CUST-0211,OFF-ST-3003,Office Supplies,2,47.5,0.05,19.5,West,Corporate,Credit Card
ORD-2024-15213,2024-11-26,CUST-0371,FUR-TB-2002,Furniture,2,720.0,0.2,-60.0,North,Corporate,Credit Card
ORD-2024-15291,2024-11-26,CUST-0648,TEC-MN-1003,Technology,3,900.0,0.0,270.0,South,Consumer,UPI
ORD-2023-11548,2024-11-27,CUST-0514,TEC-LP-1002,Technology,1,1200.0,0.0,300.0,West,Corporate,Net Banking
ORD-2023-12142,2024-11-27,CUST-0293,FUR-CH-2001,Furniture,3,432.0,0.2,12.0,East,Corporate,Debit Card
ORD-2023-12446,2024-11-27,CUST-0610,OFF-BI-3002,Office Supplies,3,34.2,0.05,19.2,West,Small Business,UPI
ORD-2023-12512,2024-11-27,CUST-0549,OFF-LA-3006,Office Supplies,3,36.0,0.2,15.0,West,Consumer,UPI
ORD-2023-13556,2024-11-27,CUST-0273,TEC-MN-1003,Technology,2,600.0,0.0,180.0,South,Corporate,Credit Card
ORD-2023-14178,2024-11-27,CUST-0110,FUR-BK-2003,Furniture,2,440.0,0.0,90.0,South,Corporate,Debit Card
ORD-2023-15290,2024-11-27,CUST-0125,OFF-AP-3004,Office Supplies,2,153.0,0.1,43.0,East,Consumer,Credit Card
ORD-2024-10065,2024-11-27,CUST-0574,FUR-DS-2004,Furniture,3,864.0,0.1,84.0,Central,Consumer,Debit Card
ORD-2024-10441,2024-11-27,CUST-0241,TEC-PR-1005,Technology,1,250.0,0.0,60.0,West,Small Business,UPI
ORD-2024-10559,2024-11-27,CUST-0213,FUR-DS-2004,Furniture,1,288.0,0.1,28.0,North,Corporate,Credit Card
ORD-2024-11149,2024-11-27,CUST-0430,OFF-AP-3004,Office Supplies,3,255.0,0.0,90.0,North,Consumer,Credit Card
ORD-2024-11901,2024-11-27,CUST-0340,FUR-SF-2005,Furniture,1,650.0,0.0,100.0,Central,Corporate,Credit Card
ORD-2024-12959,2024-11-27,CUST-0620,FUR-SF-2005,Furniture,2,1040.0,0.2,-60.0,West,Consumer,Credit Card
ORD-2024-13953,2024-11-27,CUST-0300,OFF-ST-3003,Office Supplies,1,25.0,0.0,11.0,North,Small Business,Credit Card
ORD-2024-15217,2024-11-27,CUST-0566,FUR-BK-2003,Furniture,3,462.0,0.3,-63.0,North,Consumer,Credit Card
ORD-2023-10976,2024-11-28,CUST-0234,FUR-TB-2002,Furniture,2,720.0,0.2,-60.0,East,Consumer,UPI
ORD-2023-11242,2024-11-28,CUST-0404,TEC-LP-1002,Technology,1,900.0,0.25,0.0,South,Small Business,Credit Card
ORD-2023-11336,2024-11-28,CUST-0058,OFF-EN-3005,Office Supplies,2,16.0,0.0,10.0,East,Consumer,Credit Card
ORD-2023-11956,2024-11-28,CUST-0328,TEC-HD-1006,Technology,2,220.0,0.0,80.0,North,Corporate,Cash on Delivery
ORD-2023-12084,2024-11-28,CUST-0182,FUR-CH-2001,Furniture,1,180.0,0.0,40.0,East,Corporate,Debit Card
ORD-2023-13744,2024-11-28,CUST-0512,TEC-PR-1005,Technology,2,500.0,0.0,120.0,East,Consumer,Credit Card
ORD-2023-14440,2024-11-28,CUST-0025,OFF-LA-3006,Office Supplies,2,30.0,0.0,16.0,West,Consumer,Credit Card
ORD-2023-15162,2024-11-28,CUST-0112,FUR-DS-2004,Furniture,1,320.0,0.0,60.0,North,Consumer,Debit Card
ORD-2023-15372,2024-11-28,CUST-0620,FUR-TB-2002,Furniture,10,3600.0,0.2,-300.0,West,Consumer,UPI
ORD-2024-10191,2024-11-28,CUST-0537,TEC-PH-1001,Technology,2,1700.0,0.0,500.0,East,Consumer,Credit Card
ORD-2024-10211,2024-11-28,CUST-0610,FUR-SF-2005,Furniture,1,390.0,0.4,-160.0,East,Small Business,Debit Card
ORD-2024-10897,2024-11-28,CUST-0634,OFF-ST-3003,Office Supplies,3,67.5,0.1,25.5,East,Corporate,Cash on Delivery
ORD-2024-10985,2024-11-28,CUST-0587,FUR-CH-2001,Furniture,1,162.0,0.1,22.0,East,Consumer,Net Banking
ORD-2024-11297,2024-11-28,CUST-0623,FUR-DS-2004,Furniture,2,512.0,0.2,-8.0,North,Consumer,Debit Card
ORD-2024-11511,2024-11-28,CUST-0069,TEC-PR-1005,Technology,2,475.0,0.05,95.0,North,Corporate,Credit Card
ORD-2024-11715,2024-11-28,CUST-0069,FUR-TB-2002,Furniture,2,900.0,0.0,120.0,North,Corporate,Credit Card
ORD-2024-11979,2024-11-28,CUST-0306,OFF-EN-3005,Office Supplies,1,7.2,0.1,4.2,South,Consumer,Credit Card
ORD-2024-12233,2024-11-28,CUST-0188,TEC-PH-1001,Technology,2,1700.0,0.0,500.0,North,Consumer,UPI
ORD-2024-13249,2024-11-28,CUST-0105,OFF-BI-3002,Office Supplies,1,12.0,0.0,7.0,Central,Consumer,Debit Card
ORD-2024-14873,2024-11-28,CUST-0278,OFF-AP-3004,Office Supplies,2,161.5,0.05,51.5,North,Consumer,Cash on Delivery
ORD-2023-10018,2024-11-29,CUST-0614,FUR-DS-2004,Furniture,1,192.0,0.4,-68.0,South,Consumer,Credit Card
ORD-2023-10264,2024-11-29,CUST-0571,TEC-MN-1003,Technology,1,300.0,0.0,90.0,North,Consumer,Credit Card
ORD-2023-11004,2024-11-29,CUST-0200,TEC-PH-1001,Technology,3,2422.5,0.05,622.5,North,Consumer,Credit Card
ORD-2023-11460,2024-11-29,CUST-0605,OFF-BI-3002,Office Supplies,1,11.4,0.05,6.4,North,Consumer,Credit Card
ORD-2023-12364,2024-11-29,CUST-0230,TEC-PH-1001,Technology,1,850.0,0.0,250.0,West,Consumer,Credit Card
ORD-2023-12848,2024-11-29,CUST-0588,TEC-PH-1001,Technology,1,850.0,0.0,250.0,North,Small Business,Credit Card
ORD-2023-13064,2024-11-29,CUST-0566,OFF-BI-3002,Office Supplies,8,86.4,0.1,46.4,North,Consumer,Cash on Delivery
ORD-2023-13170,2024-11-29,CUST-0278,TEC-LP-1002,Technology,1,1020.0,0.15,120.0,North,Consumer,Net Banking
ORD-2023-13314,2024-11-29,CUST-0002,OFF-BI-3002,Office Supplies,1,11.4,0.05,6.4,North,Corporate,Credit Card
ORD-2023-13630,2024-11-29,CUST-0313,TEC-PH-1001,Technology,1,850.0,0.0,250.0,West,Consumer,Credit Card
ORD-2023-14238,2024-11-29,CUST-0473,TEC-HD-1006,Technology,3,330.0,0.0,120.0,North,Consumer,Debit Card
ORD-2023-15272,2024-11-29,CUST-0609,OFF-EN-3005,Office Supplies,2,16.0,0.0,10.0,West,Corporate,Credit Card
ORD-2024-10383,2024-11-29,CUST-0090,OFF-PA-3001,Office Supplies,8,144.0,0.0,72.0,South,Corporate,Credit Card
ORD-2024-11713,2024-11-29,CUST-0350,OFF-BI-3002,Office Supplies,2,22.8,0.05,12.8,West,Consumer,Credit Card
ORD-2024-12207,2024-11-29,CUST-0188,FUR-CH-2001,Furniture,2,324.0,0.1,44.0,North,Consumer,Debit Card
ORD-2024-12843,2024-11-29,CUST-0450,FUR-BK-2003,Furniture,1,220.0,0.0,45.0,Central,Consumer,Debit Card
ORD-2024-13531,2024-11-29,CUST-0033,OFF-ST-3003,Office Supplies,1,23.75,0.05,9.75,South,Corporate,Cash on Delivery
ORD-2024-14299,2024-11-29,CUST-0089,OFF-ST-3003,Office Supplies,3,67.5,0.1,25.5,Central,Small Business,Credit Card
ORD-2024-14859,2024-11-29,CUST-0501,OFF-EN-3005,Office Supplies,2,15.2,0.05,9.2,South,Corporate,Debit Card
ORD-2023-10642,2024-11-30,CUST-0055,FUR-BK-2003,Furniture,3,660.0,0.0,135.0,East,Corporate,Debit Card
ORD-2023-10814,2024-11-30,CUST-0042,OFF-LA-3006,Office Supplies,1,15.0,0.0,8.0,North,Consumer,Debit Card
ORD-2023-11018,2024-11-30,CUST-0121,OFF-BI-3002,Office Supplies,2,19.2,0.2,9.2,East,Consumer,Credit Card
ORD-2023-11474,2024-11-30,CUST-0307,OFF-PA-3001,Office Supplies,3,51.3,0.05,24.3,North,Corporate,Credit Card
ORD-2023-12332,2024-11-30,CUST-0127,FUR-CH-2001,Furniture,5,810.0,0.1,110.0,South,Corporate,Net Banking
ORD-2023-13360,2024-11-30,CUST-0157,OFF-ST-3003,Office Supplies,2,47.5,0.05,19.5,Central,Consumer,Credit Card
ORD-2023-13420,2024-11-30,CUST-0438,TEC-MN-1003,Technology,2,600.0,0.0,180.0,East,Small Business,Credit Card
ORD-2023-13786,2024-11-30,CUST-0462,FUR-TB-2002,Furniture,2,720.0,0.2,-60.0,East,Consumer,Net Banking
ORD-2023-14912,2024-11-30,CUST-0069,FUR-DS-2004,Furniture,4,1152.0,0.1,112.0,North,Corporate,Credit Card
ORD-2023-15144,2024-11-30,CUST-0183,FUR-SF-2005,Furniture,1,455.0,0.3,-95.0,East,Consumer,UPI
ORD-2024-10099,2024-11-30,CUST-0314,FUR-SF-2005,Furniture,4,2080.0,0.2,-120.0,North,Corporate,Credit Card
ORD-2024-10863,2024-11-30,CUST-0312,OFF-ST-3003,Office Supplies,2,47.5,0.05,19.5,North,Corporate,Credit Card
ORD-2024-12623,2024-11-30,CUST-0254,FUR-TB-2002,Furniture,2,720.0,0.2,-60.0,North,Corporate,Credit Card
ORD-2023-10038,2024-12-01,CUST-0155,OFF-LA-3006,Office Supplies,2,27.0,0.1,13.0,East,Corporate,Debit Card
ORD-2023-10232,2024-12-01,CUST-0090,OFF-LA-3006,Office Supplies,2,30.0,0.0,16.0,South,Corporate,Credit Card
ORD-2023-10592,2024-12-01,CUST-0115,OFF-EN-3005,Office Supplies,1,8.0,0.0,5.0,South,Consumer,Net Banking
ORD-2023-11446,2024-12-01,CUST-0161,OFF-LA-3006,Office Supplies,2,24.0,0.2,10.0,East,Corporate,Debit Card
ORD-2023-11874,2024-12-01,CUST-0229,TEC-AC-1004,Technology,1,45.0,0.0,23.0,East,Small Business,Debit Card
ORD-2023-12386,2024-12-01,CUST-0274,TEC-MN-1003,Technology,1,300.0,0.0,90.0,West,Consumer,UPI
ORD-2023-12766,2024-12-01,CUST-0316,FUR-TB-2002,Furniture,5,2250.0,0.0,300.0,North,Consumer,UPI
ORD-2023-13606,2024-12-01,CUST-0019,OFF-EN-3005,Office Supplies,2,15.2,0.05,9.2,Central,Corporate,Cash on Delivery
ORD-2023-14094,2024-12-01,CUST-0318,FUR-TB-2002,Furniture,1,450.0,0.0,60.0,East,Corporate,UPI
ORD-2023-14886,2024-12-01,CUST-0067,OFF-ST-3003,Office Supplies,2,47.5,0.05,19.5,West,Small Business,Cash on Delivery
ORD-2023-14998,2024-12-01,CUST-0540,FUR-TB-2002,Furniture,1,405.0,0.1,15.0,East,Corporate,Debit Card
ORD-2023-15010,2024-12-01,CUST-0254,FUR-SF-2005,Furniture,4,2600.0,0.0,400.0,West,Corporate,UPI
ORD-2024-10683,2024-12-01,CUST-0510,TEC-AC-1004,Technology,1,45.0,0.0,23.0,West,Consumer,Debit Card
ORD-2024-10687,2024-12-01,CUST-0077,OFF-ST-3003,Office Supplies,2,50.0,0.0,22.0,East,Small Business,Credit Card
ORD-2024-10911,2024-12-01,CUST-0291,FUR-SF-2005,Furniture,1,585.0,0.1,35.0,North,Consumer,Cash on Delivery
ORD-2024-11037,2024-12-01,CUST-0100,OFF-LA-3006,Office Supplies,2,30.0,0.0,16.0,East,Consumer,Cash on Delivery
ORD-2024-12369,2024-12-01,CUST-0292,OFF-ST-3003,Office Supplies,2,35.0,0.3,7.0,North,Consumer,Net Banking
ORD-2024-12381,2024-12-01,CUST-0395,OFF-BI-3002,Office Supplies,2,24.0,0.0,14.0,Central,Corporate,Debit Card
ORD-2024-12443,2024-12-01,CUST-0252,TEC-PH-1001,Technology,1,807.5,0.05,207.5,Central,Consumer,Credit Card
ORD-2024-12703,2024-12-01,CUST-0265,OFF-EN-3005,Office Supplies,2,14.4,0.1,8.4,East,Corporate,Debit Card
ORD-2024-13075,2024-12-01,CUST-0217,TEC-LP-1002,Technology,5,5700.0,0.05,1200.0,East,Corporate,Cash on Delivery
ORD-2024-13607,2024-12-01,CUST-0188,TEC-LP-1002,Technology,1,1200.0,0.0,300.0,North,Consumer,UPI
ORD-2024-13745,2024-12-01,CUST-0213,FUR-BK-2003,Furniture,1,220.0,0.0,45.0,North,Corporate,Debit Card
ORD-2024-13787,2024-12-01,CUST-0047,OFF-PA-3001,Office Supplies,5,85.5,0.05,40.5,Central,Consumer,Credit Card
ORD-2024-14189,2024-12-01,CUST-0307,TEC-MN-1003,Technology,1,300.0,0.0,90.0,North,Corporate,Debit Card
ORD-2024-14343,2024-12-01,CUST-0485,OFF-LA-3006,Office Supplies,2,30.0,0.0,16.0,East,Small Business,UPI
ORD-2024-15303,2024-12-01,CUST-0577,FUR-TB-2002,Furniture,2,630.0,0.3,-150.0,West,Corporate,Debit Card
ORD-2023-10386,2024-12-02,CUST-0200,TEC-PR-1005,Technology,2,450.0,0.1,70.0,North,Consumer,Credit Card
ORD-2023-11876,2024-12-02,CUST-0025,TEC-HD-1006,Technology,1,104.5,0.05,34.5,West,Consumer,UPI
ORD-2023-12956,2024-12-02,CUST-0216,OFF-PA-3001,Office Supplies,2,28.8,0.2,10.8,East,Small Business,UPI
ORD-2023-14132,2024-12-02,CUST-0573,TEC-AC-1004,Technology,5,168.75,0.25,58.75,East,Consumer,Credit Card
ORD-2024-10011,2024-12-02,CUST-0056,TEC-LP-1002,Technology,1,1080.0,0.1,180.0,South,Small Business,Debit Card
ORD-2024-10419,2024-12-02,CUST-0421,TEC-MN-1003,Technology,2,540.0,0.1,120.0,West,Consumer,Net Banking
ORD-2024-10965,2024-12-02,CUST-0441,TEC-LP-1002,Technology,1,1200.0,0.0,300.0,North,Consumer,Credit Card
ORD-2024-11029,2024-12-02,CUST-0400,TEC-PR-1005,Technology,1,250.0,0.0,60.0,West,Small Business,UPI
ORD-2024-11131,2024-12-02,CUST-0025,TEC-AC-1004,Technology,3,114.75,0.15,48.75,West,Consumer,Credit Card
ORD-2024-11237,2024-12-02,CUST-0358,FUR-CH-2001,Furniture,5,720.0,0.2,20.0,Central,Consumer,Credit Card
ORD-2024-12263,2024-12-02,CUST-0172,TEC-MN-1003,Technology,1,300.0,0.0,90.0,North,Consumer,Credit Card
ORD-2024-12487,2024-12-02,CUST-0642,TEC-MN-1003,Technology,1,285.0,0.05,75.0,West,Consumer,Credit Card
ORD-2024-13391,2024-12-02,CUST-0407,OFF-LA-3006,Office Supplies,1,14.25,0.05,7.25,North,Corporate,UPI
ORD-2024-14231,2024-12-02,CUST-0549,FUR-CH-2001,Furniture,2,252.0,0.3,-28.0,West,Consumer,UPI
ORD-2024-14449,2024-12-02,CUST-0255,OFF-AP-3004,Office Supplies,1,76.5,0.1,21.5,West,Consumer,Net Banking
ORD-2024-15491,2024-12-02,CUST-0575,OFF-AP-3004,Office Supplies,2,170.0,0.0,60.0,West,Consumer,UPI
ORD-2023-10068,2024-12-03,CUST-0085,FUR-DS-2004,Furniture,1,224.0,0.3,-36.0,South,Small Business,UPI
ORD-2023-10172,2024-12-03,CUST-0555,OFF-BI-3002,Office Supplies,2,22.8,0.05,12.8,East,Small Business,Credit Card
ORD-2023-10556,2024-12-03,CUST-0645,FUR-DS-2004,Furniture,1,256.0,0.2,-4.0,East,Corporate,Net Banking
ORD-2023-11648,2024-12-03,CUST-0135,FUR-CH-2001,Furniture,4,432.0,0.4,-128.0,South,Corporate,Debit Card
ORD-2023-12528,2024-12-03,CUST-0502,TEC-HD-1006,Technology,5,550.0,0.0,200.0,North,Consumer,Net Banking
ORD-2023-12954,2024-12-03,CUST-0043,FUR-DS-2004,Furniture,2,512.0,0.2,-8.0,West,Corporate,UPI
ORD-2023-13246,2024-12-03,CUST-0530,FUR-BK-2003,Furniture,2,440.0,0.0,90.0,South,Consumer,UPI
ORD-2023-13296,2024-12-03,CUST-0011,FUR-SF-2005,Furniture,1,520.0,0.2,-30.0,North,Corporate,UPI
ORD-2023-13536,2024-12-03,CUST-0489,OFF-AP-3004,Office Supplies,2,161.5,0.05,51.5,North,Small Business,UPI
ORD-2023-14112,2024-12-03,CUST-0429,TEC-AC-1004,Technology,2,90.0,0.0,46.0,East,Consumer,UPI
ORD-2024-10681,2024-12-03,CUST-0568,OFF-BI-3002,Office Supplies,1,12.0,0.0,7.0,South,Consumer,UPI
ORD-2024-11639,2024-12-03,CUST-0286,FUR-TB-2002,Furniture,2,810.0,0.1,30.0,South,Consumer,Debit Card
ORD-2024-11981,2024-12-03,CUST-0340,FUR-CH-2001,Furniture,1,144.0,0.2,4.0,Central,Corporate,UPI
ORD-2024-12129,2024-12-03,CUST-0574,OFF-EN-3005,Office Supplies,3,22.8,0.05,13.8,North,Consumer,Cash on Delivery
ORD-2024-13085,2024-12-03,CUST-0124,TEC-LP-1002,Technology,2,2160.0,0.1,360.0,North,Consumer,Net Banking
ORD-2024-13893,2024-12-03,CUST-0194,FUR-TB-2002,Furniture,2,900.0,0.0,120.0,South,Consumer,Net Banking
ORD-2024-14119,2024-12-03,CUST-0420,OFF-PA-3001,Office Supplies,2,34.2,0.05,16.2,North,Consumer,Credit Card
ORD-2023-11048,2024-12-04,CUST-0416,OFF-ST-3003,Office Supplies,1,22.5,0.1,8.5,North,Corporate,Credit Card
ORD-2023-11766,2024-12-04,CUST-0404,OFF-BI-3002,Office Supplies,1,11.4,0.05,6.4,South,Small Business,Net Banking
ORD-2023-12068,2024-12-04,CUST-0364,OFF-PA-3001,Office Supplies,3,54.0,0.0,27.0,Central,Consumer,Cash on Delivery
ORD-2023-12308,2024-12-04,CUST-0507,TEC-PH-1001,Technology,1,807.5,0.05,207.5,Central,Consumer,Credit Card
ORD-2023-12476,2024-12-04,CUST-0148,FUR-CH-2001,Furniture,1,144.0,0.2,4.0,South,Small Business,Debit Card
ORD-2023-12546,2024-12-04,CUST-0028,FUR-DS-2004,Furniture,3,960.0,0.0,180.0,South,Corporate,Debit Card
ORD-2024-10617,2024-12-04,CUST-0624,OFF-LA-3006,Office Supplies,1,14.25,0.05,7.25,South,Corporate,Credit Card
ORD-2024-10717,2024-12-04,CUST-0522,OFF-PA-3001,Office Supplies,1,18.0,0.0,9.0,West,Consumer,UPI
ORD-2024-10919,2024-12-04,CUST-0060,TEC-PR-1005,Technology,1,250.0,0.0,60.0,Central,Consumer,UPI
ORD-2024-10963,2024-12-04,CUST-0522,OFF-AP-3004,Office Supplies,1,80.75,0.05,25.75,West,Consumer,Credit Card
ORD-2024-11381,2024-12-04,CUST-0482,OFF-EN-3005,Office Supplies,1,7.2,0.1,4.2,West,Consumer,Credit Card
ORD-2024-12299,2024-12-04,CUST-0529,OFF-AP-3004,Office Supplies,1,76.5,0.1,21.5,North,Small Business,Cash on Delivery
ORD-2024-12547,2024-12-04,CUST-0319,OFF-EN-3005,Office Supplies,1,7.2,0.1,4.2,South,Consumer,Debit Card
ORD-2024-12627,2024-12-04,CUST-0090,OFF-LA-3006,Office Supplies,3,42.75,0.05,21.75,South,Corporate,Debit Card
ORD-2024-12893,2024-12-04,CUST-0023,OFF-PA-3001,Office Supplies,3,51.3,0.05,24.3,West,Consumer,Credit Card
ORD-2024-13319,2024-12-04,CUST-0127,FUR-SF-2005,Furniture,3,1365.0,0.3,-285.0,South,Corporate,UPI
ORD-2024-13567,2024-12-04,CUST-0138,OFF-EN-3005,Office Supplies,2,12.8,0.2,6.8,Central,Small Business,Debit Card
ORD-2024-13711,2024-12-04,CUST-0440,OFF-LA-3006,Office Supplies,1,15.0,0.0,8.0,North,Corporate,Debit Card
ORD-2024-13985,2024-12-04,CUST-0642,OFF-ST-3003,Office Supplies,2,45.0,0.1,17.0,West,Consumer,Debit Card
ORD-2024-15079,2024-12-04,CUST-0270,OFF-ST-3003,Office Supplies,1,25.0,0.0,11.0,South,Small Business,Debit Card
ORD-2023-10202,2024-12-05,CUST-0644,OFF-BI-3002,Office Supplies,5,60.0,0.0,35.0,North,Consumer,Cash on Delivery
ORD-2023-11478,2024-12-05,CUST-0345,FUR-DS-2004,Furniture,2,640.0,0.0,120.0,South,Consumer,Credit Card
ORD-2023-11492,2024-12-05,CUST-0597,FUR-CH-2001,Furniture,1,162.0,0.1,22.0,East,Consumer,Credit Card
ORD-2023-11668,2024-12-05,CUST-0039,OFF-BI-3002,Office Supplies,2,22.8,0.05,12.8,West,Corporate,Credit Card
ORD-2023-11950,2024-12-05,CUST-0282,OFF-ST-3003,Office Supplies,1,25.0,0.0,11.0,North,Small Business,Credit Card
ORD-2023-13090,2024-12-05,CUST-0588,TEC-MN-1003,Technology,2,600.0,0.0,180.0,North,Small Business,Debit Card
ORD-2023-13374,2024-12-05,CUST-0212,FUR-DS-2004,Furniture,1,256.0,0.2,-4.0,North,Corporate,Debit Card
ORD-2023-14988,2024-12-05,CUST-0376,TEC-AC-1004,Technology,2,76.5,0.15,32.5,North,Corporate,Credit Card
ORD-2024-10495,2024-12-05,CUST-0045,FUR-TB-2002,Furniture,3,1215.0,0.1,45.0,South,Consumer,UPI
ORD-2024-10633,2024-12-05,CUST-0153,FUR-SF-2005,Furniture,8,4160.0,0.2,-240.0,East,Consumer,UPI
ORD-2024-10823,2024-12-05,CUST-0217,TEC-PH-1001,Technology,1,850.0,0.0,250.0,South,Corporate,Credit Card
ORD-2024-11011,2024-12-05,CUST-0079,FUR-CH-2001,Furniture,8,1296.0,0.1,176.0,West,Consumer,UPI
ORD-2024-11969,2024-12-05,CUST-0232,OFF-BI-3002,Office Supplies,2,22.8,0.05,12.8,North,Consumer,Debit Card
ORD-2024-12079,2024-12-05,CUST-0006,OFF-PA-3001,Office Supplies,1,18.0,0.0,9.0,North,Consumer,Credit Card
ORD-2024-13587,2024-12-05,CUST-0257,FUR-BK-2003,Furniture,2,396.0,0.1,46.0,West,Consumer,Credit Card
ORD-2024-13921,2024-12-05,CUST-0006,TEC-LP-1002,Technology,1,1200.0,0.0,300.0,South,Consumer,UPI
ORD-2024-14601,2024-12-05,CUST-0211,OFF-EN-3005,Office Supplies,2,14.4,0.1,8.4,West,Corporate,Credit Card
ORD-2024-14891,2024-12-05,CUST-0340,TEC-PH-1001,Technology,2,1530.0,0.1,330.0,West,Corporate,Debit Card
ORD-2024-15449,2024-12-05,CUST-0441,TEC-PR-1005,Technology,3,712.5,0.05,142.5,North,Consumer,Credit Card
ORD-2023-10014,2024-12-06,CUST-0405,OFF-PA-3001,Office Supplies,3,48.6,0.1,21.6,West,Consumer,Credit Card
ORD-2023-10188,2024-12-06,CUST-0381,OFF-ST-3003,Office Supplies,4,95.0,0.05,39.0,South,Small Business,Debit Card
ORD-2023-11622,2024-12-06,CUST-0498,FUR-CH-2001,Furniture,3,432.0,0.2,12.0,North,Consumer,Credit Card
ORD-2023-11944,2024-12-06,CUST-0519,OFF-AP-3004,Office Supplies,2,161.5,0.05,51.5,North,Consumer,Credit Card
ORD-2023-12262,2024-12-06,CUST-0583,TEC-PH-1001,Technology,2,1700.0,0.0,500.0,North,Consumer,Cash on Delivery
ORD-2023-12284,2024-12-06,CUST-0070,TEC-PR-1005,Technology,2,450.0,0.1,70.0,North,Corporate,Credit Card
ORD-2023-14336,2024-12-06,CUST-0160,TEC-HD-1006,Technology,3,280.5,0.15,70.5,Central,Corporate,Net Banking
ORD-2023-14704,2024-12-06,CUST-0112,TEC-HD-1006,Technology,1,110.0,0.0,40.0,North,Consumer,Credit Card
ORD-2024-10267,2024-12-06,CUST-0528,TEC-MN-1003,Technology,3,855.0,0.05,225.0,East,Consumer,Debit Card
ORD-2024-11779,2024-12-06,CUST-0031,FUR-TB-2002,Furniture,1,360.0,0.2,-30.0,North,Consumer,Debit Card
ORD-2024-11893,2024-12-06,CUST-0618,OFF-AP-3004,Office Supplies,4,323.0,0.05,103.0,Central,Corporate,Net Banking
ORD-2024-12777,2024-12-06,CUST-0241,FUR-SF-2005,Furniture,1,585.0,0.1,35.0,North,Small Business,Debit Card
ORD-2024-14095,2024-12-06,CUST-0605,OFF-EN-3005,Office Supplies,1,6.4,0.2,3.4,North,Consumer,Net Banking
ORD-2024-14543,2024-12-06,CUST-0534,FUR-SF-2005,Furniture,2,1040.0,0.2,-60.0,North,Small Business,UPI
ORD-2024-14983,2024-12-06,CUST-0514,FUR-DS-2004,Furniture,1,288.0,0.1,28.0,West,Corporate,Cash on Delivery
ORD-2024-15455,2024-12-06,CUST-0161,OFF-LA-3006,Office Supplies,2,30.0,0.0,16.0,East,Corporate,Cash on Delivery
ORD-2023-10154,2024-12-07,CUST-0198,TEC-AC-1004,Technology,2,85.5,0.05,41.5,West,Corporate,Credit Card
ORD-2023-10546,2024-12-07,CUST-0153,FUR-CH-2001,Furniture,1,144.0,0.2,4.0,South,Consumer,UPI
ORD-2023-10792,2024-12-07,CUST-0086,FUR-DS-2004,Furniture,2,448.0,0.3,-72.0,Central,Corporate,Credit Card
ORD-2023-10854,2024-12-07,CUST-0079,FUR-DS-2004,Furniture,5,1600.0,0.0,300.0,West,Consumer,Debit Card
ORD-2023-10938,2024-12-07,CUST-0015,TEC-PH-1001,Technology,8,6120.0,0.1,1320.0,South,Consumer,Credit Card
ORD-2023-11246,2024-12-07,CUST-0194,TEC-MN-1003,Technology,3,855.0,0.05,225.0,West,Consumer,Net Banking
ORD-2023-11362,2024-12-07,CUST-0119,FUR-CH-2001,Furniture,1,144.0,0.2,4.0,East,Consumer,Credit Card
ORD-2023-11582,2024-12-07,CUST-0598,TEC-HD-1006,Technology,3,313.5,0.05,103.5,Central,Corporate,UPI
ORD-2023-12226,2024-12-07,CUST-0284,TEC-LP-1002,Technology,2,2400.0,0.0,600.0,North,Corporate,Net Banking
ORD-2023-12932,2024-12-07,CUST-0531,OFF-LA-3006,Office Supplies,2,28.5,0.05,14.5,Central,Corporate,Debit Card
ORD-2023-13088,2024-12-07,CUST-0136,FUR-CH-2001,Furniture,3,432.0,0.2,12.0,South,Small Business,Credit Card
ORD-2023-13916,2024-12-07,CUST-0125,FUR-DS-2004,Furniture,1,192.0,0.4,-68.0,East,Consumer,Credit Card
ORD-2023-14306,2024-12-07,CUST-0600,TEC-PR-1005,Technology,1,237.5,0.05,47.5,Central,Consumer,Debit Card
ORD-2023-14926,2024-12-07,CUST-0124,FUR-CH-2001,Furniture,3,540.0,0.0,120.0,North,Consumer,Credit Card
ORD-2023-15292,2024-12-07,CUST-0445,TEC-PH-1001,Technology,2,1700.0,0.0,500.0,Central,Consumer,UPI
ORD-2024-10255,2024-12-07,CUST-0559,OFF-ST-3003,Office Supplies,1,25.0,0.0,11.0,East,Corporate,Credit Card
ORD-2024-10359,2024-12-07,CUST-0633,FUR-BK-2003,Furniture,1,198.0,0.1,23.0,East,Corporate,Cash on Delivery
ORD-2024-10775,2024-12-07,CUST-0356,FUR-BK-2003,Furniture,1,176.0,0.2,1.0,North,Corporate,UPI
ORD-2024-10921,2024-12-07,CUST-0498,TEC-AC-1004,Technology,1,42.75,0.05,20.75,North,Consumer,Credit Card
ORD-2024-11841,2024-12-07,CUST-0417,OFF-EN-3005,Office Supplies,3,24.0,0.0,15.0,West,Small Business,Net Banking
ORD-2024-13353,2024-12-07,CUST-0340,OFF-ST-3003,Office Supplies,2,40.0,0.2,12.0,Central,Corporate,Debit Card
ORD-2024-13847,2024-12-07,CUST-0080,TEC-MN-1003,Technology,1,300.0,0.0,90.0,East,Consumer,Net Banking
ORD-2024-14547,2024-12-07,CUST-0338,FUR-TB-2002,Furniture,1,450.0,0.0,60.0,Central,Small Business,UPI
ORD-2023-10102,2024-12-08,CUST-0425,TEC-MN-1003,Technology,3,765.0,0.15,135.0,North,Corporate,Debit Card
ORD-2023-10380,2024-12-08,CUST-0464,FUR-TB-2002,Furniture,1,360.0,0.2,-30.0,North,Consumer,Credit Card
ORD-2023-10680,2024-12-08,CUST-0507,TEC-HD-1006,Technology,2,220.0,0.0,80.0,Central,Consumer,Net Banking
ORD-2023-11016,2024-12-08,CUST-0200,OFF-LA-3006,Office Supplies,4,60.0,0.0,32.0,North,Consumer,Credit Card
ORD-2023-11154,2024-12-08,CUST-0370,TEC-PR-1005,Technology,2,475.0,0.05,95.0,North,Corporate,Credit Card
ORD-2023-11358,2024-12-08,CUST-0009,TEC-MN-1003,Technology,4,1020.0,0.15,180.0,West,Consumer,Credit Card
ORD-2023-11652,2024-12-08,CUST-0450,OFF-AP-3004,Office Supplies,2,170.0,0.0,60.0,Central,Consumer,Credit Card
ORD-2023-12550,2024-12-08,CUST-0050,TEC-MN-1003,Technology,1,300.0,0.0,90.0,North,Corporate,Debit Card
ORD-2023-12998,2024-12-08,CUST-0192,FUR-TB-2002,Furniture,2,810.0,0.1,30.0,West,Corporate,Credit Card
ORD-2023-13206,2024-12-08,CUST-0040,FUR-SF-2005,Furniture,1,650.0,0.0,100.0,West,Consumer,Debit Card
ORD-2023-14100,2024-12-08,CUST-0428,OFF-ST-3003,Office Supplies,3,71.25,0.05,29.25,East,Corporate,Cash on Delivery
ORD-2023-14280,2024-12-08,CUST-0559,FUR-SF-2005,Furniture,2,1300.0,0.0,200.0,South,Corporate,Net Banking
ORD-2023-14752,2024-12-08,CUST-0586,TEC-LP-1002,Technology,8,7200.0,0.25,0.0,Central,Corporate,Credit Card
ORD-2023-15438,2024-12-08,CUST-0578,OFF-BI-3002,Office Supplies,1,12.0,0.0,7.0,East,Corporate,Cash on Delivery
ORD-2024-11017,2024-12-08,CUST-0300,FUR-BK-2003,Furniture,3,528.0,0.2,3.0,North,Small Business,Debit Card
ORD-2023-10384,2024-12-09,CUST-0017,OFF-BI-3002,Office Supplies,2,24.0,0.0,14.0,North,Corporate,UPI
ORD-2023-10398,2024-12-09,CUST-0265,TEC-MN-1003,Technology,5,1425.0,0.05,375.0,East,Corporate,Debit Card
ORD-2023-11920,2024-12-09,CUST-0528,FUR-CH-2001,Furniture,3,432.0,0.2,12.0,East,Consumer,Net Banking
ORD-2023-12310,2024-12-09,CUST-0416,FUR-TB-2002,Furniture,1,405.0,0.1,15.0,North,Corporate,Credit Card
ORD-2023-12480,2024-12-09,CUST-0425,OFF-AP-3004,Office Supplies,1,80.75,0.05,25.75,North,Corporate,Debit Card
ORD-2023-14394,2024-12-09,CUST-0055,TEC-PH-1001,Technology,1,850.0,0.0,250.0,East,Corporate,Cash on Delivery
ORD-2023-14562,2024-12-09,CUST-0647,OFF-ST-3003,Office Supplies,2,47.5,0.05,19.5,North,Consumer,Credit Card
ORD-2023-15116,2024-12-09,CUST-0097,FUR-DS-2004,Furniture,2,384.0,0.4,-136.0,East,Consumer,UPI
ORD-2024-10137,2024-12-09,CUST-0061,OFF-ST-3003,Office Supplies,2,50.0,0.0,22.0,North,Consumer,Credit Card
ORD-2024-10253,2024-12-09,CUST-0197,TEC-MN-1003,Technology,1,300.0,0.0,90.0,North,Consumer,Credit Card
ORD-2024-10679,2024-12-09,CUST-0162,OFF-ST-3003,Office Supplies,3,60.0,0.2,18.0,East,Corporate,Credit Card
ORD-2024-11409,2024-12-09,CUST-0080,OFF-BI-3002,Office Supplies,2,22.8,0.05,12.8,East,Consumer,Debit Card
ORD-2024-11555,2024-12-09,CUST-0647,OFF-ST-3003,Office Supplies,1,25.0,0.0,11.0,North,Consumer,Credit Card
ORD-2024-12783,2024-12-09,CUST-0120,FUR-BK-2003,Furniture,4,792.0,0.1,92.0,Central,Corporate,Credit Card
ORD-2024-13205,2024-12-09,CUST-0540,FUR-BK-2003,Furniture,4,792.0,0.1,92.0,East,Corporate,UPI
ORD-2024-13883,2024-12-09,CUST-0010,TEC-LP-1002,Technology,2,2400.0,0.0,600.0,East,Corporate,Credit Card
ORD-2024-14005,2024-12-09,CUST-0083,OFF-ST-3003,Office Supplies,5,125.0,0.0,55.0,Central,Consumer,UPI
ORD-2024-14595,2024-12-09,CUST-0241,FUR-SF-2005,Furniture,5,2925.0,0.1,175.0,North,Small Business,Debit Card
ORD-2024-15187,2024-12-09,CUST-0471,OFF-PA-3001,Office Supplies,1,14.4,0.2,5.4,North,Consumer,Credit Card
ORD-2023-10182,2024-12-10,CUST-0303,OFF-LA-3006,Office Supplies,1,14.25,0.05,7.25,South,Corporate,Debit Card
ORD-2023-10458,2024-12-10,CUST-0566,TEC-HD-1006,Technology,1,99.0,0.1,29.0,North,Consumer,UPI
ORD-2023-11208,2024-12-10,CUST-0157,TEC-LP-1002,Technology,1,1080.0,0.1,180.0,East,Consumer,UPI
ORD-2023-11918,2024-12-10,CUST-0517,OFF-ST-3003,Office Supplies,3,71.25,0.05,29.25,East,Consumer,Credit Card
ORD-2023-11984,2024-12-10,CUST-0021,FUR-DS-2004,Furniture,4,1024.0,0.2,-16.0,North,Consumer,Credit Card
ORD-2023-12250,2024-12-10,CUST-0098,TEC-LP-1002,Technology,2,2280.0,0.05,480.0,Central,Consumer,Debit Card
ORD-2023-13568,2024-12-10,CUST-0645,TEC-HD-1006,Technology,1,110.0,0.0,40.0,East,Corporate,Debit Card
ORD-2023-13962,2024-12-10,CUST-0332,TEC-PR-1005,Technology,10,2500.0,0.0,600.0,South,Corporate,UPI
ORD-2023-14564,2024-12-10,CUST-0367,FUR-TB-2002,Furniture,3,1080.0,0.2,-90.0,South,Corporate,Debit Card
ORD-2023-15436,2024-12-10,CUST-0288,OFF-LA-3006,Office Supplies,1,15.0,0.0,8.0,East,Consumer,Credit Card
ORD-2024-10043,2024-12-10,CUST-0064,OFF-LA-3006,Office Supplies,1,14.25,0.05,7.25,North,Consumer,Cash on Delivery
ORD-2024-10409,2024-12-10,CUST-0325,FUR-CH-2001,Furniture,1,180.0,0.0,40.0,North,Corporate,UPI
ORD-2024-11217,2024-12-10,CUST-0543,OFF-BI-3002,Office Supplies,2,21.6,0.1,11.6,East,Consumer,Credit Card
ORD-2024-11529,2024-12-10,CUST-0498,OFF-BI-3002,Office Supplies,1,12.0,0.0,7.0,North,Consumer,UPI
ORD-2024-11819,2024-12-10,CUST-0440,OFF-AP-3004,Office Supplies,1,85.0,0.0,30.0,North,Corporate,UPI
ORD-2024-12681,2024-12-10,CUST-0349,OFF-PA-3001,Office Supplies,2,36.0,0.0,18.0,East,Small Business,Debit Card
ORD-2024-14013,2024-12-10,CUST-0394,TEC-AC-1004,Technology,1,45.0,0.0,23.0,Central,Corporate,Credit Card
ORD-2024-14287,2024-12-10,CUST-0343,TEC-AC-1004,Technology,2,67.5,0.25,23.5,West,Small Business,Credit Card
ORD-2024-14531,2024-12-10,CUST-0235,FUR-BK-2003,Furniture,1,198.0,0.1,23.0,North,Consumer,Credit Card
ORD-2024-14835,2024-12-10,CUST-0237,OFF-ST-3003,Office Supplies,1,22.5,0.1,8.5,East,Consumer,Credit Card
ORD-2024-15255,2024-12-10,CUST-0130,FUR-DS-2004,Furniture,4,1024.0,0.2,-16.0,North,Consumer,Credit Card
ORD-2023-10364,2024-12-11,CUST-0465,TEC-PH-1001,Technology,2,1700.0,0.0,500.0,East,Consumer,Cash on Delivery
ORD-2023-10450,2024-12-11,CUST-0009,TEC-PR-1005,Technology,1,250.0,0.0,60.0,East,Consumer,UPI
ORD-2023-11210,2024-12-11,CUST-0541,TEC-MN-1003,Technology,8,2040.0,0.15,360.0,North,Consumer,Debit Card
ORD-2023-11500,2024-12-11,CUST-0007,FUR-SF-2005,Furniture,2,1300.0,0.0,200.0,North,Consumer,Debit Card
ORD-2023-11898,2024-12-11,CUST-0345,OFF-ST-3003,Office Supplies,1,23.75,0.05,9.75,North,Consumer,Credit Card
ORD-2023-13144,2024-12-11,CUST-0089,FUR-TB-2002,Furniture,1,405.0,0.1,15.0,East,Small Business,UPI
ORD-2023-13160,2024-12-11,CUST-0011,TEC-HD-1006,Technology,2,220.0,0.0,80.0,North,Corporate,Debit Card
ORD-2023-13308,2024-12-11,CUST-0551,TEC-PR-1005,Technology,1,250.0,0.0,60.0,East,Consumer,UPI
ORD-2023-13696,2024-12-11,CUST-0450,FUR-TB-2002,Furniture,2,720.0,0.2,-60.0,Central,Consumer,Debit Card
ORD-2023-13984,2024-12-11,CUST-0465,OFF-ST-3003,Office Supplies,1,25.0,0.0,11.0,East,Consumer,UPI
ORD-2023-14670,2024-12-11,CUST-0030,OFF-ST-3003,Office Supplies,2,47.5,0.05,19.5,West,Corporate,Credit Card
ORD-2023-14882,2024-12-11,CUST-0416,OFF-AP-3004,Office Supplies,2,161.5,0.05,51.5,North,Corporate,Credit Card
ORD-2024-10147,2024-12-11,CUST-0157,OFF-ST-3003,Office Supplies,3,71.25,0.05,29.25,Central,Consumer,Credit Card
ORD-2024-10159,2024-12-11,CUST-0328,OFF-PA-3001,Office Supplies,1,14.4,0.2,5.4,North,Corporate,Credit Card
ORD-2024-11223,2024-12-11,CUST-0123,TEC-HD-1006,Technology,4,440.0,0.0,160.0,Central,Small Business,Debit Card
ORD-2024-12235,2024-12-11,CUST-0032,TEC-HD-1006,Technology,1,104.5,0.05,34.5,West,Consumer,Credit Card
ORD-2024-12275,2024-12-11,CUST-0392,FUR-BK-2003,Furniture,2,396.0,0.1,46.0,East,Consumer,Cash on Delivery
ORD-2024-13053,2024-12-11,CUST-0241,TEC-PR-1005,Technology,3,712.5,0.05,142.5,North,Small Business,Credit Card
ORD-2024-13233,2024-12-11,CUST-0231,FUR-SF-2005,Furniture,1,585.0,0.1,35.0,South,Consumer,Credit Card
ORD-2024-13979,2024-12-11,CUST-0498,FUR-DS-2004,Furniture,1,192.0,0.4,-68.0,North,Consumer,UPI
ORD-2023-10914,2024-12-12,CUST-0542,OFF-EN-3005,Office Supplies,8,64.0,0.0,40.0,North,Small Business,Credit Card
ORD-2023-11264,2024-12-12,CUST-0309,FUR-SF-2005,Furniture,2,780.0,0.4,-320.0,Central,Consumer,Debit Card
ORD-2023-12216,2024-12-12,CUST-0498,OFF-EN-3005,Office Supplies,2,15.2,0.05,9.2,South,Consumer,Credit Card
ORD-2023-13324,2024-12-12,CUST-0606,OFF-EN-3005,Office Supplies,4,28.8,0.1,16.8,South,Small Business,Credit Card
ORD-2023-13514,2024-12-12,CUST-0418,TEC-MN-1003,Technology,3,810.0,0.1,180.0,North,Consumer,Credit Card
ORD-2024-11275,2024-12-12,CUST-0610,TEC-LP-1002,Technology,1,1080.0,0.1,180.0,West,Small Business,Credit Card
ORD-2024-11835,2024-12-12,CUST-0534,TEC-HD-1006,Technology,1,104.5,0.05,34.5,East,Small Business,Net Banking
ORD-2024-11931,2024-12-12,CUST-0473,FUR-BK-2003,Furniture,2,440.0,0.0,90.0,North,Consumer,UPI
ORD-2024-13093,2024-12-12,CUST-0096,OFF-ST-3003,Office Supplies,3,60.0,0.2,18.0,South,Consumer,Credit Card
ORD-2023-10640,2024-12-13,CUST-0514,TEC-AC-1004,Technology,2,85.5,0.05,41.5,West,Corporate,Credit Card
ORD-2023-13896,2024-12-13,CUST-0399,FUR-TB-2002,Furniture,4,1260.0,0.3,-300.0,West,Consumer,Debit Card
ORD-2023-14742,2024-12-13,CUST-0629,FUR-CH-2001,Furniture,5,450.0,0.5,-250.0,South,Consumer,Credit Card
ORD-2024-10699,2024-12-13,CUST-0193,OFF-LA-3006,Office Supplies,1,14.25,0.05,7.25,Central,Consumer,Credit Card
ORD-2024-11965,2024-12-13,CUST-0270,OFF-ST-3003,Office Supplies,1,23.75,0.05,9.75,South,Small Business,UPI
ORD-2024-12447,2024-12-13,CUST-0471,FUR-BK-2003,Furniture,1,198.0,0.1,23.0,North,Consumer,Debit Card
ORD-2024-14325,2024-12-13,CUST-0112,TEC-PH-1001,Technology,5,4037.5,0.05,1037.5,South,Consumer,Debit Card
ORD-2024-14793,2024-12-13,CUST-0024,OFF-ST-3003,Office Supplies,1,25.0,0.0,11.0,South,Small Business,UPI
ORD-2024-15151,2024-12-13,CUST-0280,TEC-MN-1003,Technology,3,810.0,0.1,180.0,East,Consumer,Credit Card
ORD-2024-15347,2024-12-13,CUST-0270,FUR-DS-2004,Furniture,3,960.0,0.0,180.0,South,Small Business,Credit Card
ORD-2024-15371,2024-12-13,CUST-0605,OFF-BI-3002,Office Supplies,1,9.6,0.2,4.6,North,Consumer,Net Banking
ORD-2023-10524,2024-12-14,CUST-0255,FUR-TB-2002,Furniture,1,405.0,0.1,15.0,West,Consumer,Debit Card
ORD-2023-11482,2024-12-14,CUST-0422,FUR-CH-2001,Furniture,2,180.0,0.5,-100.0,North,Consumer,Credit Card
ORD-2023-11560,2024-12-14,CUST-0491,TEC-PH-1001,Technology,2,1615.0,0.05,415.0,West,Corporate,UPI
ORD-2023-12162,2024-12-14,CUST-0395,OFF-ST-3003,Office Supplies,4,70.0,0.3,14.0,West,Corporate,Credit Card
ORD-2023-12776,2024-12-14,CUST-0367,FUR-DS-2004,Furniture,2,512.0,0.2,-8.0,South,Corporate,Net Banking
ORD-2023-13230,2024-12-14,CUST-0203,OFF-BI-3002,Office Supplies,2,22.8,0.05,12.8,South,Consumer,Debit Card
ORD-2023-13636,2024-12-14,CUST-0449,FUR-SF-2005,Furniture,1,455.0,0.3,-95.0,South,Corporate,UPI
ORD-2023-13790,2024-12-14,CUST-0495,FUR-SF-2005,Furniture,2,780.0,0.4,-320.0,North,Corporate,Debit Card
ORD-2023-14156,2024-12-14,CUST-0373,TEC-MN-1003,Technology,2,540.0,0.1,120.0,West,Consumer,UPI
ORD-2023-14666,2024-12-14,CUST-0539,OFF-ST-3003,Office Supplies,2,50.0,0.0,22.0,East,Consumer,UPI
ORD-2023-14864,2024-12-14,CUST-0395,OFF-BI-3002,Office Supplies,3,36.0,0.0,21.0,Central,Corporate,Debit Card
ORD-2023-14980,2024-12-14,CUST-0222,TEC-AC-1004,Technology,2,90.0,0.0,46.0,North,Consumer,Credit Card
ORD-2023-15022,2024-12-14,CUST-0497,TEC-PR-1005,Technology,1,250.0,0.0,60.0,South,Consumer,Cash on Delivery
ORD-2023-15278,2024-12-14,CUST-0637,TEC-PR-1005,Technology,2,500.0,0.0,120.0,North,Consumer,Credit Card
ORD-2024-10071,2024-12-14,CUST-0119,TEC-PH-1001,Technology,2,1615.0,0.05,415.0,East,Consumer,Credit Card
ORD-2024-10199,2024-12-14,CUST-0643,FUR-TB-2002,Furniture,1,360.0,0.2,-30.0,East,Corporate,Credit Card
ORD-2024-11081,2024-12-14,CUST-0381,TEC-MN-1003,Technology,1,270.0,0.1,60.0,South,Small Business,UPI
ORD-2024-11673,2024-12-14,CUST-0485,TEC-PH-1001,Technology,4,3400.0,0.0,1000.0,East,Small Business,UPI
ORD-2024-11789,2024-12-14,CUST-0350,OFF-ST-3003,Office Supplies,1,17.5,0.3,3.5,West,Consumer,Credit Card
ORD-2024-12089,2024-12-14,CUST-0551,OFF-AP-3004,Office Supplies,1,80.75,0.05,25.75,South,Consumer,Debit Card
ORD-2024-12637,2024-12-14,CUST-0268,TEC-LP-1002,Technology,1,1200.0,0.0,300.0,North,Consumer,Net Banking
ORD-2024-14173,2024-12-14,CUST-0153,OFF-ST-3003,Office Supplies,1,20.0,0.2,6.0,South,Consumer,UPI
ORD-2023-10810,2024-12-15,CUST-0501,OFF-BI-3002,Office Supplies,3,36.0,0.0,21.0,North,Corporate,Debit Card
ORD-2023-11314,2024-12-15,CUST-0438,TEC-AC-1004,Technology,2,81.0,0.1,37.0,East,Small Business,UPI
ORD-2023-12118,2024-12-15,CUST-0450,TEC-PR-1005,Technology,1,225.0,0.1,35.0,Central,Consumer,Credit Card
ORD-2023-13878,2024-12-15,CUST-0090,OFF-ST-3003,Office Supplies,1,25.0,0.0,11.0,North,Corporate,UPI
ORD-2023-14268,2024-12-15,CUST-0568,FUR-SF-2005,Furniture,1,520.0,0.2,-30.0,South,Consumer,Debit Card
ORD-2023-15134,2024-12-15,CUST-0581,OFF-EN-3005,Office Supplies,1,7.2,0.1,4.2,West,Small Business,UPI
ORD-2024-10437,2024-12-15,CUST-0284,FUR-BK-2003,Furniture,1,132.0,0.4,-43.0,North,Corporate,Credit Card
ORD-2024-10497,2024-12-15,CUST-0329,TEC-PR-1005,Technology,5,1062.5,0.15,112.5,Central,Corporate,Credit Card
ORD-2024-11187,2024-12-15,CUST-0624,FUR-CH-2001,Furniture,1,144.0,0.2,4.0,West,Corporate,Credit Card
ORD-2024-11357,2024-12-15,CUST-0440,TEC-PR-1005,Technology,2,500.0,0.0,120.0,North,Corporate,Debit Card
ORD-2024-11689,2024-12-15,CUST-0320,OFF-BI-3002,Office Supplies,2,19.2,0.2,9.2,North,Consumer,Credit Card
ORD-2024-12483,2024-12-15,CUST-0483,TEC-PR-1005,Technology,1,237.5,0.05,47.5,West,Corporate,Debit Card
ORD-2024-13183,2024-12-15,CUST-0045,FUR-TB-2002,Furniture,1,405.0,0.1,15.0,South,Consumer,Credit Card
ORD-2024-13969,2024-12-15,CUST-0549,TEC-MN-1003,Technology,1,255.0,0.15,45.0,West,Consumer,Credit Card
ORD-2024-14653,2024-12-15,CUST-0189,FUR-BK-2003,Furniture,5,1100.0,0.0,225.0,East,Consumer,Credit Card
ORD-2023-10688,2024-12-16,CUST-0396,TEC-PH-1001,Technology,1,807.5,0.05,207.5,East,Small Business,Credit Card
ORD-2023-12062,2024-12-16,CUST-0377,FUR-SF-2005,Furniture,1,520.0,0.2,-30.0,South,Consumer,Credit Card
ORD-2023-13078,2024-12-16,CUST-0049,FUR-DS-2004,Furniture,4,896.0,0.3,-144.0,North,Consumer,UPI
ORD-2023-14092,2024-12-16,CUST-0241,OFF-ST-3003,Office Supplies,2,47.5,0.05,19.5,East,Small Business,Debit Card
ORD-2023-14680,2024-12-16,CUST-0358,FUR-SF-2005,Furniture,1,455.0,0.3,-95.0,North,Consumer,Debit Card
ORD-2023-14760,2024-12-16,CUST-0011,FUR-CH-2001,Furniture,4,720.0,0.0,160.0,North,Corporate,UPI
ORD-2023-14972,2024-12-16,CUST-0514,TEC-LP-1002,Technology,2,2400.0,0.0,600.0,East,Corporate,UPI
ORD-2024-10181,2024-12-16,CUST-0060,TEC-PR-1005,Technology,1,250.0,0.0,60.0,Central,Consumer,UPI
ORD-2024-10501,2024-12-16,CUST-0503,OFF-PA-3001,Office Supplies,2,34.2,0.05,16.2,North,Corporate,UPI
ORD-2024-10879,2024-12-16,CUST-0164,FUR-SF-2005,Furniture,2,650.0,0.5,-450.0,South,Small Business,Debit Card
ORD-2024-11105,2024-12-16,CUST-0115,FUR-SF-2005,Furniture,2,1300.0,0.0,200.0,West,Consumer,Cash on Delivery
ORD-2024-11725,2024-12-16,CUST-0101,TEC-LP-1002,Technology,2,2040.0,0.15,240.0,East,Consumer,Debit Card
ORD-2024-12219,2024-12-16,CUST-0042,TEC-LP-1002,Technology,2,2400.0,0.0,600.0,North,Consumer,UPI
ORD-2024-12857,2024-12-16,CUST-0389,TEC-HD-1006,Technology,3,297.0,0.1,87.0,West,Consumer,Debit Card
ORD-2024-13239,2024-12-16,CUST-0100,OFF-AP-3004,Office Supplies,3,255.0,0.0,90.0,East,Consumer,Debit Card
ORD-2024-13333,2024-12-16,CUST-0132,TEC-MN-1003,Technology,1,300.0,0.0,90.0,South,Corporate,Debit Card
ORD-2024-13377,2024-12-16,CUST-0230,FUR-SF-2005,Furniture,1,455.0,0.3,-95.0,West,Consumer,UPI
ORD-2024-13793,2024-12-16,CUST-0033,OFF-EN-3005,Office Supplies,2,16.0,0.0,10.0,South,Corporate,Credit Card
ORD-2024-14433,2024-12-16,CUST-0584,OFF-BI-3002,Office Supplies,3,36.0,0.0,21.0,East,Consumer,UPI
ORD-2024-14935,2024-12-16,CUST-0216,OFF-BI-3002,Office Supplies,1,11.4,0.05,6.4,East,Small Business,UPI
ORD-2024-15019,2024-12-16,CUST-0607,OFF-PA-3001,Office Supplies,4,57.6,0.2,21.6,South,Corporate,Debit Card
ORD-2024-15077,2024-12-16,CUST-0629,OFF-LA-3006,Office Supplies,3,40.5,0.1,19.5,South,Consumer,Cash on Delivery
ORD-2024-15131,2024-12-16,CUST-0060,FUR-BK-2003,Furniture,3,528.0,0.2,3.0,Central,Consumer,UPI
ORD-2024-15133,2024-12-16,CUST-0023,OFF-EN-3005,Office Supplies,2,15.2,0.05,9.2,Central,Consumer,UPI
ORD-2024-15247,2024-12-16,CUST-0464,TEC-LP-1002,Technology,3,3240.0,0.1,540.0,North,Consumer,Credit Card
ORD-2023-11404,2024-12-17,CUST-0629,OFF-BI-3002,Office Supplies,3,36.0,0.0,21.0,South,Consumer,Credit Card
ORD-2023-11924,2024-12-17,CUST-0026,OFF-ST-3003,Office Supplies,8,190.0,0.05,78.0,West,Corporate,Cash on Delivery
ORD-2023-12150,2024-12-17,CUST-0232,OFF-AP-3004,Office Supplies,2,136.0,0.2,26.0,South,Consumer,Cash on Delivery
ORD-2023-12252,2024-12-17,CUST-0274,OFF-BI-3002,Office Supplies,1,12.0,0.0,7.0,West,Consumer,Debit Card
ORD-2023-12838,2024-12-17,CUST-0600,TEC-HD-1006,Technology,2,165.0,0.25,25.0,North,Consumer,Net Banking
ORD-2023-14344,2024-12-17,CUST-0535,FUR-BK-2003,Furniture,3,594.0,0.1,69.0,South,Consumer,Credit Card
ORD-2023-14702,2024-12-17,CUST-0069,TEC-PH-1001,Technology,3,2295.0,0.1,495.0,North,Corporate,UPI
ORD-2023-14896,2024-12-17,CUST-0353,FUR-TB-2002,Furniture,2,630.0,0.3,-150.0,South,Corporate,Credit Card
ORD-2023-14996,2024-12-17,CUST-0525,TEC-HD-1006,Technology,2,220.0,0.0,80.0,East,Corporate,Credit Card
ORD-2023-15120,2024-12-17,CUST-0609,OFF-LA-3006,Office Supplies,3,45.0,0.0,24.0,East,Corporate,Credit Card
ORD-2024-10573,2024-12-17,CUST-0019,TEC-HD-1006,Technology,3,330.0,0.0,120.0,Central,Corporate,Credit Card
ORD-2024-11093,2024-12-17,CUST-0325,FUR-TB-2002,Furniture,2,540.0,0.4,-240.0,North,Corporate,Credit Card
ORD-2024-11765,2024-12-17,CUST-0083,OFF-EN-3005,Office Supplies,1,7.6,0.05,4.6,Central,Consumer,Credit Card
ORD-2024-12897,2024-12-17,CUST-0104,TEC-HD-1006,Technology,3,330.0,0.0,120.0,South,Consumer,Debit Card
ORD-2024-13279,2024-12-17,CUST-0014,FUR-DS-2004,Furniture,2,384.0,0.4,-136.0,North,Consumer,Net Banking
ORD-2024-13365,2024-12-17,CUST-0257,OFF-LA-3006,Office Supplies,4,57.0,0.05,29.0,West,Consumer,UPI
ORD-2024-13459,2024-12-17,CUST-0120,TEC-HD-1006,Technology,1,99.0,0.1,29.0,Central,Corporate,UPI
ORD-2023-11186,2024-12-18,CUST-0524,OFF-AP-3004,Office Supplies,1,80.75,0.05,25.75,East,Consumer,Credit Card
ORD-2023-11678,2024-12-18,CUST-0566,FUR-CH-2001,Furniture,2,216.0,0.4,-64.0,North,Consumer,Net Banking
ORD-2023-11724,2024-12-18,CUST-0549,TEC-LP-1002,Technology,2,2040.0,0.15,240.0,South,Consumer,Credit Card
ORD-2023-12184,2024-12-18,CUST-0023,OFF-BI-3002,Office Supplies,1,11.4,0.05,6.4,East,Consumer,Credit Card
ORD-2023-12950,2024-12-18,CUST-0464,TEC-HD-1006,Technology,1,99.0,0.1,29.0,North,Consumer,Credit Card
ORD-2023-13470,2024-12-18,CUST-0230,FUR-CH-2001,Furniture,3,540.0,0.0,120.0,West,Consumer,Debit Card
ORD-2023-14460,2024-12-18,CUST-0642,TEC-AC-1004,Technology,1,33.75,0.25,11.75,West,Consumer,Debit Card
ORD-2023-15084,2024-12-18,CUST-0577,TEC-AC-1004,Technology,3,128.25,0.05,62.25,East,Corporate,UPI
ORD-2024-10425,2024-12-18,CUST-0535,OFF-ST-3003,Office Supplies,1,25.0,0.0,11.0,South,Consumer,Credit Card
ORD-2024-11849,2024-12-18,CUST-0290,OFF-PA-3001,Office Supplies,4,72.0,0.0,36.0,West,Consumer,Credit Card
ORD-2024-12159,2024-12-18,CUST-0637,TEC-LP-1002,Technology,1,1200.0,0.0,300.0,North,Consumer,Credit Card
ORD-2024-12273,2024-12-18,CUST-0126,TEC-PH-1001,Technology,3,2550.0,0.0,750.0,West,Consumer,Debit Card
ORD-2024-12435,2024-12-18,CUST-0448,OFF-ST-3003,Office Supplies,1,25.0,0.0,11.0,West,Consumer,UPI
ORD-2024-13453,2024-12-18,CUST-0568,OFF-AP-3004,Office Supplies,2,119.0,0.3,9.0,South,Consumer,Credit Card
ORD-2024-13519,2024-12-18,CUST-0325,FUR-BK-2003,Furniture,1,110.0,0.5,-65.0,East,Corporate,UPI
ORD-2024-13543,2024-12-18,CUST-0636,TEC-HD-1006,Technology,1,104.5,0.05,34.5,Central,Consumer,Debit Card
ORD-2024-14073,2024-12-18,CUST-0280,FUR-TB-2002,Furniture,1,270.0,0.4,-120.0,East,Consumer,Credit Card
ORD-2024-14397,2024-12-18,CUST-0295,TEC-AC-1004,Technology,1,40.5,0.1,18.5,North,Consumer,UPI
ORD-2024-14505,2024-12-18,CUST-0535,OFF-AP-3004,Office Supplies,1,85.0,0.0,30.0,South,Consumer,UPI
ORD-2023-10352,2024-12-19,CUST-0211,FUR-SF-2005,Furniture,2,1040.0,0.2,-60.0,West,Corporate,Net Banking
ORD-2023-10646,2024-12-19,CUST-0507,TEC-HD-1006,Technology,5,467.5,0.15,117.5,Central,Consumer,UPI
ORD-2023-11402,2024-12-19,CUST-0039,OFF-AP-3004,Office Supplies,1,85.0,0.0,30.0,East,Corporate,Credit Card
ORD-2023-14762,2024-12-19,CUST-0514,FUR-CH-2001,Furniture,1,126.0,0.3,-14.0,East,Corporate,Debit Card
ORD-2023-14856,2024-12-19,CUST-0046,TEC-PH-1001,Technology,2,1615.0,0.05,415.0,West,Consumer,Net Banking
ORD-2024-11219,2024-12-19,CUST-0395,OFF-BI-3002,Office Supplies,1,11.4,0.05,6.4,Central,Corporate,Net Banking
ORD-2024-11333,2024-12-19,CUST-0508,FUR-SF-2005,Furniture,1,650.0,0.0,100.0,South,Small Business,UPI
ORD-2024-11875,2024-12-19,CUST-0234,OFF-BI-3002,Office Supplies,1,10.8,0.1,5.8,West,Consumer,Credit Card
ORD-2024-12801,2024-12-19,CUST-0326,OFF-BI-3002,Office Supplies,2,22.8,0.05,12.8,East,Consumer,Credit Card
ORD-2023-10248,2024-12-20,CUST-0145,FUR-CH-2001,Furniture,2,360.0,0.0,80.0,North,Corporate,Debit Card
ORD-2023-10422,2024-12-20,CUST-0469,OFF-AP-3004,Office Supplies,2,170.0,0.0,60.0,North,Corporate,Credit Card
ORD-2023-10664,2024-12-20,CUST-0133,OFF-LA-3006,Office Supplies,1,13.5,0.1,6.5,South,Small Business,Net Banking
ORD-2023-11454,2024-12-20,CUST-0274,OFF-PA-3001,Office Supplies,3,54.0,0.0,27.0,West,Consumer,Debit Card
ORD-2023-11738,2024-12-20,CUST-0358,TEC-HD-1006,Technology,1,104.5,0.05,34.5,North,Consumer,UPI
ORD-2023-11858,2024-12-20,CUST-0275,OFF-LA-3006,Office Supplies,2,28.5,0.05,14.5,South,Consumer,UPI
ORD-2023-11926,2024-12-20,CUST-0604,OFF-EN-3005,Office Supplies,1,8.0,0.0,5.0,East,Consumer,Debit Card
ORD-2023-11974,2024-12-20,CUST-0594,FUR-SF-2005,Furniture,1,455.0,0.3,-95.0,North,Small Business,Credit Card
ORD-2023-12612,2024-12-20,CUST-0450,OFF-BI-3002,Office Supplies,5,57.0,0.05,32.0,Central,Consumer,UPI
ORD-2023-13018,2024-12-20,CUST-0325,TEC-MN-1003,Technology,1,285.0,0.05,75.0,North,Corporate,Credit Card
ORD-2023-15352,2024-12-20,CUST-0535,OFF-LA-3006,Office Supplies,3,36.0,0.2,15.0,South,Consumer,Credit Card
ORD-2024-10193,2024-12-20,CUST-0320,TEC-PR-1005,Technology,1,187.5,0.25,-2.5,North,Consumer,Credit Card
ORD-2024-11445,2024-12-20,CUST-0566,OFF-LA-3006,Office Supplies,3,40.5,0.1,19.5,North,Consumer,Credit Card
ORD-2024-12271,2024-12-20,CUST-0174,TEC-LP-1002,Technology,1,1140.0,0.05,240.0,East,Consumer,Debit Card
ORD-2024-13193,2024-12-20,CUST-0199,FUR-CH-2001,Furniture,1,126.0,0.3,-14.0,South,Small Business,Debit Card
ORD-2024-13837,2024-12-20,CUST-0203,TEC-AC-1004,Technology,10,450.0,0.0,230.0,South,Consumer,Cash on Delivery
ORD-2024-14627,2024-12-20,CUST-0356,FUR-TB-2002,Furniture,1,450.0,0.0,60.0,West,Corporate,UPI
ORD-2023-10328,2024-12-21,CUST-0102,OFF-LA-3006,Office Supplies,2,30.0,0.0,16.0,West,Corporate,Debit Card
ORD-2023-10436,2024-12-21,CUST-0125,TEC-PH-1001,Technology,1,807.5,0.05,207.5,East,Consumer,Credit Card
ORD-2023-10948,2024-12-21,CUST-0150,OFF-AP-3004,Office Supplies,5,425.0,0.0,150.0,Central,Corporate,Credit Card
ORD-2023-10974,2024-12-21,CUST-0164,FUR-TB-2002,Furniture,3,1215.0,0.1,45.0,South,Small Business,Credit Card
ORD-2023-11664,2024-12-21,CUST-0116,FUR-SF-2005,Furniture,1,455.0,0.3,-95.0,East,Corporate,Net Banking
ORD-2023-14802,2024-12-21,CUST-0583,OFF-BI-3002,Office Supplies,5,57.0,0.05,32.0,North,Consumer,Cash on Delivery
ORD-2023-15430,2024-12-21,CUST-0285,TEC-HD-1006,Technology,1,110.0,0.0,40.0,West,Consumer,Credit Card
ORD-2024-10177,2024-12-21,CUST-0014,TEC-LP-1002,Technology,1,1080.0,0.1,180.0,North,Consumer,Credit Card
ORD-2024-13725,2024-12-21,CUST-0421,FUR-SF-2005,Furniture,1,520.0,0.2,-30.0,West,Consumer,Credit Card
ORD-2024-13843,2024-12-21,CUST-0293,FUR-TB-2002,Furniture,1,360.0,0.2,-30.0,East,Corporate,Debit Card
ORD-2024-14401,2024-12-21,CUST-0356,TEC-PR-1005,Technology,3,637.5,0.15,67.5,North,Corporate,Cash on Delivery
ORD-2024-15307,2024-12-21,CUST-0232,FUR-SF-2005,Furniture,2,1170.0,0.1,70.0,North,Consumer,Credit Card
ORD-2024-15469,2024-12-21,CUST-0437,FUR-DS-2004,Furniture,1,256.0,0.2,-4.0,West,Consumer,Credit Card
ORD-2023-10480,2024-12-22,CUST-0234,FUR-TB-2002,Furniture,2,900.0,0.0,120.0,East,Consumer,UPI
ORD-2023-10502,2024-12-22,CUST-0097,FUR-SF-2005,Furniture,1,390.0,0.4,-160.0,East,Consumer,Credit Card
ORD-2023-11830,2024-12-22,CUST-0345,TEC-MN-1003,Technology,1,300.0,0.0,90.0,East,Consumer,Credit Card
ORD-2023-12304,2024-12-22,CUST-0408,FUR-BK-2003,Furniture,2,352.0,0.2,2.0,Central,Consumer,UPI
ORD-2023-13270,2024-12-22,CUST-0642,OFF-AP-3004,Office Supplies,3,204.0,0.2,39.0,West,Consumer,Debit Card
ORD-2023-13692,2024-12-22,CUST-0397,OFF-ST-3003,Office Supplies,2,47.5,0.05,19.5,West,Consumer,Credit Card
ORD-2023-14490,2024-12-22,CUST-0125,OFF-PA-3001,Office Supplies,1,17.1,0.05,8.1,Central,Consumer,Credit Card
ORD-2023-15006,2024-12-22,CUST-0557,TEC-LP-1002,Technology,2,2280.0,0.05,480.0,West,Consumer,Credit Card
ORD-2023-15220,2024-12-22,CUST-0265,OFF-AP-3004,Office Supplies,2,161.5,0.05,51.5,East,Corporate,Debit Card
ORD-2023-15368,2024-12-22,CUST-0331,FUR-CH-2001,Furniture,3,378.0,0.3,-42.0,East,Corporate,UPI
ORD-2024-12565,2024-12-22,CUST-0430,TEC-PR-1005,Technology,1,250.0,0.0,60.0,North,Consumer,Credit Card
ORD-2024-12633,2024-12-22,CUST-0634,OFF-PA-3001,Office Supplies,4,72.0,0.0,36.0,East,Corporate,UPI
ORD-2024-13025,2024-12-22,CUST-0117,OFF-BI-3002,Office Supplies,4,45.6,0.05,25.6,East,Consumer,Debit Card
ORD-2024-13079,2024-12-22,CUST-0014,TEC-HD-1006,Technology,2,165.0,0.25,25.0,North,Consumer,Credit Card
ORD-2024-13113,2024-12-22,CUST-0498,TEC-PR-1005,Technology,5,1250.0,0.0,300.0,North,Consumer,Debit Card
ORD-2024-13517,2024-12-22,CUST-0395,TEC-HD-1006,Technology,3,297.0,0.1,87.0,North,Corporate,UPI
ORD-2024-13631,2024-12-22,CUST-0265,OFF-PA-3001,Office Supplies,4,68.4,0.05,32.4,East,Corporate,Debit Card
ORD-2023-10888,2024-12-23,CUST-0418,FUR-DS-2004,Furniture,1,256.0,0.2,-4.0,North,Consumer,Credit Card
ORD-2023-11262,2024-12-23,CUST-0386,FUR-CH-2001,Furniture,2,288.0,0.2,8.0,North,Corporate,UPI
ORD-2023-11414,2024-12-23,CUST-0400,OFF-LA-3006,Office Supplies,1,14.25,0.05,7.25,West,Small Business,UPI
ORD-2023-12026,2024-12-23,CUST-0173,FUR-TB-2002,Furniture,1,315.0,0.3,-75.0,West,Consumer,Credit Card
ORD-2023-12622,2024-12-23,CUST-0494,TEC-PR-1005,Technology,3,562.5,0.25,-7.5,West,Consumer,UPI
ORD-2023-13390,2024-12-23,CUST-0033,OFF-BI-3002,Office Supplies,3,32.4,0.1,17.4,South,Corporate,UPI
ORD-2023-14010,2024-12-23,CUST-0573,OFF-PA-3001,Office Supplies,1,18.0,0.0,9.0,East,Consumer,Credit Card
ORD-2023-14420,2024-12-23,CUST-0569,OFF-ST-3003,Office Supplies,3,75.0,0.0,33.0,North,Consumer,Credit Card
ORD-2023-14544,2024-12-23,CUST-0213,OFF-EN-3005,Office Supplies,3,19.2,0.2,10.2,North,Corporate,Debit Card
ORD-2024-10693,2024-12-23,CUST-0507,FUR-TB-2002,Furniture,1,450.0,0.0,60.0,Central,Consumer,UPI
ORD-2024-11723,2024-12-23,CUST-0074,TEC-PR-1005,Technology,3,750.0,0.0,180.0,East,Small Business,UPI
ORD-2024-12737,2024-12-23,CUST-0326,FUR-CH-2001,Furniture,4,504.0,0.3,-56.0,South,Consumer,Debit Card
ORD-2024-13069,2024-12-23,CUST-0386,TEC-HD-1006,Technology,3,330.0,0.0,120.0,North,Corporate,Cash on Delivery
ORD-2024-13347,2024-12-23,CUST-0507,TEC-MN-1003,Technology,3,765.0,0.15,135.0,Central,Consumer,Credit Card
ORD-2024-13767,2024-12-23,CUST-0202,OFF-AP-3004,Office Supplies,2,161.5,0.05,51.5,North,Consumer,UPI
ORD-2024-14431,2024-12-23,CUST-0200,OFF-BI-3002,Office Supplies,10,114.0,0.05,64.0,North,Consumer,Debit Card
ORD-2024-14831,2024-12-23,CUST-0164,TEC-LP-1002,Technology,1,1200.0,0.0,300.0,South,Small Business,Credit Card
ORD-2024-14837,2024-12-23,CUST-0508,OFF-AP-3004,Office Supplies,1,80.75,0.05,25.75,South,Small Business,Credit Card
ORD-2024-15473,2024-12-23,CUST-0401,OFF-LA-3006,Office Supplies,5,75.0,0.0,40.0,North,Corporate,Credit Card
ORD-2023-11778,2024-12-24,CUST-0031,OFF-LA-3006,Office Supplies,1,15.0,0.0,8.0,West,Consumer,UPI
ORD-2023-11844,2024-12-24,CUST-0494,FUR-SF-2005,Furniture,2,1170.0,0.1,70.0,West,Consumer,Credit Card
ORD-2023-12090,2024-12-24,CUST-0484,OFF-AP-3004,Office Supplies,1,85.0,0.0,30.0,East,Corporate,UPI
ORD-2023-12208,2024-12-24,CUST-0430,TEC-PH-1001,Technology,1,850.0,0.0,250.0,North,Consumer,Credit Card
ORD-2023-12568,2024-12-24,CUST-0141,FUR-SF-2005,Furniture,1,585.0,0.1,35.0,East,Corporate,Credit Card
ORD-2023-12698,2024-12-24,CUST-0265,OFF-BI-3002,Office Supplies,1,12.0,0.0,7.0,East,Corporate,Debit Card
ORD-2023-13264,2024-12-24,CUST-0209,OFF-EN-3005,Office Supplies,1,8.0,0.0,5.0,South,Corporate,Debit Card
ORD-2024-10227,2024-12-24,CUST-0154,TEC-LP-1002,Technology,2,2400.0,0.0,600.0,North,Consumer,UPI
ORD-2024-11227,2024-12-24,CUST-0566,TEC-MN-1003,Technology,2,600.0,0.0,180.0,North,Consumer,UPI
ORD-2024-11233,2024-12-24,CUST-0111,OFF-BI-3002,Office Supplies,1,10.8,0.1,5.8,West,Consumer,UPI
ORD-2024-11415,2024-12-24,CUST-0626,FUR-CH-2001,Furniture,3,324.0,0.4,-96.0,East,Corporate,UPI
ORD-2024-11687,2024-12-24,CUST-0345,TEC-HD-1006,Technology,1,110.0,0.0,40.0,North,Consumer,Credit Card
ORD-2024-12477,2024-12-24,CUST-0605,TEC-MN-1003,Technology,4,1200.0,0.0,360.0,North,Consumer,Credit Card
ORD-2024-13057,2024-12-24,CUST-0429,OFF-EN-3005,Office Supplies,3,22.8,0.05,13.8,East,Consumer,UPI
ORD-2024-13313,2024-12-24,CUST-0585,TEC-PR-1005,Technology,1,250.0,0.0,60.0,North,Consumer,Debit Card
ORD-2024-14171,2024-12-24,CUST-0568,FUR-BK-2003,Furniture,5,770.0,0.3,-105.0,South,Consumer,Credit Card
ORD-2024-15089,2024-12-24,CUST-0344,TEC-AC-1004,Technology,2,90.0,0.0,46.0,North,Small Business,Credit Card
ORD-2023-10448,2024-12-25,CUST-0396,FUR-CH-2001,Furniture,4,648.0,0.1,88.0,East,Small Business,Debit Card
ORD-2023-11040,2024-12-25,CUST-0429,TEC-HD-1006,Technology,1,93.5,0.15,23.5,East,Consumer,Credit Card
ORD-2023-11598,2024-12-25,CUST-0274,FUR-DS-2004,Furniture,1,256.0,0.2,-4.0,West,Consumer,Net Banking
ORD-2023-11690,2024-12-25,CUST-0508,OFF-EN-3005,Office Supplies,1,8.0,0.0,5.0,South,Small Business,UPI
ORD-2023-13784,2024-12-25,CUST-0472,TEC-HD-1006,Technology,1,104.5,0.05,34.5,East,Consumer,Credit Card
ORD-2023-15056,2024-12-25,CUST-0200,FUR-CH-2001,Furniture,1,180.0,0.0,40.0,West,Consumer,Credit Card
ORD-2024-11437,2024-12-25,CUST-0392,TEC-HD-1006,Technology,3,330.0,0.0,120.0,East,Consumer,Credit Card
ORD-2024-11467,2024-12-25,CUST-0220,OFF-BI-3002,Office Supplies,2,21.6,0.1,11.6,East,Consumer,Credit Card
ORD-2024-12163,2024-12-25,CUST-0608,FUR-CH-2001,Furniture,2,360.0,0.0,80.0,East,Consumer,UPI
ORD-2024-12387,2024-12-25,CUST-0358,OFF-BI-3002,Office Supplies,1,10.8,0.1,5.8,North,Consumer,Cash on Delivery
ORD-2024-12585,2024-12-25,CUST-0576,TEC-HD-1006,Technology,3,297.0,0.1,87.0,East,Consumer,Credit Card
ORD-2024-12655,2024-12-25,CUST-0118,TEC-MN-1003,Technology,1,285.0,0.05,75.0,East,Small Business,Debit Card
ORD-2024-13445,2024-12-25,CUST-0237,TEC-PR-1005,Technology,1,250.0,0.0,60.0,East,Consumer,Credit Card
ORD-2024-13771,2024-12-25,CUST-0141,OFF-AP-3004,Office Supplies,3,255.0,0.0,90.0,West,Corporate,UPI
ORD-2024-14037,2024-12-25,CUST-0285,FUR-BK-2003,Furniture,1,110.0,0.5,-65.0,West,Consumer,UPI
ORD-2024-14411,2024-12-25,CUST-0367,OFF-BI-3002,Office Supplies,1,12.0,0.0,7.0,Central,Corporate,UPI
ORD-2024-15015,2024-12-25,CUST-0243,OFF-PA-3001,Office Supplies,2,36.0,0.0,18.0,West,Consumer,Credit Card
ORD-2023-11112,2024-12-26,CUST-0574,TEC-PR-1005,Technology,4,950.0,0.05,190.0,North,Consumer,UPI
ORD-2023-12516,2024-12-26,CUST-0060,FUR-DS-2004,Furniture,2,512.0,0.2,-8.0,Central,Consumer,Debit Card
ORD-2023-13456,2024-12-26,CUST-0241,FUR-DS-2004,Furniture,1,288.0,0.1,28.0,North,Small Business,Credit Card
ORD-2023-14058,2024-12-26,CUST-0005,TEC-HD-1006,Technology,1,104.5,0.05,34.5,North,Small Business,Credit Card
ORD-2023-14600,2024-12-26,CUST-0311,OFF-BI-3002,Office Supplies,1,12.0,0.0,7.0,West,Consumer,Credit Card
ORD-2023-14718,2024-12-26,CUST-0166,TEC-PR-1005,Technology,1,237.5,0.05,47.5,East,Consumer,Credit Card
ORD-2023-15164,2024-12-26,CUST-0028,TEC-PH-1001,Technology,5,4037.5,0.05,1037.5,West,Corporate,UPI
ORD-2023-15172,2024-12-26,CUST-0198,OFF-PA-3001,Office Supplies,1,17.1,0.05,8.1,East,Corporate,UPI
ORD-2024-10509,2024-12-26,CUST-0312,FUR-BK-2003,Furniture,3,462.0,0.3,-63.0,North,Corporate,Cash on Delivery
ORD-2024-10623,2024-12-26,CUST-0214,OFF-BI-3002,Office Supplies,1,10.8,0.1,5.8,North,Consumer,UPI
ORD-2024-11117,2024-12-26,CUST-0071,TEC-LP-1002,Technology,2,2400.0,0.0,600.0,East,Corporate,UPI
ORD-2024-12455,2024-12-26,CUST-0375,TEC-AC-1004,Technology,3,135.0,0.0,69.0,West,Small Business,Debit Card
ORD-2024-13475,2024-12-26,CUST-0012,FUR-SF-2005,Furniture,1,585.0,0.1,35.0,Central,Small Business,Net Banking
ORD-2024-13645,2024-12-26,CUST-0159,OFF-BI-3002,Office Supplies,2,22.8,0.05,12.8,Central,Corporate,Credit Card
ORD-2024-13791,2024-12-26,CUST-0429,FUR-TB-2002,Furniture,2,810.0,0.1,30.0,East,Consumer,Debit Card
ORD-2024-13881,2024-12-26,CUST-0157,TEC-PR-1005,Technology,1,250.0,0.0,60.0,Central,Consumer,Net Banking
ORD-2024-14561,2024-12-26,CUST-0071,FUR-DS-2004,Furniture,2,512.0,0.2,-8.0,East,Corporate,Cash on Delivery
ORD-2024-15381,2024-12-26,CUST-0202,FUR-TB-2002,Furniture,8,2880.0,0.2,-240.0,North,Consumer,Credit Card
ORD-2023-10040,2024-12-27,CUST-0042,OFF-ST-3003,Office Supplies,1,25.0,0.0,11.0,North,Consumer,Credit Card
ORD-2023-12388,2024-12-27,CUST-0234,OFF-ST-3003,Office Supplies,2,47.5,0.05,19.5,East,Consumer,Debit Card
ORD-2023-13172,2024-12-27,CUST-0104,FUR-CH-2001,Furniture,1,144.0,0.2,4.0,South,Consumer,Credit Card
ORD-2024-11307,2024-12-27,CUST-0428,FUR-CH-2001,Furniture,3,432.0,0.2,12.0,Central,Corporate,Credit Card
ORD-2024-11991,2024-12-27,CUST-0271,FUR-CH-2001,Furniture,2,252.0,0.3,-28.0,West,Small Business,Credit Card
ORD-2024-13045,2024-12-27,CUST-0215,OFF-BI-3002,Office Supplies,1,11.4,0.05,6.4,South,Consumer,UPI
ORD-2024-14007,2024-12-27,CUST-0293,OFF-AP-3004,Office Supplies,3,242.25,0.05,77.25,East,Corporate,Credit Card
ORD-2024-15233,2024-12-27,CUST-0187,TEC-PR-1005,Technology,1,225.0,0.1,35.0,East,Corporate,Credit Card
ORD-2024-15343,2024-12-27,CUST-0583,OFF-EN-3005,Office Supplies,2,16.0,0.0,10.0,Central,Consumer,Debit Card
ORD-2023-11312,2024-12-28,CUST-0273,FUR-CH-2001,Furniture,10,1440.0,0.2,40.0,South,Corporate,Debit Card
ORD-2023-12826,2024-12-28,CUST-0147,OFF-AP-3004,Office Supplies,4,340.0,0.0,120.0,South,Corporate,Net Banking
ORD-2023-13560,2024-12-28,CUST-0349,TEC-PH-1001,Technology,4,3230.0,0.05,830.0,East,Small Business,UPI
ORD-2023-14020,2024-12-28,CUST-0494,FUR-DS-2004,Furniture,2,512.0,0.2,-8.0,West,Consumer,Cash on Delivery
ORD-2023-14920,2024-12-28,CUST-0150,OFF-ST-3003,Office Supplies,8,190.0,0.05,78.0,South,Corporate,Credit Card
ORD-2024-10899,2024-12-28,CUST-0535,OFF-PA-3001,Office Supplies,3,48.6,0.1,21.6,South,Consumer,UPI
ORD-2024-11095,2024-12-28,CUST-0640,TEC-LP-1002,Technology,3,3600.0,0.0,900.0,South,Corporate,Debit Card
ORD-2024-11577,2024-12-28,CUST-0023,OFF-PA-3001,Office Supplies,2,34.2,0.05,16.2,West,Consumer,UPI
ORD-2024-12863,2024-12-28,CUST-0038,OFF-BI-3002,Office Supplies,1,12.0,0.0,7.0,Central,Consumer,Debit Card
ORD-2024-12917,2024-12-28,CUST-0049,TEC-PH-1001,Technology,3,2550.0,0.0,750.0,North,Consumer,Credit Card
ORD-2024-13541,2024-12-28,CUST-0150,OFF-BI-3002,Office Supplies,5,54.0,0.1,29.0,South,Corporate,Credit Card
ORD-2024-15161,2024-12-28,CUST-0115,TEC-PR-1005,Technology,5,937.5,0.25,-12.5,South,Consumer,UPI
ORD-2023-10616,2024-12-29,CUST-0211,FUR-DS-2004,Furniture,2,512.0,0.2,-8.0,West,Corporate,Credit Card
ORD-2023-10892,2024-12-29,CUST-0569,FUR-SF-2005,Furniture,2,780.0,0.4,-320.0,North,Consumer,UPI
ORD-2023-11022,2024-12-29,CUST-0111,OFF-EN-3005,Office Supplies,2,16.0,0.0,10.0,West,Consumer,Credit Card
ORD-2023-12494,2024-12-29,CUST-0197,TEC-MN-1003,Technology,3,810.0,0.1,180.0,North,Consumer,Credit Card
ORD-2023-13586,2024-12-29,CUST-0330,FUR-TB-2002,Furniture,4,1800.0,0.0,240.0,North,Consumer,UPI
ORD-2023-14672,2024-12-29,CUST-0385,FUR-BK-2003,Furniture,1,176.0,0.2,1.0,West,Corporate,Credit Card
ORD-2023-14990,2024-12-29,CUST-0317,TEC-PR-1005,Technology,1,187.5,0.25,-2.5,East,Small Business,UPI
ORD-2023-15078,2024-12-29,CUST-0422,TEC-LP-1002,Technology,2,2280.0,0.05,480.0,North,Consumer,Credit Card
ORD-2024-10237,2024-12-29,CUST-0122,OFF-EN-3005,Office Supplies,1,7.6,0.05,4.6,Central,Corporate,Debit Card
ORD-2024-11651,2024-12-29,CUST-0363,FUR-BK-2003,Furniture,1,220.0,0.0,45.0,North,Corporate,Credit Card
ORD-2024-12169,2024-12-29,CUST-0069,TEC-MN-1003,Technology,5,1500.0,0.0,450.0,North,Corporate,UPI
ORD-2024-12393,2024-12-29,CUST-0314,OFF-EN-3005,Office Supplies,1,7.6,0.05,4.6,North,Corporate,UPI
ORD-2024-12713,2024-12-29,CUST-0157,OFF-BI-3002,Office Supplies,3,34.2,0.05,19.2,Central,Consumer,UPI
ORD-2024-12979,2024-12-29,CUST-0400,TEC-AC-1004,Technology,2,85.5,0.05,41.5,West,Small Business,Credit Card
ORD-2024-13169,2024-12-29,CUST-0197,FUR-BK-2003,Furniture,8,1760.0,0.0,360.0,North,Consumer,Debit Card
ORD-2024-14955,2024-12-29,CUST-0356,TEC-PR-1005,Technology,4,1000.0,0.0,240.0,North,Corporate,UPI
ORD-2024-15063,2024-12-29,CUST-0551,FUR-SF-2005,Furniture,2,1040.0,0.2,-60.0,South,Consumer,UPI
ORD-2024-15159,2024-12-29,CUST-0416,TEC-MN-1003,Technology,1,300.0,0.0,90.0,North,Corporate,Credit Card
ORD-2024-15283,2024-12-29,CUST-0056,OFF-PA-3001,Office Supplies,2,34.2,0.05,16.2,South,Small Business,Credit Card
ORD-2023-10658,2024-12-30,CUST-0265,FUR-SF-2005,Furniture,1,455.0,0.3,-95.0,East,Corporate,Credit Card
ORD-2023-12582,2024-12-30,CUST-0065,FUR-CH-2001,Furniture,4,648.0,0.1,88.0,South,Small Business,Debit Card
ORD-2023-13890,2024-12-30,CUST-0055,TEC-PR-1005,Technology,2,500.0,0.0,120.0,East,Corporate,Credit Card
ORD-2023-14636,2024-12-30,CUST-0428,OFF-ST-3003,Office Supplies,1,20.0,0.2,6.0,East,Corporate,Debit Card
ORD-2024-10631,2024-12-30,CUST-0283,OFF-PA-3001,Office Supplies,2,36.0,0.0,18.0,Central,Consumer,Debit Card
ORD-2024-10737,2024-12-30,CUST-0024,OFF-LA-3006,Office Supplies,5,71.25,0.05,36.25,West,Small Business,Debit Card
ORD-2024-10971,2024-12-30,CUST-0270,FUR-CH-2001,Furniture,2,252.0,0.3,-28.0,South,Small Business,Credit Card
ORD-2024-11761,2024-12-30,CUST-0241,TEC-AC-1004,Technology,1,45.0,0.0,23.0,North,Small Business,Credit Card
ORD-2024-11885,2024-12-30,CUST-0343,TEC-HD-1006,Technology,2,187.0,0.15,47.0,West,Small Business,Credit Card
ORD-2024-12155,2024-12-30,CUST-0607,OFF-ST-3003,Office Supplies,1,23.75,0.05,9.75,South,Corporate,Credit Card
ORD-2024-12203,2024-12-30,CUST-0559,FUR-CH-2001,Furniture,1,144.0,0.2,4.0,South,Corporate,UPI
ORD-2024-12345,2024-12-30,CUST-0414,TEC-LP-1002,Technology,2,2280.0,0.05,480.0,West,Consumer,Credit Card
ORD-2024-12429,2024-12-30,CUST-0525,FUR-DS-2004,Furniture,3,864.0,0.1,84.0,West,Corporate,Credit Card
ORD-2024-12937,2024-12-30,CUST-0507,FUR-BK-2003,Furniture,1,154.0,0.3,-21.0,North,Consumer,Credit Card
ORD-2024-13007,2024-12-30,CUST-0584,TEC-PR-1005,Technology,2,500.0,0.0,120.0,East,Consumer,Debit Card
ORD-2024-13087,2024-12-30,CUST-0135,FUR-TB-2002,Furniture,1,405.0,0.1,15.0,West,Corporate,Credit Card
ORD-2024-13119,2024-12-30,CUST-0399,OFF-EN-3005,Office Supplies,1,8.0,0.0,5.0,West,Consumer,Cash on Delivery
ORD-2024-13167,2024-12-30,CUST-0009,FUR-CH-2001,Furniture,1,108.0,0.4,-32.0,West,Consumer,Credit Card
ORD-2024-13637,2024-12-30,CUST-0502,OFF-BI-3002,Office Supplies,2,24.0,0.0,14.0,South,Consumer,Credit Card
ORD-2024-14649,2024-12-30,CUST-0145,OFF-EN-3005,Office Supplies,1,8.0,0.0,5.0,North,Corporate,UPI
ORD-2023-10516,2024-12-31,CUST-0410,TEC-AC-1004,Technology,1,38.25,0.15,16.25,Central,Consumer,Net Banking
ORD-2023-10930,2024-12-31,CUST-0187,TEC-AC-1004,Technology,1,45.0,0.0,23.0,North,Corporate,UPI
ORD-2023-11434,2024-12-31,CUST-0647,OFF-BI-3002,Office Supplies,1,11.4,0.05,6.4,North,Consumer,Credit Card
ORD-2023-11896,2024-12-31,CUST-0074,TEC-AC-1004,Technology,1,45.0,0.0,23.0,West,Small Business,UPI
ORD-2023-13220,2024-12-31,CUST-0020,TEC-HD-1006,Technology,1,110.0,0.0,40.0,North,Consumer,Debit Card
ORD-2024-12401,2024-12-31,CUST-0010,TEC-MN-1003,Technology,2,570.0,0.05,150.0,East,Corporate,Credit Card
ORD-2024-12433,2024-12-31,CUST-0075,TEC-HD-1006,Technology,2,209.0,0.05,69.0,South,Consumer,Credit Card
ORD-2024-13941,2024-12-31,CUST-0314,FUR-TB-2002,Furniture,2,630.0,0.3,-150.0,North,Corporate,UPI
ORD-2024-14615,2024-12-31,CUST-0545,TEC-PH-1001,Technology,1,765.0,0.1,165.0,West,Corporate,Credit Card
ORD-2024-14895,2024-12-31,CUST-0166,TEC-PH-1001,Technology,2,1700.0,0.0,500.0,East,Consumer,Debit Card
